task,mouse,subject,session,training_day,trial_index,cue_on_time,cue_duration,n_oncue_pokes,n_offcue_pokes,n_offcue_licks,first_oncue_poke_time,first_offcue_poke_time,first_lick_after_oncue_poke_time,reward_time,action_sequence_category,engaged,licked_after_poke,rewarded,cue_to_first_oncue_poke_latency,poke_to_first_lick_latency,lick_to_reward_latency,previous_trial_category,previous_trial_rewarded,previous_trial_engaged
Generalization,m90,m90_GenLight_400,1,1,1,1766908218.01,8.092,0,2,8,NaN,8.677,NaN,NaN,offcue_poke_only,False,False,False,NaN,NaN,NaN,,,
Generalization,m90,m90_GenLight_400,1,1,2,1766908266.099,8.046,0,0,0,NaN,NaN,NaN,NaN,no_response,False,False,False,NaN,NaN,NaN,offcue_poke_only,False,False
Generalization,m90,m90_GenLight_400,1,1,3,1766908302.238,8.086,0,4,14,NaN,16.003,NaN,NaN,offcue_poke_only,False,False,False,NaN,NaN,NaN,no_response,False,False
Generalization,m90,m90_GenLight_400,1,1,4,1766908344.347,8.122,0,3,8,NaN,9.474,NaN,NaN,offcue_poke_only,False,False,False,NaN,NaN,NaN,offcue_poke_only,False,False
Generalization,m90,m90_GenLight_400,1,1,5,1766908387.053,8.07,0,7,16,NaN,12.928,NaN,NaN,offcue_poke_only,False,False,False,NaN,NaN,NaN,offcue_poke_only,False,False
Generalization,m90,m90_GenLight_400,1,1,6,1766908436.2,5.1,1,2,27,4.887,7.743,5.082,5.106,complete_sequence_rewarded,True,True,True,4.887,0.195,0.024,offcue_poke_only,False,False
Generalization,m90,m90_GenLight_400,1,1,7,1766908480.648,8.064,0,15,56,NaN,20.374,NaN,NaN,offcue_poke_only,False,False,False,NaN,NaN,NaN,complete_sequence_rewarded,True,True
Generalization,m90,m90_GenLight_400,1,1,8,1766908592.437,2.519,1,7,63,2.327,25.697,2.495,2.524,complete_sequence_rewarded,True,True,True,2.327,0.168,0.029,offcue_poke_only,False,False
Generalization,m90,m90_GenLight_400,1,1,9,1766908687.073,0.938,1,2,21,0.745,4.325,0.92,0.943,complete_sequence_rewarded,True,True,True,0.745,0.175,0.023,complete_sequence_rewarded,True,True
Generalization,m90,m90_GenLight_400,1,1,10,1766908720.806,8.085,0,3,16,NaN,25.127,NaN,NaN,offcue_poke_only,False,False,False,NaN,NaN,NaN,complete_sequence_rewarded,True,True
Generalization,m90,m90_GenLight_400,1,1,11,1766908764.004,2.935,1,3,27,2.652,6.473,2.915,2.94,complete_sequence_rewarded,True,True,True,2.652,0.263,0.025,offcue_poke_only,False,False
Generalization,m90,m90_GenLight_400,1,1,12,1766908803.232,1.613,1,6,37,1.419,4.602,1.588,1.618,complete_sequence_rewarded,True,True,True,1.419,0.169,0.03,complete_sequence_rewarded,True,True
Generalization,m90,m90_GenLight_400,1,1,13,1766908865.374,2.987,1,4,31,2.807,4.762,2.961,2.992,complete_sequence_rewarded,True,True,True,2.807,0.153,0.031,complete_sequence_rewarded,True,True
Generalization,m90,m90_GenLight_400,1,1,14,1766908919.016,1.507,1,2,25,1.296,4.206,1.485,1.514,complete_sequence_rewarded,True,True,True,1.296,0.189,0.029,complete_sequence_rewarded,True,True
Generalization,m90,m90_GenLight_400,1,1,15,1766908953.102,1.8,1,2,17,1.646,2.986,1.78,1.804,complete_sequence_rewarded,True,True,True,1.646,0.134,0.024,complete_sequence_rewarded,True,True
Generalization,m90,m90_GenLight_400,1,1,16,1766908986.56,8.056,0,0,0,NaN,NaN,NaN,NaN,no_response,False,False,False,NaN,NaN,NaN,complete_sequence_rewarded,True,True
Generalization,m90,m90_GenLight_400,1,1,17,1766909025.69,8.103,0,5,24,NaN,16.3,NaN,NaN,offcue_poke_only,False,False,False,NaN,NaN,NaN,no_response,False,False
Generalization,m90,m90_GenLight_400,1,1,18,1766909085.039,0.858,1,9,33,0.662,7.095,0.841,0.863,complete_sequence_rewarded,True,True,True,0.662,0.179,0.022,offcue_poke_only,False,False
Generalization,m90,m90_GenLight_400,1,1,19,1766909159.514,1.41,1,9,45,1.286,8.006,1.394,1.414,complete_sequence_rewarded,True,True,True,1.286,0.108,0.021,complete_sequence_rewarded,True,True
Generalization,m90,m90_GenLight_400,1,1,20,1766909224.78,8.042,1,1,4,7.113,22.132,22.318,NaN,cue_poke_lick_no_reward,True,True,False,7.113,15.206,NaN,complete_sequence_rewarded,True,True
Generalization,m90,m90_GenLight_400,1,1,21,1766909272.579,8.042,1,2,16,7.925,15.256,8.182,NaN,cue_poke_lick_no_reward,True,True,False,7.925,0.257,NaN,cue_poke_lick_no_reward,False,True
Generalization,m90,m90_GenLight_400,1,1,22,1766909315.365,8.055,0,1,0,NaN,27.789,NaN,NaN,offcue_poke_only,False,False,False,NaN,NaN,NaN,cue_poke_lick_no_reward,False,True
Generalization,m90,m90_GenLight_400,1,1,23,1766909353.547,3.523,1,3,11,3.206,15.166,3.499,3.528,complete_sequence_rewarded,True,True,True,3.206,0.294,0.029,offcue_poke_only,False,False
Generalization,m90,m90_GenLight_400,1,1,24,1766909397.153,8.075,0,1,2,NaN,16.257,NaN,NaN,offcue_poke_only,False,False,False,NaN,NaN,NaN,complete_sequence_rewarded,True,True
Generalization,m90,m90_GenLight_400,1,1,25,1766909434.233,4.186,1,2,17,4.036,15.144,4.171,4.191,complete_sequence_rewarded,True,True,True,4.036,0.136,0.02,offcue_poke_only,False,False
Generalization,m90,m90_GenLight_400,1,1,26,1766909485.754,8.057,0,2,2,NaN,12.342,NaN,NaN,offcue_poke_only,False,False,False,NaN,NaN,NaN,complete_sequence_rewarded,True,True
Generalization,m90,m90_GenLight_400,1,1,27,1766909531.652,4.313,1,0,9,4.157,NaN,4.295,4.318,complete_sequence_rewarded,True,True,True,4.157,0.138,0.022,offcue_poke_only,False,False
Generalization,m90,m90_GenLight_400,1,1,28,1766909566.956,8.087,0,1,4,NaN,29.183,NaN,NaN,offcue_poke_only,False,False,False,NaN,NaN,NaN,complete_sequence_rewarded,True,True
Generalization,m90,m90_GenLight_400,1,1,29,1766909606.905,1.837,1,2,13,1.45,10.806,1.814,NaN,cue_poke_lick_no_reward,True,True,False,1.45,0.363,NaN,offcue_poke_only,False,False
Generalization,m90,m90_GenLight_400,1,1,30,1766909648.774,8.095,0,0,0,NaN,NaN,NaN,NaN,no_response,False,False,False,NaN,NaN,NaN,cue_poke_lick_no_reward,False,True
Generalization,m90,m90_GenLight_400,1,1,31,1766909684.974,4.998,1,2,1,4.792,9.802,4.982,5.004,complete_sequence_rewarded,True,True,True,4.792,0.189,0.022,no_response,False,False
Generalization,m90,m90_GenLight_400,1,1,32,1766909737.37,8.101,0,1,0,NaN,12.201,NaN,NaN,offcue_poke_only,False,False,False,NaN,NaN,NaN,complete_sequence_rewarded,True,True
Generalization,m90,m90_GenLight_400,1,1,33,1766909779.867,8.076,0,0,0,NaN,NaN,NaN,NaN,no_response,False,False,False,NaN,NaN,NaN,offcue_poke_only,False,False
Generalization,m90,m90_GenLight_400,1,1,34,1766909818.054,8.062,0,0,0,NaN,NaN,NaN,NaN,no_response,False,False,False,NaN,NaN,NaN,no_response,False,False
Generalization,m90,m90_GenLight_400,1,1,35,1766909861.216,4.671,1,2,13,4.333,32.924,4.652,4.676,complete_sequence_rewarded,True,True,True,4.333,0.319,0.024,no_response,False,False
Generalization,m90,m90_GenLight_400,1,1,36,1766909915.698,6.729,1,1,13,6.512,20.6,6.713,6.733,complete_sequence_rewarded,True,True,True,6.512,0.201,0.02,complete_sequence_rewarded,True,True
Generalization,m90,m90_GenLight_400,1,1,37,1766909962.313,8.074,0,1,0,NaN,8.457,NaN,NaN,offcue_poke_only,False,False,False,NaN,NaN,NaN,complete_sequence_rewarded,True,True
Generalization,m90,m90_GenLight_400,1,1,38,1766910005.347,8.054,0,0,0,NaN,NaN,NaN,NaN,no_response,False,False,False,NaN,NaN,NaN,offcue_poke_only,False,False
Generalization,m90,m90_GenLight_400,1,1,39,1766910046.497,8.095,0,2,14,NaN,14.973,NaN,NaN,offcue_poke_only,False,False,False,NaN,NaN,NaN,no_response,False,False
Generalization,m90,m90_GenLight_400,1,1,40,1766910088.806,0.608,1,1,13,0.421,30.078,0.584,0.613,complete_sequence_rewarded,True,True,True,0.421,0.163,0.029,offcue_poke_only,False,False
Generalization,m90,m90_GenLight_400,1,1,41,1766910130.031,8.087,0,0,0,NaN,NaN,NaN,NaN,no_response,False,False,False,NaN,NaN,NaN,complete_sequence_rewarded,True,True
Generalization,m90,m90_GenLight_400,1,1,42,1766910168.184,8.094,0,1,4,NaN,12.281,NaN,NaN,offcue_poke_only,False,False,False,NaN,NaN,NaN,no_response,False,False
Generalization,m90,m90_GenLight_400,1,1,43,1766910208.02,5.738,1,0,7,5.364,NaN,5.716,5.743,complete_sequence_rewarded,True,True,True,5.364,0.351,0.028,offcue_poke_only,False,False
Generalization,m90,m90_GenLight_400,1,1,44,1766910250.517,8.122,0,1,0,NaN,8.258,NaN,NaN,offcue_poke_only,False,False,False,NaN,NaN,NaN,complete_sequence_rewarded,True,True
Generalization,m90,m90_GenLight_400,1,1,45,1766910287.0,4.018,1,2,9,3.858,24.476,3.985,NaN,cue_poke_lick_no_reward,True,True,False,3.858,0.126,NaN,offcue_poke_only,False,False
Generalization,m90,m90_GenLight_400,1,1,46,1766910333.443,8.083,0,0,0,NaN,NaN,NaN,NaN,no_response,False,False,False,NaN,NaN,NaN,cue_poke_lick_no_reward,False,True
Generalization,m90,m90_GenLight_400,1,1,47,1766910376.611,8.051,2,0,0,7.628,NaN,NaN,NaN,cue_poke_no_lick,True,False,False,7.628,NaN,NaN,no_response,False,False
Generalization,m90,m90_GenLight_400,1,1,48,1766910421.393,8.083,1,0,0,1.354,NaN,NaN,NaN,cue_poke_no_lick,True,False,False,1.354,NaN,NaN,cue_poke_no_lick,False,True
Generalization,m90,m90_GenLight_400,1,1,49,1766910454.906,2.884,1,0,5,2.453,NaN,2.865,2.889,complete_sequence_rewarded,True,True,True,2.453,0.412,0.025,cue_poke_no_lick,False,True
Generalization,m90,m90_GenLight_400,1,1,50,1766910488.5,8.063,0,1,6,NaN,24.195,NaN,NaN,offcue_poke_only,False,False,False,NaN,NaN,NaN,complete_sequence_rewarded,True,True
Generalization,m90,m90_GenLight_400,1,1,51,1766910527.362,8.046,0,0,0,NaN,NaN,NaN,NaN,no_response,False,False,False,NaN,NaN,NaN,offcue_poke_only,False,False
Generalization,m90,m90_GenLight_400,1,1,52,1766910566.479,5.853,1,0,3,5.677,NaN,5.839,5.859,complete_sequence_rewarded,True,True,True,5.677,0.162,0.02,no_response,False,False
Generalization,m90,m90_GenLight_400,1,1,53,1766910608.27,8.118,0,2,4,NaN,12.282,NaN,NaN,offcue_poke_only,False,False,False,NaN,NaN,NaN,complete_sequence_rewarded,True,True
Generalization,m90,m90_GenLight_400,1,1,54,1766910652.844,8.115,0,3,6,NaN,8.863,NaN,NaN,offcue_poke_only,False,False,False,NaN,NaN,NaN,offcue_poke_only,False,False
Generalization,m90,m90_GenLight_400,1,1,55,1766910699.045,0.954,1,2,11,0.641,7.607,0.94,0.96,complete_sequence_rewarded,True,True,True,0.641,0.299,0.02,offcue_poke_only,False,False
Generalization,m90,m90_GenLight_400,1,1,56,1766910737.835,8.025,0,0,0,NaN,NaN,NaN,NaN,no_response,False,False,False,NaN,NaN,NaN,complete_sequence_rewarded,True,True
Generalization,m90,m90_GenLight_400,1,1,57,1766910773.981,8.065,0,0,0,NaN,NaN,NaN,NaN,no_response,False,False,False,NaN,NaN,NaN,no_response,False,False
Generalization,m90,m90_GenLight_400,1,1,58,1766910813.188,8.066,0,0,0,NaN,NaN,NaN,NaN,no_response,False,False,False,NaN,NaN,NaN,no_response,False,False
Generalization,m90,m90_GenLight_400,1,1,59,1766910856.373,8.025,0,3,6,NaN,16.794,NaN,NaN,offcue_poke_only,False,False,False,NaN,NaN,NaN,no_response,False,False
Generalization,m90,m90_GenLight_400,1,1,60,1766910904.455,8.08,0,0,0,NaN,NaN,NaN,NaN,no_response,False,False,False,NaN,NaN,NaN,offcue_poke_only,False,False
Generalization,m90,m90_GenLight_400,1,1,61,1766910943.938,0.002,0,0,0,NaN,NaN,NaN,NaN,no_response,False,False,False,NaN,NaN,NaN,no_response,False,False
Generalization,m90,m90_GenLight_400,2,2,1,1767010647.455,8.073,0,3,10,NaN,22.361,NaN,NaN,offcue_poke_only,False,False,False,NaN,NaN,NaN,,,
Generalization,m90,m90_GenLight_400,2,2,2,1767010693.749,8.071,0,5,14,NaN,31.413,NaN,NaN,offcue_poke_only,False,False,False,NaN,NaN,NaN,offcue_poke_only,False,False
Generalization,m90,m90_GenLight_400,2,2,3,1767010759.058,8.076,0,0,0,NaN,NaN,NaN,NaN,no_response,False,False,False,NaN,NaN,NaN,offcue_poke_only,False,False
Generalization,m90,m90_GenLight_400,2,2,4,1767010799.259,8.087,0,2,6,NaN,16.163,NaN,NaN,offcue_poke_only,False,False,False,NaN,NaN,NaN,no_response,False,False
Generalization,m90,m90_GenLight_400,2,2,5,1767010834.584,8.086,0,4,16,NaN,9.454,NaN,NaN,offcue_poke_only,False,False,False,NaN,NaN,NaN,offcue_poke_only,False,False
Generalization,m90,m90_GenLight_400,2,2,6,1767010892.626,3.063,1,5,31,2.789,6.081,3.044,3.07,complete_sequence_rewarded,True,True,True,2.789,0.255,0.026,offcue_poke_only,False,False
Generalization,m90,m90_GenLight_400,2,2,7,1767010942.971,1.12,1,9,47,0.894,6.533,1.106,1.126,complete_sequence_rewarded,True,True,True,0.894,0.212,0.02,complete_sequence_rewarded,True,True
Generalization,m90,m90_GenLight_400,2,2,8,1767010993.182,8.059,0,4,22,NaN,11.213,NaN,NaN,offcue_poke_only,False,False,False,NaN,NaN,NaN,complete_sequence_rewarded,True,True
Generalization,m90,m90_GenLight_400,2,2,9,1767011043.933,8.064,0,0,0,NaN,NaN,NaN,NaN,no_response,False,False,False,NaN,NaN,NaN,offcue_poke_only,False,False
Generalization,m90,m90_GenLight_400,2,2,10,1767011080.085,3.517,1,2,19,3.339,7.467,3.498,3.523,complete_sequence_rewarded,True,True,True,3.339,0.159,0.025,no_response,False,False
Generalization,m90,m90_GenLight_400,2,2,11,1767011115.168,6.525,1,2,21,6.318,10.277,6.501,6.53,complete_sequence_rewarded,True,True,True,6.318,0.184,0.029,complete_sequence_rewarded,True,True
Generalization,m90,m90_GenLight_400,2,2,12,1767011157.829,6.589,1,4,43,6.405,9.564,6.574,6.595,complete_sequence_rewarded,True,True,True,6.405,0.169,0.021,complete_sequence_rewarded,True,True
Generalization,m90,m90_GenLight_400,2,2,13,1767011208.683,8.086,0,7,28,NaN,16.16,NaN,NaN,offcue_poke_only,False,False,False,NaN,NaN,NaN,complete_sequence_rewarded,True,True
Generalization,m90,m90_GenLight_400,2,2,14,1767011273.529,0.547,1,2,23,0.397,7.532,0.531,0.552,complete_sequence_rewarded,True,True,True,0.397,0.134,0.021,offcue_poke_only,False,False
Generalization,m90,m90_GenLight_400,2,2,15,1767011309.555,6.976,1,5,55,6.811,11.65,6.958,6.982,complete_sequence_rewarded,True,True,True,6.811,0.147,0.025,complete_sequence_rewarded,True,True
Generalization,m90,m90_GenLight_400,2,2,16,1767011364.89,8.052,0,16,68,NaN,8.937,NaN,NaN,offcue_poke_only,False,False,False,NaN,NaN,NaN,complete_sequence_rewarded,True,True
Generalization,m90,m90_GenLight_400,2,2,17,1767011465.199,2.637,1,9,69,2.441,24.106,2.624,2.643,complete_sequence_rewarded,True,True,True,2.441,0.183,0.019,offcue_poke_only,False,False
Generalization,m90,m90_GenLight_400,2,2,18,1767011554.953,2.2,1,13,77,2.04,9.036,2.18,2.205,complete_sequence_rewarded,True,True,True,2.04,0.14,0.025,complete_sequence_rewarded,True,True
Generalization,m90,m90_GenLight_400,2,2,19,1767011657.723,0.975,1,7,29,0.779,3.761,0.956,0.982,complete_sequence_rewarded,True,True,True,0.779,0.177,0.026,complete_sequence_rewarded,True,True
Generalization,m90,m90_GenLight_400,2,2,20,1767011714.775,0.581,1,1,13,0.388,5.916,0.556,0.586,complete_sequence_rewarded,True,True,True,0.388,0.168,0.031,complete_sequence_rewarded,True,True
Generalization,m90,m90_GenLight_400,2,2,21,1767011751.356,8.112,0,10,46,NaN,10.515,NaN,NaN,offcue_poke_only,False,False,False,NaN,NaN,NaN,complete_sequence_rewarded,True,True
Generalization,m90,m90_GenLight_400,2,2,22,1767011810.952,1.223,1,8,41,1.027,5.777,1.203,1.229,complete_sequence_rewarded,True,True,True,1.027,0.176,0.026,offcue_poke_only,False,False
Generalization,m90,m90_GenLight_400,2,2,23,1767011875.693,0.884,1,2,17,0.674,17.579,0.871,0.89,complete_sequence_rewarded,True,True,True,0.674,0.197,0.019,complete_sequence_rewarded,True,True
Generalization,m90,m90_GenLight_400,2,2,24,1767011914.027,0.988,2,4,35,0.366,4.779,0.97,0.993,complete_sequence_rewarded,True,True,True,0.366,0.605,0.022,complete_sequence_rewarded,True,True
Generalization,m90,m90_GenLight_400,2,2,25,1767011950.013,8.108,0,8,42,NaN,12.076,NaN,NaN,offcue_poke_only,False,False,False,NaN,NaN,NaN,complete_sequence_rewarded,True,True
Generalization,m90,m90_GenLight_400,2,2,26,1767012031.729,7.796,1,8,43,7.611,11.155,7.776,7.806,complete_sequence_rewarded,True,True,True,7.611,0.165,0.029,offcue_poke_only,False,False
Generalization,m90,m90_GenLight_400,2,2,27,1767012092.303,8.086,1,4,30,8.018,12.898,8.137,8.157,complete_sequence_rewarded,True,True,True,8.018,0.119,0.02,complete_sequence_rewarded,True,True
Generalization,m90,m90_GenLight_400,2,2,28,1767012143.388,8.051,0,2,10,NaN,10.371,NaN,NaN,offcue_poke_only,False,False,False,NaN,NaN,NaN,complete_sequence_rewarded,True,True
Generalization,m90,m90_GenLight_400,2,2,29,1767012185.854,1.046,1,2,19,0.877,12.821,1.021,1.057,complete_sequence_rewarded,True,True,True,0.877,0.144,0.035,offcue_poke_only,False,False
Generalization,m90,m90_GenLight_400,2,2,30,1767012225.189,0.856,1,13,77,0.631,9.485,0.842,0.862,complete_sequence_rewarded,True,True,True,0.631,0.21,0.021,complete_sequence_rewarded,True,True
Generalization,m90,m90_GenLight_400,2,2,31,1767012319.507,2.822,1,3,25,2.646,5.755,2.797,2.828,complete_sequence_rewarded,True,True,True,2.646,0.15,0.032,complete_sequence_rewarded,True,True
Generalization,m90,m90_GenLight_400,2,2,32,1767012362.485,1.068,1,8,45,0.896,2.921,1.05,1.073,complete_sequence_rewarded,True,True,True,0.896,0.154,0.024,complete_sequence_rewarded,True,True
Generalization,m90,m90_GenLight_400,2,2,33,1767012412.137,4.218,1,5,27,4.065,20.105,4.204,4.223,complete_sequence_rewarded,True,True,True,4.065,0.139,0.02,complete_sequence_rewarded,True,True
Generalization,m90,m90_GenLight_400,2,2,34,1767012471.1,2.257,1,5,31,2.066,11.081,2.244,2.263,complete_sequence_rewarded,True,True,True,2.066,0.178,0.019,complete_sequence_rewarded,True,True
Generalization,m90,m90_GenLight_400,2,2,35,1767012516.714,5.236,1,3,25,5.098,11.163,5.221,5.241,complete_sequence_rewarded,True,True,True,5.098,0.122,0.02,complete_sequence_rewarded,True,True
Generalization,m90,m90_GenLight_400,2,2,36,1767012557.698,0.61,1,3,23,0.447,14.86,0.595,NaN,cue_poke_lick_no_reward,True,True,False,0.447,0.148,NaN,complete_sequence_rewarded,True,True
Generalization,m90,m90_GenLight_400,2,2,37,1767012599.68,1.602,1,6,35,1.434,15.658,1.59,1.608,complete_sequence_rewarded,True,True,True,1.434,0.155,0.018,cue_poke_lick_no_reward,False,True
Generalization,m90,m90_GenLight_400,2,2,38,1767012672.6,0.329,1,2,23,0.099,12.862,0.31,0.335,complete_sequence_rewarded,True,True,True,0.099,0.212,0.024,complete_sequence_rewarded,True,True
Generalization,m90,m90_GenLight_400,2,2,39,1767012716.846,4.831,1,3,25,4.705,16.546,4.818,4.836,complete_sequence_rewarded,True,True,True,4.705,0.113,0.018,complete_sequence_rewarded,True,True
Generalization,m90,m90_GenLight_400,2,2,40,1767012766.062,8.086,0,3,12,NaN,30.28,NaN,NaN,offcue_poke_only,False,False,False,NaN,NaN,NaN,complete_sequence_rewarded,True,True
Generalization,m90,m90_GenLight_400,2,2,41,1767012823.626,0.771,1,4,33,0.614,5.601,0.757,0.777,complete_sequence_rewarded,True,True,True,0.614,0.143,0.02,offcue_poke_only,False,False
Generalization,m90,m90_GenLight_400,2,2,42,1767012870.437,0.938,1,2,11,0.735,30.259,0.923,0.945,complete_sequence_rewarded,True,True,True,0.735,0.188,0.022,complete_sequence_rewarded,True,True
Generalization,m90,m90_GenLight_400,2,2,43,1767012914.843,3.093,1,5,33,2.883,19.434,3.079,3.099,complete_sequence_rewarded,True,True,True,2.883,0.196,0.02,complete_sequence_rewarded,True,True
Generalization,m90,m90_GenLight_400,2,2,44,1767012983.267,3.195,1,7,43,2.979,7.657,3.172,3.201,complete_sequence_rewarded,True,True,True,2.979,0.193,0.029,complete_sequence_rewarded,True,True
Generalization,m90,m90_GenLight_400,2,2,45,1767013052.624,0.863,1,1,13,0.706,14.755,0.844,0.869,complete_sequence_rewarded,True,True,True,0.706,0.138,0.024,complete_sequence_rewarded,True,True
Generalization,m90,m90_GenLight_400,2,2,46,1767013087.342,5.6,1,0,11,5.451,NaN,5.581,5.606,complete_sequence_rewarded,True,True,True,5.451,0.13,0.025,complete_sequence_rewarded,True,True
Generalization,m90,m90_GenLight_400,2,2,47,1767013122.896,8.08,0,5,26,NaN,11.319,NaN,NaN,offcue_poke_only,False,False,False,NaN,NaN,NaN,complete_sequence_rewarded,True,True
Generalization,m90,m90_GenLight_400,2,2,48,1767013174.323,2.548,1,3,31,2.37,10.801,2.531,2.554,complete_sequence_rewarded,True,True,True,2.37,0.161,0.024,offcue_poke_only,False,False
Generalization,m90,m90_GenLight_400,2,2,49,1767013213.307,0.875,1,1,17,0.707,20.54,0.851,0.88,complete_sequence_rewarded,True,True,True,0.707,0.144,0.029,complete_sequence_rewarded,True,True
Generalization,m90,m90_GenLight_400,2,2,50,1767013253.777,2.664,1,6,41,2.469,33.91,2.644,2.67,complete_sequence_rewarded,True,True,True,2.469,0.175,0.025,complete_sequence_rewarded,True,True
Generalization,m90,m90_GenLight_400,2,2,51,1767013333.092,1.557,1,3,31,1.256,36.753,1.527,1.563,complete_sequence_rewarded,True,True,True,1.256,0.271,0.036,complete_sequence_rewarded,True,True
Generalization,m90,m90_GenLight_400,2,2,52,1767013385.555,8.081,0,5,18,NaN,9.371,NaN,NaN,offcue_poke_only,False,False,False,NaN,NaN,NaN,complete_sequence_rewarded,True,True
Generalization,m90,m90_GenLight_400,2,2,53,1767013434.552,0.618,1,1,15,0.416,33.355,0.606,0.623,complete_sequence_rewarded,True,True,True,0.416,0.189,0.018,offcue_poke_only,False,False
Generalization,m90,m90_GenLight_400,2,2,54,1767013478.72,5.282,1,6,29,5.187,17.672,5.263,5.287,complete_sequence_rewarded,True,True,True,5.187,0.076,0.024,complete_sequence_rewarded,True,True
Generalization,m90,m90_GenLight_400,2,2,55,1767013541.003,1.618,1,2,13,1.437,6.747,1.604,1.627,complete_sequence_rewarded,True,True,True,1.437,0.167,0.024,complete_sequence_rewarded,True,True
Generalization,m90,m90_GenLight_400,2,2,56,1767013579.181,0.878,1,7,15,0.342,9.556,0.848,0.883,complete_sequence_rewarded,True,True,True,0.342,0.505,0.036,complete_sequence_rewarded,True,True
Generalization,m90,m90_GenLight_400,2,2,57,1767013628.011,2.891,1,3,1,2.696,4.68,2.875,NaN,cue_poke_lick_no_reward,True,True,False,2.696,0.179,NaN,complete_sequence_rewarded,True,True
Generalization,m90,m90_GenLight_400,2,2,58,1767013669.221,6.141,1,1,19,5.893,27.629,6.128,6.146,complete_sequence_rewarded,True,True,True,5.893,0.235,0.018,cue_poke_lick_no_reward,False,True
Generalization,m90,m90_GenLight_400,2,2,59,1767013708.407,8.092,0,3,6,NaN,12.778,NaN,NaN,offcue_poke_only,False,False,False,NaN,NaN,NaN,complete_sequence_rewarded,True,True
Generalization,m90,m90_GenLight_400,2,2,60,1767013751.394,0.003,0,0,0,NaN,NaN,NaN,NaN,no_response,False,False,False,NaN,NaN,NaN,offcue_poke_only,False,False
Generalization,m90,m90_GenLight_400_2,2,3,1,1767250322.183,5.403,1,9,59,5.212,12.005,5.386,5.41,complete_sequence_rewarded,True,True,True,5.212,0.173,0.024,,,
Generalization,m90,m90_GenLight_400_2,2,3,2,1767250394.653,0.795,1,8,27,0.634,3.432,0.771,0.801,complete_sequence_rewarded,True,True,True,0.634,0.137,0.029,complete_sequence_rewarded,True,True
Generalization,m90,m90_GenLight_400_2,2,3,3,1767250435.436,1.709,1,1,15,1.555,10.419,1.697,1.715,complete_sequence_rewarded,True,True,True,1.555,0.142,0.018,complete_sequence_rewarded,True,True
Generalization,m90,m90_GenLight_400_2,2,3,4,1767250471.145,7.179,1,8,45,6.951,9.937,7.167,7.185,complete_sequence_rewarded,True,True,True,6.951,0.216,0.018,complete_sequence_rewarded,True,True
Generalization,m90,m90_GenLight_400_2,2,3,5,1767250535.883,2.005,1,3,21,1.835,3.478,1.984,2.012,complete_sequence_rewarded,True,True,True,1.835,0.15,0.028,complete_sequence_rewarded,True,True
Generalization,m90,m90_GenLight_400_2,2,3,6,1767250576.122,3.118,1,10,53,2.956,11.623,3.101,3.124,complete_sequence_rewarded,True,True,True,2.956,0.145,0.023,complete_sequence_rewarded,True,True
Generalization,m90,m90_GenLight_400_2,2,3,7,1767250634.18,0.262,1,1,21,0.027,34.688,0.246,0.268,complete_sequence_rewarded,True,True,True,0.027,0.219,0.022,complete_sequence_rewarded,True,True
Generalization,m90,m90_GenLight_400_2,2,3,8,1767250683.483,3.055,1,6,27,2.913,7.236,3.044,3.061,complete_sequence_rewarded,True,True,True,2.913,0.131,0.017,complete_sequence_rewarded,True,True
Generalization,m90,m90_GenLight_400_2,2,3,9,1767250731.703,4.728,1,4,31,4.588,8.13,4.716,4.735,complete_sequence_rewarded,True,True,True,4.588,0.129,0.019,complete_sequence_rewarded,True,True
Generalization,m90,m90_GenLight_400_2,2,3,10,1767250775.64,3.411,1,12,33,3.233,5.031,3.401,NaN,cue_poke_lick_no_reward,True,True,False,3.233,0.168,NaN,complete_sequence_rewarded,True,True
Generalization,m90,m90_GenLight_400_2,2,3,11,1767250864.824,2.692,1,8,39,2.53,11.721,2.68,2.7,complete_sequence_rewarded,True,True,True,2.53,0.149,0.02,cue_poke_lick_no_reward,False,True
Generalization,m90,m90_GenLight_400_2,2,3,12,1767250912.211,1.267,1,5,27,1.183,8.876,1.25,NaN,cue_poke_lick_no_reward,True,True,False,1.183,0.068,NaN,complete_sequence_rewarded,True,True
Generalization,m90,m90_GenLight_400_2,2,3,13,1767250959.364,0.848,1,14,73,0.668,1.925,0.833,0.854,complete_sequence_rewarded,True,True,True,0.668,0.165,0.021,cue_poke_lick_no_reward,False,True
Generalization,m90,m90_GenLight_400_2,2,3,14,1767251044.747,8.104,0,3,8,NaN,17.964,NaN,NaN,offcue_poke_only,False,False,False,NaN,NaN,NaN,complete_sequence_rewarded,True,True
Generalization,m90,m90_GenLight_400_2,2,3,15,1767251086.438,1.733,1,2,15,1.569,3.119,1.716,1.739,complete_sequence_rewarded,True,True,True,1.569,0.147,0.022,offcue_poke_only,False,False
Generalization,m90,m90_GenLight_400_2,2,3,16,1767251119.749,1.27,1,21,67,1.143,8.08,1.244,1.276,complete_sequence_rewarded,True,True,True,1.143,0.1,0.033,complete_sequence_rewarded,True,True
Generalization,m90,m90_GenLight_400_2,2,3,17,1767251260.35,0.628,1,7,41,0.419,3.48,0.615,0.634,complete_sequence_rewarded,True,True,True,0.419,0.195,0.019,complete_sequence_rewarded,True,True
Generalization,m90,m90_GenLight_400_2,2,3,18,1767251312.674,8.076,0,1,4,NaN,32.686,NaN,NaN,offcue_poke_only,False,False,False,NaN,NaN,NaN,complete_sequence_rewarded,True,True
Generalization,m90,m90_GenLight_400_2,2,3,19,1767251356.32,3.965,1,14,59,3.794,14.416,3.947,3.974,complete_sequence_rewarded,True,True,True,3.794,0.154,0.026,offcue_poke_only,False,False
Generalization,m90,m90_GenLight_400_2,2,3,20,1767251456.364,2.825,1,5,29,2.674,16.798,2.808,2.832,complete_sequence_rewarded,True,True,True,2.674,0.135,0.023,complete_sequence_rewarded,True,True
Generalization,m90,m90_GenLight_400_2,2,3,21,1767251514.596,0.993,1,2,11,0.851,8.912,0.978,1.0,complete_sequence_rewarded,True,True,True,0.851,0.127,0.021,complete_sequence_rewarded,True,True
Generalization,m90,m90_GenLight_400_2,2,3,22,1767251549.779,8.09,0,4,12,NaN,24.379,NaN,NaN,offcue_poke_only,False,False,False,NaN,NaN,NaN,complete_sequence_rewarded,True,True
Generalization,m90,m90_GenLight_400_2,2,3,23,1767251601.219,5.565,1,5,31,5.312,14.537,5.544,5.571,complete_sequence_rewarded,True,True,True,5.312,0.231,0.027,offcue_poke_only,False,False
Generalization,m90,m90_GenLight_400_2,2,3,24,1767251672.287,0.638,1,7,41,0.386,8.972,0.623,0.643,complete_sequence_rewarded,True,True,True,0.386,0.237,0.02,complete_sequence_rewarded,True,True
Generalization,m90,m90_GenLight_400_2,2,3,25,1767251741.808,0.405,1,5,35,0.25,7.881,0.388,0.41,complete_sequence_rewarded,True,True,True,0.25,0.137,0.023,complete_sequence_rewarded,True,True
Generalization,m90,m90_GenLight_400_2,2,3,26,1767251797.823,4.428,1,4,23,4.203,18.684,4.415,4.434,complete_sequence_rewarded,True,True,True,4.203,0.212,0.019,complete_sequence_rewarded,True,True
Generalization,m90,m90_GenLight_400_2,2,3,27,1767251861.626,0.677,1,13,23,0.539,15.442,0.659,0.682,complete_sequence_rewarded,True,True,True,0.539,0.12,0.023,complete_sequence_rewarded,True,True
Generalization,m90,m90_GenLight_400_2,2,3,28,1767251956.07,0.553,1,18,81,0.373,2.162,0.536,0.559,complete_sequence_rewarded,True,True,True,0.373,0.163,0.023,complete_sequence_rewarded,True,True
Generalization,m90,m90_GenLight_400_2,2,3,29,1767252103.116,0.325,1,2,15,0.04,9.097,0.31,0.331,complete_sequence_rewarded,True,True,True,0.04,0.27,0.021,complete_sequence_rewarded,True,True
Generalization,m90,m90_GenLight_400_2,2,3,30,1767252137.163,8.044,0,13,58,NaN,15.714,NaN,NaN,offcue_poke_only,False,False,False,NaN,NaN,NaN,complete_sequence_rewarded,True,True
Generalization,m90,m90_GenLight_400_2,2,3,31,1767252243.899,6.426,1,4,27,6.199,7.629,6.418,6.433,complete_sequence_rewarded,True,True,True,6.199,0.218,0.015,offcue_poke_only,False,False
Generalization,m90,m90_GenLight_400_2,2,3,32,1767252285.942,1.636,1,1,7,1.509,3.463,1.619,1.643,complete_sequence_rewarded,True,True,True,1.509,0.109,0.024,complete_sequence_rewarded,True,True
Generalization,m90,m90_GenLight_400_2,2,3,33,1767252317.614,8.074,0,0,0,NaN,NaN,NaN,NaN,no_response,False,False,False,NaN,NaN,NaN,complete_sequence_rewarded,True,True
Generalization,m90,m90_GenLight_400_2,2,3,34,1767252352.748,8.094,0,11,44,NaN,21.33,NaN,NaN,offcue_poke_only,False,False,False,NaN,NaN,NaN,no_response,False,False
Generalization,m90,m90_GenLight_400_2,2,3,35,1767252465.828,1.319,1,5,27,1.14,5.383,1.296,1.327,complete_sequence_rewarded,True,True,True,1.14,0.156,0.031,offcue_poke_only,False,False
Generalization,m90,m90_GenLight_400_2,2,3,36,1767252515.452,0.314,1,9,49,0.154,13.222,0.302,0.321,complete_sequence_rewarded,True,True,True,0.154,0.147,0.019,complete_sequence_rewarded,True,True
Generalization,m90,m90_GenLight_400_2,2,3,37,1767252594.961,0.496,1,0,13,0.385,NaN,0.484,0.501,complete_sequence_rewarded,True,True,True,0.385,0.099,0.017,complete_sequence_rewarded,True,True
Generalization,m90,m90_GenLight_400_2,2,3,38,1767252631.489,1.716,1,4,29,1.602,16.908,1.7,1.723,complete_sequence_rewarded,True,True,True,1.602,0.098,0.022,complete_sequence_rewarded,True,True
Generalization,m90,m90_GenLight_400_2,2,3,39,1767252691.976,0.512,1,10,41,0.321,12.955,0.486,0.518,complete_sequence_rewarded,True,True,True,0.321,0.165,0.032,complete_sequence_rewarded,True,True
Generalization,m90,m90_GenLight_400_2,2,3,40,1767252782.717,3.827,1,0,3,3.676,NaN,3.811,NaN,cue_poke_lick_no_reward,True,True,False,3.676,0.135,NaN,complete_sequence_rewarded,True,True
Generalization,m90,m90_GenLight_400_2,2,3,41,1767252817.551,5.949,1,0,7,5.749,NaN,5.931,NaN,cue_poke_lick_no_reward,True,True,False,5.749,0.182,NaN,cue_poke_lick_no_reward,False,True
Generalization,m90,m90_GenLight_400_2,2,3,42,1767252861.449,8.087,0,1,8,NaN,8.602,NaN,NaN,offcue_poke_only,False,False,False,NaN,NaN,NaN,cue_poke_lick_no_reward,False,True
Generalization,m90,m90_GenLight_400_2,2,3,43,1767252908.048,8.084,0,0,0,NaN,NaN,NaN,NaN,no_response,False,False,False,NaN,NaN,NaN,offcue_poke_only,False,False
Generalization,m90,m90_GenLight_400_2,2,3,44,1767252945.197,6.176,1,0,11,5.783,NaN,6.158,6.181,complete_sequence_rewarded,True,True,True,5.783,0.374,0.024,no_response,False,False
Generalization,m90,m90_GenLight_400_2,2,3,45,1767252991.127,1.668,1,3,25,1.5,24.615,1.652,1.674,complete_sequence_rewarded,True,True,True,1.5,0.151,0.022,complete_sequence_rewarded,True,True
Generalization,m90,m90_GenLight_400_2,2,3,46,1767253038.654,2.605,1,2,21,2.457,16.029,2.586,2.611,complete_sequence_rewarded,True,True,True,2.457,0.129,0.025,complete_sequence_rewarded,True,True
Generalization,m90,m90_GenLight_400_2,2,3,47,1767253079.062,6.019,1,2,15,5.788,13.848,5.994,6.029,complete_sequence_rewarded,True,True,True,5.788,0.206,0.035,complete_sequence_rewarded,True,True
Generalization,m90,m90_GenLight_400_2,2,3,48,1767253124.882,0.674,1,2,21,0.523,13.743,0.647,0.68,complete_sequence_rewarded,True,True,True,0.523,0.124,0.033,complete_sequence_rewarded,True,True
Generalization,m90,m90_GenLight_400_2,2,3,49,1767253161.402,3.487,1,2,17,3.273,15.795,3.47,NaN,cue_poke_lick_no_reward,True,True,False,3.273,0.196,NaN,complete_sequence_rewarded,True,True
Generalization,m90,m90_GenLight_400_2,2,3,50,1767253204.803,0.613,1,4,13,0.426,16.13,0.597,0.62,complete_sequence_rewarded,True,True,True,0.426,0.171,0.023,cue_poke_lick_no_reward,False,True
Generalization,m90,m90_GenLight_400_2,2,3,51,1767253245.631,0.732,1,3,25,0.594,12.066,0.714,0.737,complete_sequence_rewarded,True,True,True,0.594,0.119,0.023,complete_sequence_rewarded,True,True
Generalization,m90,m90_GenLight_400_2,2,3,52,1767253293.759,0.412,1,3,29,0.248,12.304,0.399,0.417,complete_sequence_rewarded,True,True,True,0.248,0.151,0.018,complete_sequence_rewarded,True,True
Generalization,m90,m90_GenLight_400_2,2,3,53,1767253345.185,1.161,1,3,27,0.958,12.612,1.145,1.166,complete_sequence_rewarded,True,True,True,0.958,0.188,0.021,complete_sequence_rewarded,True,True
Generalization,m90,m90_GenLight_400_2,2,3,54,1767253393.755,5.495,1,3,11,5.327,14.846,5.478,NaN,cue_poke_lick_no_reward,True,True,False,5.327,0.152,NaN,complete_sequence_rewarded,True,True
Generalization,m90,m90_GenLight_400_2,2,3,55,1767253439.262,2.02,1,5,9,1.855,16.378,2.004,NaN,cue_poke_lick_no_reward,True,True,False,1.855,0.149,NaN,cue_poke_lick_no_reward,False,True
Generalization,m90,m90_GenLight_400_2,2,3,56,1767253495.115,0.55,1,1,13,0.4,21.81,0.532,0.558,complete_sequence_rewarded,True,True,True,0.4,0.132,0.026,cue_poke_lick_no_reward,False,True
Generalization,m90,m90_GenLight_400_2,2,3,57,1767253528.224,0.746,1,1,7,0.584,13.439,0.728,NaN,cue_poke_lick_no_reward,True,True,False,0.584,0.144,NaN,complete_sequence_rewarded,True,True
Generalization,m90,m90_GenLight_400_2,2,3,58,1767253561.215,0.644,1,0,11,0.475,NaN,0.631,0.649,complete_sequence_rewarded,True,True,True,0.475,0.157,0.018,cue_poke_lick_no_reward,False,True
Generalization,m90,m90_GenLight_400_2,2,3,59,1767253597.849,8.074,0,0,0,NaN,NaN,NaN,NaN,no_response,False,False,False,NaN,NaN,NaN,complete_sequence_rewarded,True,True
Generalization,m90,m90_GenLight_400_2,2,3,60,1767253633.004,8.095,1,0,0,0.596,NaN,NaN,NaN,cue_poke_no_lick,True,False,False,0.596,NaN,NaN,no_response,False,False
Generalization,m90,m90_GenLight_400_2,2,3,61,1767253673.082,0.002,0,0,0,NaN,NaN,NaN,NaN,no_response,False,False,False,NaN,NaN,NaN,cue_poke_no_lick,False,True
Generalization,m90,m90_GenLight_400_2,3,4,1,1767528723.091,6.613,1,4,23,6.335,27.496,6.594,6.62,complete_sequence_rewarded,True,True,True,6.335,0.259,0.026,,,
Generalization,m90,m90_GenLight_400_2,3,4,2,1767528777.774,3.546,1,4,25,3.386,6.713,3.532,3.552,complete_sequence_rewarded,True,True,True,3.386,0.146,0.02,complete_sequence_rewarded,True,True
Generalization,m90,m90_GenLight_400_2,3,4,3,1767528819.831,8.091,0,9,34,NaN,14.072,NaN,NaN,offcue_poke_only,False,False,False,NaN,NaN,NaN,complete_sequence_rewarded,True,True
Generalization,m90,m90_GenLight_400_2,3,4,4,1767528889.93,6.184,1,7,33,6.083,7.227,6.165,6.189,complete_sequence_rewarded,True,True,True,6.083,0.082,0.024,offcue_poke_only,False,False
Generalization,m90,m90_GenLight_400_2,3,4,5,1767528936.038,6.046,1,2,25,5.896,32.501,6.032,6.061,complete_sequence_rewarded,True,True,True,5.896,0.136,0.03,complete_sequence_rewarded,True,True
Generalization,m90,m90_GenLight_400_2,3,4,6,1767528981.751,3.682,1,3,23,3.529,13.766,3.661,3.69,complete_sequence_rewarded,True,True,True,3.529,0.132,0.029,complete_sequence_rewarded,True,True
Generalization,m90,m90_GenLight_400_2,3,4,7,1767529016.506,8.083,0,1,2,NaN,23.881,NaN,NaN,offcue_poke_only,False,False,False,NaN,NaN,NaN,complete_sequence_rewarded,True,True
Generalization,m90,m90_GenLight_400_2,3,4,8,1767529052.803,1.515,1,3,19,1.311,11.31,1.495,1.52,complete_sequence_rewarded,True,True,True,1.311,0.185,0.025,offcue_poke_only,False,False
Generalization,m90,m90_GenLight_400_2,3,4,9,1767529092.248,1.348,1,10,31,1.177,8.68,1.325,1.354,complete_sequence_rewarded,True,True,True,1.177,0.148,0.029,complete_sequence_rewarded,True,True
Generalization,m90,m90_GenLight_400_2,3,4,10,1767529163.764,0.458,1,3,25,0.258,3.952,0.428,0.464,complete_sequence_rewarded,True,True,True,0.258,0.17,0.036,complete_sequence_rewarded,True,True
Generalization,m90,m90_GenLight_400_2,3,4,11,1767529210.037,1.99,1,8,37,1.853,2.638,1.971,1.995,complete_sequence_rewarded,True,True,True,1.853,0.118,0.024,complete_sequence_rewarded,True,True
Generalization,m90,m90_GenLight_400_2,3,4,12,1767529272.799,0.602,1,3,23,0.421,1.602,0.578,0.608,complete_sequence_rewarded,True,True,True,0.421,0.157,0.03,complete_sequence_rewarded,True,True
Generalization,m90,m90_GenLight_400_2,3,4,13,1767529308.674,2.687,1,3,17,2.55,3.584,2.668,2.693,complete_sequence_rewarded,True,True,True,2.55,0.118,0.025,complete_sequence_rewarded,True,True
Generalization,m90,m90_GenLight_400_2,3,4,14,1767529346.921,8.104,0,3,12,NaN,27.123,NaN,NaN,offcue_poke_only,False,False,False,NaN,NaN,NaN,complete_sequence_rewarded,True,True
Generalization,m90,m90_GenLight_400_2,3,4,15,1767529395.706,1.562,1,1,9,1.409,8.077,1.538,NaN,cue_poke_lick_no_reward,True,True,False,1.409,0.129,NaN,offcue_poke_only,False,False
Generalization,m90,m90_GenLight_400_2,3,4,16,1767529427.791,2.055,1,6,39,1.746,17.382,2.042,2.061,complete_sequence_rewarded,True,True,True,1.746,0.296,0.019,cue_poke_lick_no_reward,False,True
Generalization,m90,m90_GenLight_400_2,3,4,17,1767529504.399,5.02,1,5,35,4.896,14.236,5.006,5.025,complete_sequence_rewarded,True,True,True,4.896,0.11,0.019,complete_sequence_rewarded,True,True
Generalization,m90,m90_GenLight_400_2,3,4,18,1767529566.622,8.077,0,9,28,NaN,25.865,NaN,NaN,offcue_poke_only,False,False,False,NaN,NaN,NaN,complete_sequence_rewarded,True,True
Generalization,m90,m90_GenLight_400_2,3,4,19,1767529658.412,0.432,1,15,69,0.294,12.294,0.413,0.438,complete_sequence_rewarded,True,True,True,0.294,0.119,0.025,offcue_poke_only,False,False
Generalization,m90,m90_GenLight_400_2,3,4,20,1767529774.557,0.206,1,2,11,0.053,1.541,0.182,0.212,complete_sequence_rewarded,True,True,True,0.053,0.13,0.03,complete_sequence_rewarded,True,True
Generalization,m90,m90_GenLight_400_2,3,4,21,1767529813.239,8.094,0,1,4,NaN,32.352,NaN,NaN,offcue_poke_only,False,False,False,NaN,NaN,NaN,complete_sequence_rewarded,True,True
Generalization,m90,m90_GenLight_400_2,3,4,22,1767529856.295,0.351,1,4,29,0.171,4.425,0.337,0.357,complete_sequence_rewarded,True,True,True,0.171,0.166,0.02,offcue_poke_only,False,False
Generalization,m90,m90_GenLight_400_2,3,4,23,1767529894.12,0.656,1,6,31,0.55,12.301,0.637,0.663,complete_sequence_rewarded,True,True,True,0.55,0.088,0.025,complete_sequence_rewarded,True,True
Generalization,m90,m90_GenLight_400_2,3,4,24,1767529955.486,1.9,1,3,23,1.779,20.623,1.876,1.906,complete_sequence_rewarded,True,True,True,1.779,0.097,0.03,complete_sequence_rewarded,True,True
Generalization,m90,m90_GenLight_400_2,3,4,25,1767530001.158,0.581,1,1,3,0.411,2.062,0.556,0.587,complete_sequence_rewarded,True,True,True,0.411,0.146,0.031,complete_sequence_rewarded,True,True
Generalization,m90,m90_GenLight_400_2,3,4,26,1767530038.742,3.169,1,4,27,2.931,16.506,3.145,3.175,complete_sequence_rewarded,True,True,True,2.931,0.214,0.03,complete_sequence_rewarded,True,True
Generalization,m90,m90_GenLight_400_2,3,4,27,1767530087.57,1.363,1,5,21,1.223,2.335,1.349,1.37,complete_sequence_rewarded,True,True,True,1.223,0.126,0.02,complete_sequence_rewarded,True,True
Generalization,m90,m90_GenLight_400_2,3,4,28,1767530124.393,3.837,1,7,25,3.66,10.307,3.798,3.843,complete_sequence_rewarded,True,True,True,3.66,0.138,0.045,complete_sequence_rewarded,True,True
Generalization,m90,m90_GenLight_400_2,3,4,29,1767530188.157,1.713,1,2,9,1.473,2.949,1.695,NaN,cue_poke_lick_no_reward,True,True,False,1.473,0.221,NaN,complete_sequence_rewarded,True,True
Generalization,m90,m90_GenLight_400_2,3,4,30,1767530220.896,8.079,0,0,0,NaN,NaN,NaN,NaN,no_response,False,False,False,NaN,NaN,NaN,cue_poke_lick_no_reward,False,True
Generalization,m90,m90_GenLight_400_2,3,4,31,1767530254.06,8.116,0,1,0,NaN,11.849,NaN,NaN,offcue_poke_only,False,False,False,NaN,NaN,NaN,no_response,False,False
Generalization,m90,m90_GenLight_400_2,3,4,32,1767530292.381,0.563,1,4,31,0.459,15.782,0.55,0.57,complete_sequence_rewarded,True,True,True,0.459,0.091,0.02,offcue_poke_only,False,False
Generalization,m90,m90_GenLight_400_2,3,4,33,1767530350.718,0.773,1,1,11,0.636,19.456,0.759,NaN,cue_poke_lick_no_reward,True,True,False,0.636,0.123,NaN,complete_sequence_rewarded,True,True
Generalization,m90,m90_GenLight_400_2,3,4,34,1767530389.151,0.544,1,1,19,0.441,27.369,0.514,0.55,complete_sequence_rewarded,True,True,True,0.441,0.074,0.035,cue_poke_lick_no_reward,False,True
Generalization,m90,m90_GenLight_400_2,3,4,35,1767530427.149,0.927,1,2,23,0.689,10.647,0.898,0.933,complete_sequence_rewarded,True,True,True,0.689,0.209,0.034,complete_sequence_rewarded,True,True
Generalization,m90,m90_GenLight_400_2,3,4,36,1767530467.388,1.8,1,6,29,1.678,3.812,1.785,1.806,complete_sequence_rewarded,True,True,True,1.678,0.107,0.021,complete_sequence_rewarded,True,True
Generalization,m90,m90_GenLight_400_2,3,4,37,1767530523.094,6.975,1,3,21,6.888,17.474,6.951,NaN,cue_poke_lick_no_reward,True,True,False,6.888,0.063,NaN,complete_sequence_rewarded,True,True
Generalization,m90,m90_GenLight_400_2,3,4,38,1767530576.669,0.488,1,0,5,0.355,NaN,0.465,0.494,complete_sequence_rewarded,True,True,True,0.355,0.11,0.029,cue_poke_lick_no_reward,False,True
Generalization,m90,m90_GenLight_400_2,3,4,39,1767530609.172,7.143,1,3,15,7.018,20.869,7.113,7.151,complete_sequence_rewarded,True,True,True,7.018,0.096,0.038,complete_sequence_rewarded,True,True
Generalization,m90,m90_GenLight_400_2,3,4,40,1767530665.206,2.172,1,2,21,1.854,22.133,2.153,2.178,complete_sequence_rewarded,True,True,True,1.854,0.299,0.025,complete_sequence_rewarded,True,True
Generalization,m90,m90_GenLight_400_2,3,4,41,1767530708.452,7.871,1,4,19,7.742,9.141,7.844,7.877,complete_sequence_rewarded,True,True,True,7.742,0.102,0.033,complete_sequence_rewarded,True,True
Generalization,m90,m90_GenLight_400_2,3,4,42,1767530760.814,0.571,1,2,10,0.435,24.047,0.543,0.577,complete_sequence_rewarded,True,True,True,0.435,0.108,0.034,complete_sequence_rewarded,True,True
Generalization,m90,m90_GenLight_400_2,3,4,43,1767530802.517,1.775,1,2,9,1.646,36.461,1.752,NaN,cue_poke_lick_no_reward,True,True,False,1.646,0.107,NaN,complete_sequence_rewarded,True,True
Generalization,m90,m90_GenLight_400_2,3,4,44,1767530850.599,0.412,1,4,27,0.275,13.023,0.398,0.418,complete_sequence_rewarded,True,True,True,0.275,0.123,0.019,cue_poke_lick_no_reward,False,True
Generalization,m90,m90_GenLight_400_2,3,4,45,1767530902.27,8.092,0,3,8,NaN,23.835,NaN,NaN,offcue_poke_only,False,False,False,NaN,NaN,NaN,complete_sequence_rewarded,True,True
Generalization,m90,m90_GenLight_400_2,3,4,46,1767530955.227,0.58,1,5,21,0.448,2.598,0.568,0.586,complete_sequence_rewarded,True,True,True,0.448,0.12,0.019,offcue_poke_only,False,False
Generalization,m90,m90_GenLight_400_2,3,4,47,1767531009.07,4.808,1,2,11,4.7,11.667,4.792,4.813,complete_sequence_rewarded,True,True,True,4.7,0.092,0.021,complete_sequence_rewarded,True,True
Generalization,m90,m90_GenLight_400_2,3,4,48,1767531047.306,1.669,1,1,11,1.529,29.68,1.657,1.675,complete_sequence_rewarded,True,True,True,1.529,0.127,0.019,complete_sequence_rewarded,True,True
Generalization,m90,m90_GenLight_400_2,3,4,49,1767531087.643,1.807,1,1,19,1.558,30.427,1.784,1.815,complete_sequence_rewarded,True,True,True,1.558,0.226,0.031,complete_sequence_rewarded,True,True
Generalization,m90,m90_GenLight_400_2,3,4,50,1767531129.168,2.938,1,5,27,2.749,14.53,2.921,2.945,complete_sequence_rewarded,True,True,True,2.749,0.172,0.024,complete_sequence_rewarded,True,True
Generalization,m90,m90_GenLight_400_2,3,4,51,1767531202.702,0.608,1,0,7,0.437,NaN,0.588,0.614,complete_sequence_rewarded,True,True,True,0.437,0.152,0.025,complete_sequence_rewarded,True,True
Generalization,m90,m90_GenLight_400_2,3,4,52,1767531233.303,6.045,1,2,13,5.814,19.366,6.027,6.05,complete_sequence_rewarded,True,True,True,5.814,0.213,0.023,complete_sequence_rewarded,True,True
Generalization,m90,m90_GenLight_400_2,3,4,53,1767531276.435,0.526,1,3,15,0.392,10.392,0.508,0.532,complete_sequence_rewarded,True,True,True,0.392,0.116,0.024,complete_sequence_rewarded,True,True
Generalization,m90,m90_GenLight_400_2,3,4,54,1767531321.286,3.06,1,1,13,2.928,38.747,3.047,3.067,complete_sequence_rewarded,True,True,True,2.928,0.119,0.02,complete_sequence_rewarded,True,True
Generalization,m90,m90_GenLight_400_2,3,4,55,1767531371.508,5.79,1,5,15,5.669,6.961,5.77,5.797,complete_sequence_rewarded,True,True,True,5.669,0.101,0.026,complete_sequence_rewarded,True,True
Generalization,m90,m90_GenLight_400_2,3,4,56,1767531427.696,1.99,1,2,5,1.723,2.564,1.979,1.997,complete_sequence_rewarded,True,True,True,1.723,0.256,0.018,complete_sequence_rewarded,True,True
Generalization,m90,m90_GenLight_400_2,3,4,57,1767531468.568,3.5,1,3,9,3.334,4.257,3.478,3.506,complete_sequence_rewarded,True,True,True,3.334,0.144,0.027,complete_sequence_rewarded,True,True
Generalization,m90,m90_GenLight_400_2,3,4,58,1767531503.061,6.19,1,0,9,5.958,NaN,6.172,6.195,complete_sequence_rewarded,True,True,True,5.958,0.213,0.024,complete_sequence_rewarded,True,True
Generalization,m90,m90_GenLight_400_2,3,4,59,1767531540.211,1.267,1,1,9,1.114,2.055,1.248,1.272,complete_sequence_rewarded,True,True,True,1.114,0.134,0.023,complete_sequence_rewarded,True,True
Generalization,m90,m90_GenLight_400_2,3,4,60,1767531580.486,0.852,1,0,5,0.565,NaN,0.837,0.858,complete_sequence_rewarded,True,True,True,0.565,0.272,0.021,complete_sequence_rewarded,True,True
Generalization,m90,m90_GenLight_400_2,3,4,61,1767531611.55,0.002,0,0,0,NaN,NaN,NaN,NaN,no_response,False,False,False,NaN,NaN,NaN,complete_sequence_rewarded,True,True
Generalization,m92,m92_GenLight_400,1,1,1,1766912364.109,8.071,1,1,2,7.121,17.683,17.874,NaN,cue_poke_lick_no_reward,True,True,False,7.121,10.753,NaN,,,
Generalization,m92,m92_GenLight_400,1,1,2,1766912405.461,4.778,1,0,9,4.415,NaN,4.759,4.784,complete_sequence_rewarded,True,True,True,4.415,0.344,0.025,cue_poke_lick_no_reward,False,True
Generalization,m92,m92_GenLight_400,1,1,3,1766912447.034,7.076,1,2,15,6.734,28.238,7.057,7.083,complete_sequence_rewarded,True,True,True,6.734,0.323,0.026,complete_sequence_rewarded,True,True
Generalization,m92,m92_GenLight_400,1,1,4,1766912496.057,8.074,0,1,16,NaN,20.938,NaN,NaN,offcue_poke_only,False,False,False,NaN,NaN,NaN,complete_sequence_rewarded,True,True
Generalization,m92,m92_GenLight_400,1,1,5,1766912534.522,8.089,0,2,12,NaN,22.899,NaN,NaN,offcue_poke_only,False,False,False,NaN,NaN,NaN,offcue_poke_only,False,False
Generalization,m92,m92_GenLight_400,1,1,6,1766912577.36,8.05,0,1,14,NaN,13.664,NaN,NaN,offcue_poke_only,False,False,False,NaN,NaN,NaN,offcue_poke_only,False,False
Generalization,m92,m92_GenLight_400,1,1,7,1766912617.048,3.431,1,2,39,2.849,9.346,3.411,3.435,complete_sequence_rewarded,True,True,True,2.849,0.561,0.025,offcue_poke_only,False,False
Generalization,m92,m92_GenLight_400,1,1,8,1766912664.589,8.1,0,1,6,NaN,12.186,NaN,NaN,offcue_poke_only,False,False,False,NaN,NaN,NaN,complete_sequence_rewarded,True,True
Generalization,m92,m92_GenLight_400,1,1,9,1766912708.729,8.076,0,4,30,NaN,18.861,NaN,NaN,offcue_poke_only,False,False,False,NaN,NaN,NaN,offcue_poke_only,False,False
Generalization,m92,m92_GenLight_400,1,1,10,1766912771.799,8.082,0,1,8,NaN,27.782,NaN,NaN,offcue_poke_only,False,False,False,NaN,NaN,NaN,offcue_poke_only,False,False
Generalization,m92,m92_GenLight_400,1,1,11,1766912811.295,8.073,0,1,4,NaN,33.335,NaN,NaN,offcue_poke_only,False,False,False,NaN,NaN,NaN,offcue_poke_only,False,False
Generalization,m92,m92_GenLight_400,1,1,12,1766912855.537,8.057,0,1,10,NaN,23.812,NaN,NaN,offcue_poke_only,False,False,False,NaN,NaN,NaN,offcue_poke_only,False,False
Generalization,m92,m92_GenLight_400,1,1,13,1766912893.025,8.104,0,1,4,NaN,25.05,NaN,NaN,offcue_poke_only,False,False,False,NaN,NaN,NaN,offcue_poke_only,False,False
Generalization,m92,m92_GenLight_400,1,1,14,1766912929.966,8.082,0,0,0,NaN,NaN,NaN,NaN,no_response,False,False,False,NaN,NaN,NaN,offcue_poke_only,False,False
Generalization,m92,m92_GenLight_400,1,1,15,1766912969.2,8.101,0,1,6,NaN,16.293,NaN,NaN,offcue_poke_only,False,False,False,NaN,NaN,NaN,no_response,False,False
Generalization,m92,m92_GenLight_400,1,1,16,1766913011.162,8.073,0,0,0,NaN,NaN,NaN,NaN,no_response,False,False,False,NaN,NaN,NaN,offcue_poke_only,False,False
Generalization,m92,m92_GenLight_400,1,1,17,1766913050.315,8.089,0,1,4,NaN,33.266,NaN,NaN,offcue_poke_only,False,False,False,NaN,NaN,NaN,no_response,False,False
Generalization,m92,m92_GenLight_400,1,1,18,1766913096.702,8.081,0,2,16,NaN,39.388,NaN,NaN,offcue_poke_only,False,False,False,NaN,NaN,NaN,offcue_poke_only,False,False
Generalization,m92,m92_GenLight_400,1,1,19,1766913160.837,8.087,0,0,0,NaN,NaN,NaN,NaN,no_response,False,False,False,NaN,NaN,NaN,offcue_poke_only,False,False
Generalization,m92,m92_GenLight_400,1,1,20,1766913196.026,8.09,0,0,0,NaN,NaN,NaN,NaN,no_response,False,False,False,NaN,NaN,NaN,no_response,False,False
Generalization,m92,m92_GenLight_400,1,1,21,1766913230.204,8.073,0,1,4,NaN,10.347,NaN,NaN,offcue_poke_only,False,False,False,NaN,NaN,NaN,no_response,False,False
Generalization,m92,m92_GenLight_400,1,1,22,1766913271.904,8.088,0,0,2,NaN,NaN,NaN,NaN,no_response,False,False,False,NaN,NaN,NaN,offcue_poke_only,False,False
Generalization,m92,m92_GenLight_400,1,1,23,1766913305.094,3.144,1,3,23,2.801,4.285,3.13,3.15,complete_sequence_rewarded,True,True,True,2.801,0.329,0.02,no_response,False,False
Generalization,m92,m92_GenLight_400,1,1,24,1766913347.054,8.086,0,0,0,NaN,NaN,NaN,NaN,no_response,False,False,False,NaN,NaN,NaN,complete_sequence_rewarded,True,True
Generalization,m92,m92_GenLight_400,1,1,25,1766913386.223,8.071,0,0,0,NaN,NaN,NaN,NaN,no_response,False,False,False,NaN,NaN,NaN,no_response,False,False
Generalization,m92,m92_GenLight_400,1,1,26,1766913424.392,8.093,0,0,0,NaN,NaN,NaN,NaN,no_response,False,False,False,NaN,NaN,NaN,no_response,False,False
Generalization,m92,m92_GenLight_400,1,1,27,1766913457.567,8.104,0,3,22,NaN,16.738,NaN,NaN,offcue_poke_only,False,False,False,NaN,NaN,NaN,no_response,False,False
Generalization,m92,m92_GenLight_400,1,1,28,1766913508.954,2.471,1,1,27,1.088,35.801,2.433,2.477,complete_sequence_rewarded,True,True,True,1.088,1.345,0.043,offcue_poke_only,False,False
Generalization,m92,m92_GenLight_400,1,1,29,1766913556.264,8.09,0,0,0,NaN,NaN,NaN,NaN,no_response,False,False,False,NaN,NaN,NaN,complete_sequence_rewarded,True,True
Generalization,m92,m92_GenLight_400,1,1,30,1766913594.438,8.086,0,0,0,NaN,NaN,NaN,NaN,no_response,False,False,False,NaN,NaN,NaN,no_response,False,False
Generalization,m92,m92_GenLight_400,1,1,31,1766913629.668,8.075,0,1,4,NaN,15.011,NaN,NaN,offcue_poke_only,False,False,False,NaN,NaN,NaN,no_response,False,False
Generalization,m92,m92_GenLight_400,1,1,32,1766913664.62,8.084,0,1,4,NaN,14.713,NaN,NaN,offcue_poke_only,False,False,False,NaN,NaN,NaN,offcue_poke_only,False,False
Generalization,m92,m92_GenLight_400,1,1,33,1766913708.794,8.1,0,2,8,NaN,11.608,NaN,NaN,offcue_poke_only,False,False,False,NaN,NaN,NaN,offcue_poke_only,False,False
Generalization,m92,m92_GenLight_400,1,1,34,1766913750.576,8.045,0,2,18,NaN,10.455,NaN,NaN,offcue_poke_only,False,False,False,NaN,NaN,NaN,offcue_poke_only,False,False
Generalization,m92,m92_GenLight_400,1,1,35,1766913800.747,8.103,0,1,10,NaN,9.915,NaN,NaN,offcue_poke_only,False,False,False,NaN,NaN,NaN,offcue_poke_only,False,False
Generalization,m92,m92_GenLight_400,1,1,36,1766913841.692,8.081,0,1,8,NaN,8.704,NaN,NaN,offcue_poke_only,False,False,False,NaN,NaN,NaN,offcue_poke_only,False,False
Generalization,m92,m92_GenLight_400,1,1,37,1766913877.248,8.055,0,0,0,NaN,NaN,NaN,NaN,no_response,False,False,False,NaN,NaN,NaN,offcue_poke_only,False,False
Generalization,m92,m92_GenLight_400,1,1,38,1766913918.387,8.053,0,2,20,NaN,8.543,NaN,NaN,offcue_poke_only,False,False,False,NaN,NaN,NaN,no_response,False,False
Generalization,m92,m92_GenLight_400,1,1,39,1766913964.042,8.088,0,0,0,NaN,NaN,NaN,NaN,no_response,False,False,False,NaN,NaN,NaN,offcue_poke_only,False,False
Generalization,m92,m92_GenLight_400,1,1,40,1766914001.223,8.077,0,0,0,NaN,NaN,NaN,NaN,no_response,False,False,False,NaN,NaN,NaN,no_response,False,False
Generalization,m92,m92_GenLight_400,1,1,41,1766914035.403,8.047,0,0,0,NaN,NaN,NaN,NaN,no_response,False,False,False,NaN,NaN,NaN,no_response,False,False
Generalization,m92,m92_GenLight_400,1,1,42,1766914074.507,8.102,0,1,8,NaN,26.182,NaN,NaN,offcue_poke_only,False,False,False,NaN,NaN,NaN,no_response,False,False
Generalization,m92,m92_GenLight_400,1,1,43,1766914114.616,8.095,0,1,12,NaN,10.623,NaN,NaN,offcue_poke_only,False,False,False,NaN,NaN,NaN,offcue_poke_only,False,False
Generalization,m92,m92_GenLight_400,1,1,44,1766914155.35,8.077,0,0,0,NaN,NaN,NaN,NaN,no_response,False,False,False,NaN,NaN,NaN,offcue_poke_only,False,False
Generalization,m92,m92_GenLight_400,1,1,45,1766914190.505,8.088,0,3,34,NaN,18.43,NaN,NaN,offcue_poke_only,False,False,False,NaN,NaN,NaN,no_response,False,False
Generalization,m92,m92_GenLight_400,1,1,46,1766914241.206,8.086,0,2,6,NaN,29.421,NaN,NaN,offcue_poke_only,False,False,False,NaN,NaN,NaN,offcue_poke_only,False,False
Generalization,m92,m92_GenLight_400,1,1,47,1766914283.347,8.066,0,0,0,NaN,NaN,NaN,NaN,no_response,False,False,False,NaN,NaN,NaN,offcue_poke_only,False,False
Generalization,m92,m92_GenLight_400,1,1,48,1766914320.537,8.095,0,1,8,NaN,32.846,NaN,NaN,offcue_poke_only,False,False,False,NaN,NaN,NaN,no_response,False,False
Generalization,m92,m92_GenLight_400,1,1,49,1766914365.908,8.091,0,1,8,NaN,40.487,NaN,NaN,offcue_poke_only,False,False,False,NaN,NaN,NaN,offcue_poke_only,False,False
Generalization,m92,m92_GenLight_400,1,1,50,1766914417.318,7.442,1,0,5,6.989,NaN,7.414,7.448,complete_sequence_rewarded,True,True,True,6.989,0.425,0.035,offcue_poke_only,False,False
Generalization,m92,m92_GenLight_400,1,1,51,1766914454.431,8.071,0,0,0,NaN,NaN,NaN,NaN,no_response,False,False,False,NaN,NaN,NaN,complete_sequence_rewarded,True,True
Generalization,m92,m92_GenLight_400,1,1,52,1766914496.589,8.092,0,0,0,NaN,NaN,NaN,NaN,no_response,False,False,False,NaN,NaN,NaN,no_response,False,False
Generalization,m92,m92_GenLight_400,1,1,53,1766914535.77,8.091,0,1,12,NaN,30.433,NaN,NaN,offcue_poke_only,False,False,False,NaN,NaN,NaN,no_response,False,False
Generalization,m92,m92_GenLight_400,1,1,54,1766914577.856,8.059,0,1,6,NaN,11.006,NaN,NaN,offcue_poke_only,False,False,False,NaN,NaN,NaN,offcue_poke_only,False,False
Generalization,m92,m92_GenLight_400,1,1,55,1766914616.807,8.13,0,0,0,NaN,NaN,NaN,NaN,no_response,False,False,False,NaN,NaN,NaN,offcue_poke_only,False,False
Generalization,m92,m92_GenLight_400,1,1,56,1766914654.018,8.087,0,0,0,NaN,NaN,NaN,NaN,no_response,False,False,False,NaN,NaN,NaN,no_response,False,False
Generalization,m92,m92_GenLight_400,1,1,57,1766914687.181,8.058,0,0,0,NaN,NaN,NaN,NaN,no_response,False,False,False,NaN,NaN,NaN,no_response,False,False
Generalization,m92,m92_GenLight_400,1,1,58,1766914724.336,8.099,0,1,6,NaN,8.284,NaN,NaN,offcue_poke_only,False,False,False,NaN,NaN,NaN,no_response,False,False
Generalization,m92,m92_GenLight_400,1,1,59,1766914765.232,8.085,0,1,10,NaN,15.68,NaN,NaN,offcue_poke_only,False,False,False,NaN,NaN,NaN,offcue_poke_only,False,False
Generalization,m92,m92_GenLight_400,1,1,60,1766914800.991,8.069,0,0,0,NaN,NaN,NaN,NaN,no_response,False,False,False,NaN,NaN,NaN,offcue_poke_only,False,False
Generalization,m92,m92_GenLight_400,1,1,61,1766914837.546,0.003,0,0,0,NaN,NaN,NaN,NaN,no_response,False,False,False,NaN,NaN,NaN,no_response,False,False
Generalization,m92,m92_GenLight_400,2,2,1,1767014343.811,8.085,0,0,0,NaN,NaN,NaN,NaN,no_response,False,False,False,NaN,NaN,NaN,,,
Generalization,m92,m92_GenLight_400,2,2,2,1767014386.01,8.09,0,3,14,NaN,28.501,NaN,NaN,offcue_poke_only,False,False,False,NaN,NaN,NaN,no_response,False,False
Generalization,m92,m92_GenLight_400,2,2,3,1767014434.046,8.088,0,1,2,NaN,26.825,NaN,NaN,offcue_poke_only,False,False,False,NaN,NaN,NaN,offcue_poke_only,False,False
Generalization,m92,m92_GenLight_400,2,2,4,1767014480.911,8.089,0,2,14,NaN,14.792,NaN,NaN,offcue_poke_only,False,False,False,NaN,NaN,NaN,offcue_poke_only,False,False
Generalization,m92,m92_GenLight_400,2,2,5,1767014527.606,8.056,0,5,18,NaN,8.61,NaN,NaN,offcue_poke_only,False,False,False,NaN,NaN,NaN,offcue_poke_only,False,False
Generalization,m92,m92_GenLight_400,2,2,6,1767014593.87,8.053,0,3,12,NaN,32.802,NaN,NaN,offcue_poke_only,False,False,False,NaN,NaN,NaN,offcue_poke_only,False,False
Generalization,m92,m92_GenLight_400,2,2,7,1767014648.976,8.078,0,0,0,NaN,NaN,NaN,NaN,no_response,False,False,False,NaN,NaN,NaN,offcue_poke_only,False,False
Generalization,m92,m92_GenLight_400,2,2,8,1767014689.15,8.082,1,1,42,6.483,16.534,8.382,8.407,complete_sequence_rewarded,True,True,True,6.483,1.899,0.025,no_response,False,False
Generalization,m92,m92_GenLight_400,2,2,9,1767014738.709,8.09,0,2,8,NaN,12.246,NaN,NaN,offcue_poke_only,False,False,False,NaN,NaN,NaN,complete_sequence_rewarded,True,True
Generalization,m92,m92_GenLight_400,2,2,10,1767014774.478,8.087,0,0,0,NaN,NaN,NaN,NaN,no_response,False,False,False,NaN,NaN,NaN,offcue_poke_only,False,False
Generalization,m92,m92_GenLight_400,2,2,11,1767014814.635,8.106,0,4,16,NaN,11.018,NaN,NaN,offcue_poke_only,False,False,False,NaN,NaN,NaN,no_response,False,False
Generalization,m92,m92_GenLight_400,2,2,12,1767014864.33,8.085,0,2,4,NaN,17.469,NaN,NaN,offcue_poke_only,False,False,False,NaN,NaN,NaN,offcue_poke_only,False,False
Generalization,m92,m92_GenLight_400,2,2,13,1767014908.375,8.105,0,4,18,NaN,8.41,NaN,NaN,offcue_poke_only,False,False,False,NaN,NaN,NaN,offcue_poke_only,False,False
Generalization,m92,m92_GenLight_400,2,2,14,1767014952.016,8.101,0,0,0,NaN,NaN,NaN,NaN,no_response,False,False,False,NaN,NaN,NaN,offcue_poke_only,False,False
Generalization,m92,m92_GenLight_400,2,2,15,1767014993.203,1.005,1,1,11,0.9,25.605,0.981,1.012,complete_sequence_rewarded,True,True,True,0.9,0.081,0.031,no_response,False,False
Generalization,m92,m92_GenLight_400,2,2,16,1767015030.016,7.594,1,2,35,7.316,17.056,7.569,7.599,complete_sequence_rewarded,True,True,True,7.316,0.253,0.03,complete_sequence_rewarded,True,True
Generalization,m92,m92_GenLight_400,2,2,17,1767015075.284,8.036,0,2,16,NaN,8.536,NaN,NaN,offcue_poke_only,False,False,False,NaN,NaN,NaN,complete_sequence_rewarded,True,True
Generalization,m92,m92_GenLight_400,2,2,18,1767015117.598,8.074,0,0,0,NaN,NaN,NaN,NaN,no_response,False,False,False,NaN,NaN,NaN,offcue_poke_only,False,False
Generalization,m92,m92_GenLight_400,2,2,19,1767015158.752,8.091,0,1,10,NaN,16.837,NaN,NaN,offcue_poke_only,False,False,False,NaN,NaN,NaN,no_response,False,False
Generalization,m92,m92_GenLight_400,2,2,20,1767015194.053,3.47,1,1,23,3.141,9.876,3.456,3.478,complete_sequence_rewarded,True,True,True,3.141,0.315,0.022,offcue_poke_only,False,False
Generalization,m92,m92_GenLight_400,2,2,21,1767015235.105,3.379,1,1,19,3.11,6.436,3.361,3.384,complete_sequence_rewarded,True,True,True,3.11,0.251,0.023,complete_sequence_rewarded,True,True
Generalization,m92,m92_GenLight_400,2,2,22,1767015269.386,8.076,0,0,0,NaN,NaN,NaN,NaN,no_response,False,False,False,NaN,NaN,NaN,complete_sequence_rewarded,True,True
Generalization,m92,m92_GenLight_400,2,2,23,1767015311.575,8.082,0,3,18,NaN,14.872,NaN,NaN,offcue_poke_only,False,False,False,NaN,NaN,NaN,no_response,False,False
Generalization,m92,m92_GenLight_400,2,2,24,1767015359.327,2.849,1,2,33,2.565,9.142,2.834,2.856,complete_sequence_rewarded,True,True,True,2.565,0.27,0.021,offcue_poke_only,False,False
Generalization,m92,m92_GenLight_400,2,2,25,1767015407.356,8.099,0,2,10,NaN,20.897,NaN,NaN,offcue_poke_only,False,False,False,NaN,NaN,NaN,complete_sequence_rewarded,True,True
Generalization,m92,m92_GenLight_400,2,2,26,1767015450.367,8.051,0,1,10,NaN,8.278,NaN,NaN,offcue_poke_only,False,False,False,NaN,NaN,NaN,offcue_poke_only,False,False
Generalization,m92,m92_GenLight_400,2,2,27,1767015487.515,5.146,1,3,39,4.721,6.844,5.127,5.152,complete_sequence_rewarded,True,True,True,4.721,0.406,0.025,offcue_poke_only,False,False
Generalization,m92,m92_GenLight_400,2,2,28,1767015532.164,8.093,0,5,34,NaN,14.312,NaN,NaN,offcue_poke_only,False,False,False,NaN,NaN,NaN,complete_sequence_rewarded,True,True
Generalization,m92,m92_GenLight_400,2,2,29,1767015578.261,5.659,1,4,39,5.421,8.39,5.644,5.665,complete_sequence_rewarded,True,True,True,5.421,0.222,0.021,offcue_poke_only,False,False
Generalization,m92,m92_GenLight_400,2,2,30,1767015624.029,4.131,1,10,69,3.871,7.811,4.113,4.136,complete_sequence_rewarded,True,True,True,3.871,0.243,0.023,complete_sequence_rewarded,True,True
Generalization,m92,m92_GenLight_400,2,2,31,1767015672.82,8.081,0,4,36,NaN,33.912,NaN,NaN,offcue_poke_only,False,False,False,NaN,NaN,NaN,complete_sequence_rewarded,True,True
Generalization,m92,m92_GenLight_400,2,2,32,1767015744.198,8.08,0,3,20,NaN,18.709,NaN,NaN,offcue_poke_only,False,False,False,NaN,NaN,NaN,offcue_poke_only,False,False
Generalization,m92,m92_GenLight_400,2,2,33,1767015795.339,8.069,0,1,10,NaN,27.151,NaN,NaN,offcue_poke_only,False,False,False,NaN,NaN,NaN,offcue_poke_only,False,False
Generalization,m92,m92_GenLight_400,2,2,34,1767015833.81,8.116,0,2,14,NaN,21.744,NaN,NaN,offcue_poke_only,False,False,False,NaN,NaN,NaN,offcue_poke_only,False,False
Generalization,m92,m92_GenLight_400,2,2,35,1767015882.408,8.09,0,3,32,NaN,8.895,NaN,NaN,offcue_poke_only,False,False,False,NaN,NaN,NaN,offcue_poke_only,False,False
Generalization,m92,m92_GenLight_400,2,2,36,1767015936.683,8.093,0,3,20,NaN,12.556,NaN,NaN,offcue_poke_only,False,False,False,NaN,NaN,NaN,offcue_poke_only,False,False
Generalization,m92,m92_GenLight_400,2,2,37,1767015973.873,8.113,0,0,0,NaN,NaN,NaN,NaN,no_response,False,False,False,NaN,NaN,NaN,offcue_poke_only,False,False
Generalization,m92,m92_GenLight_400,2,2,38,1767016012.076,8.068,0,1,6,NaN,13.096,NaN,NaN,offcue_poke_only,False,False,False,NaN,NaN,NaN,no_response,False,False
Generalization,m92,m92_GenLight_400,2,2,39,1767016055.041,8.082,0,2,34,NaN,30.747,NaN,NaN,offcue_poke_only,False,False,False,NaN,NaN,NaN,offcue_poke_only,False,False
Generalization,m92,m92_GenLight_400,2,2,40,1767016109.206,8.048,0,0,0,NaN,NaN,NaN,NaN,no_response,False,False,False,NaN,NaN,NaN,offcue_poke_only,False,False
Generalization,m92,m92_GenLight_400,2,2,41,1767016147.344,8.04,0,5,16,NaN,35.413,NaN,NaN,offcue_poke_only,False,False,False,NaN,NaN,NaN,no_response,False,False
Generalization,m92,m92_GenLight_400,2,2,42,1767016213.281,1.743,1,5,29,1.407,6.673,1.729,1.754,complete_sequence_rewarded,True,True,True,1.407,0.322,0.025,offcue_poke_only,False,False
Generalization,m92,m92_GenLight_400,2,2,43,1767016258.743,6.383,1,5,55,6.182,16.125,6.351,6.401,complete_sequence_rewarded,True,True,True,6.182,0.169,0.05,complete_sequence_rewarded,True,True
Generalization,m92,m92_GenLight_400,2,2,44,1767016318.272,8.051,0,2,18,NaN,8.332,NaN,NaN,offcue_poke_only,False,False,False,NaN,NaN,NaN,complete_sequence_rewarded,True,True
Generalization,m92,m92_GenLight_400,2,2,45,1767016361.358,2.732,1,0,19,2.54,NaN,2.704,2.737,complete_sequence_rewarded,True,True,True,2.54,0.164,0.033,offcue_poke_only,False,False
Generalization,m92,m92_GenLight_400,2,2,46,1767016394.045,8.092,0,0,0,NaN,NaN,NaN,NaN,no_response,False,False,False,NaN,NaN,NaN,complete_sequence_rewarded,True,True
Generalization,m92,m92_GenLight_400,2,2,47,1767016428.22,4.209,1,3,27,4.0,24.313,4.194,NaN,cue_poke_lick_no_reward,True,True,False,4.0,0.194,NaN,no_response,False,False
Generalization,m92,m92_GenLight_400,2,2,48,1767016486.599,8.078,0,2,8,NaN,14.406,NaN,NaN,offcue_poke_only,False,False,False,NaN,NaN,NaN,cue_poke_lick_no_reward,False,True
Generalization,m92,m92_GenLight_400,2,2,49,1767016530.29,8.087,0,3,14,NaN,16.331,NaN,NaN,offcue_poke_only,False,False,False,NaN,NaN,NaN,offcue_poke_only,False,False
Generalization,m92,m92_GenLight_400,2,2,50,1767016579.479,2.433,1,2,13,2.223,27.297,2.413,2.438,complete_sequence_rewarded,True,True,True,2.223,0.191,0.025,offcue_poke_only,False,False
Generalization,m92,m92_GenLight_400,2,2,51,1767016621.297,5.928,1,4,35,5.723,7.673,5.908,5.933,complete_sequence_rewarded,True,True,True,5.723,0.185,0.025,complete_sequence_rewarded,True,True
Generalization,m92,m92_GenLight_400,2,2,52,1767016664.487,5.181,1,1,19,4.903,9.445,5.157,5.188,complete_sequence_rewarded,True,True,True,4.903,0.254,0.031,complete_sequence_rewarded,True,True
Generalization,m92,m92_GenLight_400,2,2,53,1767016710.226,8.071,0,0,0,NaN,NaN,NaN,NaN,no_response,False,False,False,NaN,NaN,NaN,complete_sequence_rewarded,True,True
Generalization,m92,m92_GenLight_400,2,2,54,1767016749.367,6.975,1,1,17,6.713,19.989,6.953,6.98,complete_sequence_rewarded,True,True,True,6.713,0.24,0.028,no_response,False,False
Generalization,m92,m92_GenLight_400,2,2,55,1767016794.204,1.358,1,3,17,1.074,2.834,1.34,1.364,complete_sequence_rewarded,True,True,True,1.074,0.266,0.024,complete_sequence_rewarded,True,True
Generalization,m92,m92_GenLight_400,2,2,56,1767016833.684,4.207,1,17,99,3.965,13.211,4.188,4.213,complete_sequence_rewarded,True,True,True,3.965,0.223,0.025,complete_sequence_rewarded,True,True
Generalization,m92,m92_GenLight_400,2,2,57,1767016943.747,8.071,0,2,0,NaN,14.862,NaN,NaN,offcue_poke_only,False,False,False,NaN,NaN,NaN,complete_sequence_rewarded,True,True
Generalization,m92,m92_GenLight_400,2,2,58,1767016981.922,8.103,0,1,6,NaN,10.821,NaN,NaN,offcue_poke_only,False,False,False,NaN,NaN,NaN,offcue_poke_only,False,False
Generalization,m92,m92_GenLight_400,2,2,59,1767017021.424,8.099,0,0,0,NaN,NaN,NaN,NaN,no_response,False,False,False,NaN,NaN,NaN,offcue_poke_only,False,False
Generalization,m92,m92_GenLight_400,2,2,60,1767017064.916,0.003,0,0,0,NaN,NaN,NaN,NaN,no_response,False,False,False,NaN,NaN,NaN,no_response,False,False
Generalization,m92,m92_GenLight_400_2,1,3,1,1767254123.609,5.335,1,1,31,4.941,23.53,5.323,5.342,complete_sequence_rewarded,True,True,True,4.941,0.382,0.019,,,
Generalization,m92,m92_GenLight_400_2,1,3,2,1767254169.195,8.072,0,2,18,NaN,9.686,NaN,NaN,offcue_poke_only,False,False,False,NaN,NaN,NaN,complete_sequence_rewarded,True,True
Generalization,m92,m92_GenLight_400_2,1,3,3,1767254214.068,2.136,1,3,33,1.724,4.473,2.118,2.143,complete_sequence_rewarded,True,True,True,1.724,0.394,0.025,offcue_poke_only,False,False
Generalization,m92,m92_GenLight_400_2,1,3,4,1767254251.005,8.074,0,2,24,NaN,10.9,NaN,NaN,offcue_poke_only,False,False,False,NaN,NaN,NaN,complete_sequence_rewarded,True,True
Generalization,m92,m92_GenLight_400_2,1,3,5,1767254298.957,8.076,0,0,0,NaN,NaN,NaN,NaN,no_response,False,False,False,NaN,NaN,NaN,offcue_poke_only,False,False
Generalization,m92,m92_GenLight_400_2,1,3,6,1767254338.1,5.241,1,8,65,5.03,10.214,5.224,5.247,complete_sequence_rewarded,True,True,True,5.03,0.194,0.023,no_response,False,False
Generalization,m92,m92_GenLight_400_2,1,3,7,1767254411.314,4.179,1,5,43,3.864,6.509,4.162,4.185,complete_sequence_rewarded,True,True,True,3.864,0.298,0.023,complete_sequence_rewarded,True,True
Generalization,m92,m92_GenLight_400_2,1,3,8,1767254456.544,8.085,0,5,22,NaN,22.011,NaN,NaN,offcue_poke_only,False,False,False,NaN,NaN,NaN,complete_sequence_rewarded,True,True
Generalization,m92,m92_GenLight_400_2,1,3,9,1767254506.619,8.092,0,1,12,NaN,30.7,NaN,NaN,offcue_poke_only,False,False,False,NaN,NaN,NaN,offcue_poke_only,False,False
Generalization,m92,m92_GenLight_400_2,1,3,10,1767254555.16,8.083,0,3,18,NaN,8.873,NaN,NaN,offcue_poke_only,False,False,False,NaN,NaN,NaN,offcue_poke_only,False,False
Generalization,m92,m92_GenLight_400_2,1,3,11,1767254596.857,8.054,0,2,12,NaN,15.162,NaN,NaN,offcue_poke_only,False,False,False,NaN,NaN,NaN,offcue_poke_only,False,False
Generalization,m92,m92_GenLight_400_2,1,3,12,1767254641.037,8.066,0,0,0,NaN,NaN,NaN,NaN,no_response,False,False,False,NaN,NaN,NaN,offcue_poke_only,False,False
Generalization,m92,m92_GenLight_400_2,1,3,13,1767254683.191,6.083,1,2,25,5.856,9.187,6.065,6.089,complete_sequence_rewarded,True,True,True,5.856,0.209,0.025,no_response,False,False
Generalization,m92,m92_GenLight_400_2,1,3,14,1767254730.824,7.029,1,5,51,6.695,12.292,7.01,7.035,complete_sequence_rewarded,True,True,True,6.695,0.315,0.025,complete_sequence_rewarded,True,True
Generalization,m92,m92_GenLight_400_2,1,3,15,1767254781.821,2.295,1,3,39,2.039,4.789,2.271,2.3,complete_sequence_rewarded,True,True,True,2.039,0.231,0.029,complete_sequence_rewarded,True,True
Generalization,m92,m92_GenLight_400_2,1,3,16,1767254816.278,4.232,1,1,25,3.864,7.529,4.216,4.239,complete_sequence_rewarded,True,True,True,3.864,0.351,0.024,complete_sequence_rewarded,True,True
Generalization,m92,m92_GenLight_400_2,1,3,17,1767254851.325,8.055,0,2,12,NaN,36.704,NaN,NaN,offcue_poke_only,False,False,False,NaN,NaN,NaN,complete_sequence_rewarded,True,True
Generalization,m92,m92_GenLight_400_2,1,3,18,1767254909.713,2.177,1,6,49,1.964,3.713,2.158,2.185,complete_sequence_rewarded,True,True,True,1.964,0.194,0.027,offcue_poke_only,False,False
Generalization,m92,m92_GenLight_400_2,1,3,19,1767254958.319,7.94,1,5,47,7.722,10.753,7.924,7.946,complete_sequence_rewarded,True,True,True,7.722,0.202,0.022,complete_sequence_rewarded,True,True
Generalization,m92,m92_GenLight_400_2,1,3,20,1767255013.429,1.877,1,11,57,1.521,3.316,1.865,1.882,complete_sequence_rewarded,True,True,True,1.521,0.344,0.018,complete_sequence_rewarded,True,True
Generalization,m92,m92_GenLight_400_2,1,3,21,1767255079.078,2.838,1,2,21,2.56,3.17,2.822,2.843,complete_sequence_rewarded,True,True,True,2.56,0.262,0.021,complete_sequence_rewarded,True,True
Generalization,m92,m92_GenLight_400_2,1,3,22,1767255113.891,5.982,1,3,45,5.803,10.438,5.97,5.987,complete_sequence_rewarded,True,True,True,5.803,0.167,0.018,complete_sequence_rewarded,True,True
Generalization,m92,m92_GenLight_400_2,1,3,23,1767255160.053,3.16,1,3,35,2.999,19.02,3.142,3.165,complete_sequence_rewarded,True,True,True,2.999,0.143,0.023,complete_sequence_rewarded,True,True
Generalization,m92,m92_GenLight_400_2,1,3,24,1767255199.57,0.714,1,2,19,0.435,14.758,0.696,0.719,complete_sequence_rewarded,True,True,True,0.435,0.261,0.023,complete_sequence_rewarded,True,True
Generalization,m92,m92_GenLight_400_2,1,3,25,1767255237.282,8.081,0,2,14,NaN,11.7,NaN,NaN,offcue_poke_only,False,False,False,NaN,NaN,NaN,complete_sequence_rewarded,True,True
Generalization,m92,m92_GenLight_400_2,1,3,26,1767255282.208,8.079,0,5,40,NaN,11.148,NaN,NaN,offcue_poke_only,False,False,False,NaN,NaN,NaN,offcue_poke_only,False,False
Generalization,m92,m92_GenLight_400_2,1,3,27,1767255330.72,4.816,1,2,29,4.67,7.796,4.806,4.823,complete_sequence_rewarded,True,True,True,4.67,0.136,0.017,offcue_poke_only,False,False
Generalization,m92,m92_GenLight_400_2,1,3,28,1767255376.455,7.315,1,2,9,7.053,8.23,7.288,7.32,complete_sequence_rewarded,True,True,True,7.053,0.235,0.031,complete_sequence_rewarded,True,True
Generalization,m92,m92_GenLight_400_2,1,3,29,1767255423.671,8.074,0,0,0,NaN,NaN,NaN,NaN,no_response,False,False,False,NaN,NaN,NaN,complete_sequence_rewarded,True,True
Generalization,m92,m92_GenLight_400_2,1,3,30,1767255456.833,8.083,0,0,0,NaN,NaN,NaN,NaN,no_response,False,False,False,NaN,NaN,NaN,no_response,False,False
Generalization,m92,m92_GenLight_400_2,1,3,31,1767255493.998,8.081,0,2,6,NaN,31.87,NaN,NaN,offcue_poke_only,False,False,False,NaN,NaN,NaN,no_response,False,False
Generalization,m92,m92_GenLight_400_2,1,3,32,1767255536.632,8.105,0,7,40,NaN,8.184,NaN,NaN,offcue_poke_only,False,False,False,NaN,NaN,NaN,offcue_poke_only,False,False
Generalization,m92,m92_GenLight_400_2,1,3,33,1767255598.88,3.362,1,2,25,3.07,9.302,3.346,NaN,cue_poke_lick_no_reward,True,True,False,3.07,0.276,NaN,offcue_poke_only,False,False
Generalization,m92,m92_GenLight_400_2,1,3,34,1767255645.631,8.097,0,2,10,NaN,8.109,NaN,8.29,offcue_poke_only,False,False,True,NaN,NaN,NaN,cue_poke_lick_no_reward,False,True
Generalization,m92,m92_GenLight_400_2,1,3,35,1767255685.878,8.02,0,1,4,NaN,16.243,NaN,NaN,offcue_poke_only,False,False,False,NaN,NaN,NaN,offcue_poke_only,True,False
Generalization,m92,m92_GenLight_400_2,1,3,36,1767255720.554,3.273,1,3,19,2.979,4.469,3.236,NaN,cue_poke_lick_no_reward,True,True,False,2.979,0.257,NaN,offcue_poke_only,False,False
Generalization,m92,m92_GenLight_400_2,1,3,37,1767255764.385,5.915,1,1,19,5.244,11.184,5.892,5.921,complete_sequence_rewarded,True,True,True,5.244,0.648,0.029,cue_poke_lick_no_reward,False,True
Generalization,m92,m92_GenLight_400_2,1,3,38,1767255809.825,4.518,1,0,9,4.126,NaN,4.498,4.524,complete_sequence_rewarded,True,True,True,4.126,0.373,0.025,complete_sequence_rewarded,True,True
Generalization,m92,m92_GenLight_400_2,1,3,39,1767255852.117,8.074,0,2,18,NaN,23.463,NaN,NaN,offcue_poke_only,False,False,False,NaN,NaN,NaN,complete_sequence_rewarded,True,True
Generalization,m92,m92_GenLight_400_2,1,3,40,1767255904.951,3.227,2,0,21,0.14,NaN,3.199,3.235,complete_sequence_rewarded,True,True,True,0.14,3.059,0.036,offcue_poke_only,False,False
Generalization,m92,m92_GenLight_400_2,1,3,41,1767255941.249,6.817,1,9,97,6.054,10.605,6.777,6.822,complete_sequence_rewarded,True,True,True,6.054,0.723,0.046,complete_sequence_rewarded,True,True
Generalization,m92,m92_GenLight_400_2,1,3,42,1767256027.231,3.722,1,4,61,3.43,8.114,3.709,3.727,complete_sequence_rewarded,True,True,True,3.43,0.279,0.018,complete_sequence_rewarded,True,True
Generalization,m92,m92_GenLight_400_2,1,3,43,1767256077.649,6.312,1,0,15,5.946,NaN,6.297,6.318,complete_sequence_rewarded,True,True,True,5.946,0.351,0.021,complete_sequence_rewarded,True,True
Generalization,m92,m92_GenLight_400_2,1,3,44,1767256118.761,8.049,0,1,6,NaN,19.294,NaN,NaN,offcue_poke_only,False,False,False,NaN,NaN,NaN,complete_sequence_rewarded,True,True
Generalization,m92,m92_GenLight_400_2,1,3,45,1767256159.733,4.933,1,4,25,4.542,8.73,4.91,4.939,complete_sequence_rewarded,True,True,True,4.542,0.368,0.029,offcue_poke_only,False,False
Generalization,m92,m92_GenLight_400_2,1,3,46,1767256213.703,2.465,1,4,39,2.33,7.045,2.456,2.471,complete_sequence_rewarded,True,True,True,2.33,0.126,0.016,complete_sequence_rewarded,True,True
Generalization,m92,m92_GenLight_400_2,1,3,47,1767256261.718,6.533,1,2,19,6.305,12.698,6.502,NaN,cue_poke_lick_no_reward,True,True,False,6.305,0.197,NaN,complete_sequence_rewarded,True,True
Generalization,m92,m92_GenLight_400_2,1,3,48,1767256305.992,8.021,1,1,16,8.012,33.899,8.188,8.21,complete_sequence_rewarded,True,True,True,8.012,0.176,0.022,cue_poke_lick_no_reward,False,True
Generalization,m92,m92_GenLight_400_2,1,3,49,1767256350.9,8.101,1,2,38,8.012,11.512,8.286,8.306,complete_sequence_rewarded,True,True,True,8.012,0.274,0.02,complete_sequence_rewarded,True,True
Generalization,m92,m92_GenLight_400_2,1,3,50,1767256399.999,8.058,0,0,0,NaN,NaN,NaN,NaN,no_response,False,False,False,NaN,NaN,NaN,complete_sequence_rewarded,True,True
Generalization,m92,m92_GenLight_400_2,1,3,51,1767256434.136,8.09,0,0,0,NaN,NaN,NaN,NaN,no_response,False,False,False,NaN,NaN,NaN,no_response,False,False
Generalization,m92,m92_GenLight_400_2,1,3,52,1767256469.3,8.057,0,4,18,NaN,15.256,NaN,NaN,offcue_poke_only,False,False,False,NaN,NaN,NaN,no_response,False,False
Generalization,m92,m92_GenLight_400_2,1,3,53,1767256516.067,6.638,1,1,21,6.292,26.951,6.621,6.644,complete_sequence_rewarded,True,True,True,6.292,0.329,0.022,offcue_poke_only,False,False
Generalization,m92,m92_GenLight_400_2,1,3,54,1767256562.509,2.032,1,3,11,1.768,3.169,2.013,2.038,complete_sequence_rewarded,True,True,True,1.768,0.245,0.025,complete_sequence_rewarded,True,True
Generalization,m92,m92_GenLight_400_2,1,3,55,1767256599.697,4.131,1,3,21,3.922,11.122,4.119,NaN,cue_poke_lick_no_reward,True,True,False,3.922,0.197,NaN,complete_sequence_rewarded,True,True
Generalization,m92,m92_GenLight_400_2,1,3,56,1767256645.304,5.557,1,0,13,5.351,NaN,5.544,5.562,complete_sequence_rewarded,True,True,True,5.351,0.193,0.018,cue_poke_lick_no_reward,False,True
Generalization,m92,m92_GenLight_400_2,1,3,57,1767256687.809,8.065,0,0,0,NaN,NaN,NaN,NaN,no_response,False,False,False,NaN,NaN,NaN,complete_sequence_rewarded,True,True
Generalization,m92,m92_GenLight_400_2,1,3,58,1767256721.029,8.068,0,0,0,NaN,NaN,NaN,NaN,no_response,False,False,False,NaN,NaN,NaN,no_response,False,False
Generalization,m92,m92_GenLight_400_2,1,3,59,1767256762.18,1.092,1,1,19,0.892,23.924,1.065,1.1,complete_sequence_rewarded,True,True,True,0.892,0.173,0.035,no_response,False,False
Generalization,m92,m92_GenLight_400_2,1,3,60,1767256801.325,3.237,1,1,27,2.635,20.425,3.226,3.243,complete_sequence_rewarded,True,True,True,2.635,0.592,0.017,complete_sequence_rewarded,True,True
Generalization,m92,m92_GenLight_400_2,1,3,61,1767256840.433,0.002,0,0,0,NaN,NaN,NaN,NaN,no_response,False,False,False,NaN,NaN,NaN,complete_sequence_rewarded,True,True
Generalization,m92,m92_GenLight_400_2,2,4,1,1767532248.08,3.014,1,3,29,2.971,3.473,2.996,3.023,complete_sequence_rewarded,True,True,True,2.971,0.025,0.027,,,
Generalization,m92,m92_GenLight_400_2,2,4,2,1767532291.133,7.845,1,2,35,7.524,9.616,7.822,7.851,complete_sequence_rewarded,True,True,True,7.524,0.298,0.029,complete_sequence_rewarded,True,True
Generalization,m92,m92_GenLight_400_2,2,4,3,1767532338.458,3.793,1,9,77,3.629,17.711,3.774,3.799,complete_sequence_rewarded,True,True,True,3.629,0.146,0.024,complete_sequence_rewarded,True,True
Generalization,m92,m92_GenLight_400_2,2,4,4,1767532420.358,8.108,0,1,6,NaN,15.926,NaN,NaN,offcue_poke_only,False,False,False,NaN,NaN,NaN,complete_sequence_rewarded,True,True
Generalization,m92,m92_GenLight_400_2,2,4,5,1767532456.307,5.663,1,5,43,5.371,19.443,5.645,5.671,complete_sequence_rewarded,True,True,True,5.371,0.274,0.026,offcue_poke_only,False,False
Generalization,m92,m92_GenLight_400_2,2,4,6,1767532513.228,5.17,1,4,43,4.977,7.549,5.15,5.176,complete_sequence_rewarded,True,True,True,4.977,0.173,0.026,complete_sequence_rewarded,True,True
Generalization,m92,m92_GenLight_400_2,2,4,7,1767532568.451,3.763,1,5,59,3.501,15.341,3.738,3.769,complete_sequence_rewarded,True,True,True,3.501,0.237,0.032,complete_sequence_rewarded,True,True
Generalization,m92,m92_GenLight_400_2,2,4,8,1767532631.28,5.493,1,4,39,5.212,7.983,5.475,5.499,complete_sequence_rewarded,True,True,True,5.212,0.263,0.024,complete_sequence_rewarded,True,True
Generalization,m92,m92_GenLight_400_2,2,4,9,1767532677.102,2.9,1,0,23,2.687,NaN,2.886,2.905,complete_sequence_rewarded,True,True,True,2.687,0.198,0.019,complete_sequence_rewarded,True,True
Generalization,m92,m92_GenLight_400_2,2,4,10,1767532709.946,3.852,1,8,61,3.02,26.918,3.838,3.858,complete_sequence_rewarded,True,True,True,3.02,0.817,0.02,complete_sequence_rewarded,True,True
Generalization,m92,m92_GenLight_400_2,2,4,11,1767532783.349,1.763,1,2,25,1.427,22.561,1.751,1.769,complete_sequence_rewarded,True,True,True,1.427,0.324,0.018,complete_sequence_rewarded,True,True
Generalization,m92,m92_GenLight_400_2,2,4,12,1767532819.367,4.861,1,3,39,4.731,10.296,4.848,4.867,complete_sequence_rewarded,True,True,True,4.731,0.117,0.019,complete_sequence_rewarded,True,True
Generalization,m92,m92_GenLight_400_2,2,4,13,1767532863.223,1.869,1,1,17,1.616,3.833,1.854,1.875,complete_sequence_rewarded,True,True,True,1.616,0.238,0.021,complete_sequence_rewarded,True,True
Generalization,m92,m92_GenLight_400_2,2,4,14,1767532899.998,1.354,1,4,51,1.077,8.904,1.331,1.36,complete_sequence_rewarded,True,True,True,1.077,0.253,0.029,complete_sequence_rewarded,True,True
Generalization,m92,m92_GenLight_400_2,2,4,15,1767532950.152,2.504,1,6,45,1.602,22.155,2.484,2.51,complete_sequence_rewarded,True,True,True,1.602,0.882,0.026,complete_sequence_rewarded,True,True
Generalization,m92,m92_GenLight_400_2,2,4,16,1767533024.071,2.144,1,4,29,1.743,18.575,2.126,2.15,complete_sequence_rewarded,True,True,True,1.743,0.384,0.024,complete_sequence_rewarded,True,True
Generalization,m92,m92_GenLight_400_2,2,4,17,1767533068.004,5.941,2,2,3,0.87,6.5,5.917,5.948,complete_sequence_rewarded,True,True,True,0.87,5.047,0.031,complete_sequence_rewarded,True,True
Generalization,m92,m92_GenLight_400_2,2,4,18,1767533105.261,0.882,1,5,17,0.711,3.683,0.859,0.887,complete_sequence_rewarded,True,True,True,0.711,0.148,0.028,complete_sequence_rewarded,True,True
Generalization,m92,m92_GenLight_400_2,2,4,19,1767533164.121,1.078,1,3,3,0.937,2.401,1.063,1.086,complete_sequence_rewarded,True,True,True,0.937,0.127,0.023,complete_sequence_rewarded,True,True
Generalization,m92,m92_GenLight_400_2,2,4,20,1767533204.216,8.076,0,0,0,NaN,NaN,NaN,NaN,no_response,False,False,False,NaN,NaN,NaN,complete_sequence_rewarded,True,True
Generalization,m92,m92_GenLight_400_2,2,4,21,1767533240.371,8.095,0,5,18,NaN,22.49,NaN,NaN,offcue_poke_only,False,False,False,NaN,NaN,NaN,no_response,False,False
Generalization,m92,m92_GenLight_400_2,2,4,22,1767533299.772,1.393,1,2,15,1.016,9.915,1.376,1.398,complete_sequence_rewarded,True,True,True,1.016,0.359,0.023,offcue_poke_only,False,False
Generalization,m92,m92_GenLight_400_2,2,4,23,1767533344.109,1.339,1,8,63,1.079,5.899,1.306,1.345,complete_sequence_rewarded,True,True,True,1.079,0.227,0.039,complete_sequence_rewarded,True,True
Generalization,m92,m92_GenLight_400_2,2,4,24,1767533425.542,5.173,1,3,13,4.863,5.5,5.159,5.178,complete_sequence_rewarded,True,True,True,4.863,0.296,0.02,complete_sequence_rewarded,True,True
Generalization,m92,m92_GenLight_400_2,2,4,25,1767533466.93,3.466,1,4,33,3.136,6.965,3.446,3.473,complete_sequence_rewarded,True,True,True,3.136,0.309,0.027,complete_sequence_rewarded,True,True
Generalization,m92,m92_GenLight_400_2,2,4,26,1767533522.12,2.641,1,0,9,2.282,NaN,2.626,2.647,complete_sequence_rewarded,True,True,True,2.282,0.343,0.021,complete_sequence_rewarded,True,True
Generalization,m92,m92_GenLight_400_2,2,4,27,1767533556.571,8.089,0,0,0,NaN,NaN,NaN,NaN,no_response,False,False,False,NaN,NaN,NaN,complete_sequence_rewarded,True,True
Generalization,m92,m92_GenLight_400_2,2,4,28,1767533591.741,8.08,0,1,6,NaN,8.668,NaN,NaN,offcue_poke_only,False,False,False,NaN,NaN,NaN,no_response,False,False
Generalization,m92,m92_GenLight_400_2,2,4,29,1767533629.121,8.054,0,1,2,NaN,19.168,NaN,NaN,offcue_poke_only,False,False,False,NaN,NaN,NaN,offcue_poke_only,False,False
Generalization,m92,m92_GenLight_400_2,2,4,30,1767533669.149,1.891,1,2,19,1.639,4.776,1.877,1.898,complete_sequence_rewarded,True,True,True,1.639,0.238,0.021,offcue_poke_only,False,False
Generalization,m92,m92_GenLight_400_2,2,4,31,1767533715.013,3.325,1,2,31,3.045,14.195,3.312,3.331,complete_sequence_rewarded,True,True,True,3.045,0.267,0.019,complete_sequence_rewarded,True,True
Generalization,m92,m92_GenLight_400_2,2,4,32,1767533756.22,3.001,1,1,9,2.648,3.326,2.973,3.007,complete_sequence_rewarded,True,True,True,2.648,0.325,0.034,complete_sequence_rewarded,True,True
Generalization,m92,m92_GenLight_400_2,2,4,33,1767533795.045,6.594,1,1,9,6.332,25.622,6.556,6.604,complete_sequence_rewarded,True,True,True,6.332,0.223,0.048,complete_sequence_rewarded,True,True
Generalization,m92,m92_GenLight_400_2,2,4,34,1767533838.422,5.006,1,5,17,4.813,26.861,4.988,NaN,cue_poke_lick_no_reward,True,True,False,4.813,0.175,NaN,complete_sequence_rewarded,True,True
Generalization,m92,m92_GenLight_400_2,2,4,35,1767533881.285,1.875,1,3,19,1.689,16.36,1.86,1.88,complete_sequence_rewarded,True,True,True,1.689,0.171,0.02,cue_poke_lick_no_reward,False,True
Generalization,m92,m92_GenLight_400_2,2,4,36,1767533925.466,0.715,1,5,29,0.455,3.921,0.694,0.721,complete_sequence_rewarded,True,True,True,0.455,0.239,0.027,complete_sequence_rewarded,True,True
Generalization,m92,m92_GenLight_400_2,2,4,37,1767533967.005,6.904,1,5,29,6.533,27.898,6.884,6.909,complete_sequence_rewarded,True,True,True,6.533,0.352,0.025,complete_sequence_rewarded,True,True
Generalization,m92,m92_GenLight_400_2,2,4,38,1767534030.508,2.206,2,1,9,1.147,24.074,2.187,NaN,cue_poke_lick_no_reward,True,True,False,1.147,1.04,NaN,complete_sequence_rewarded,True,True
Generalization,m92,m92_GenLight_400_2,2,4,39,1767534067.001,8.077,0,5,22,NaN,9.527,NaN,NaN,offcue_poke_only,False,False,False,NaN,NaN,NaN,cue_poke_lick_no_reward,False,True
Generalization,m92,m92_GenLight_400_2,2,4,40,1767534121.154,3.096,1,1,11,2.863,3.964,3.072,3.101,complete_sequence_rewarded,True,True,True,2.863,0.209,0.03,offcue_poke_only,False,False
Generalization,m92,m92_GenLight_400_2,2,4,41,1767534154.163,8.09,0,0,0,NaN,NaN,NaN,NaN,no_response,False,False,False,NaN,NaN,NaN,complete_sequence_rewarded,True,True
Generalization,m92,m92_GenLight_400_2,2,4,42,1767534188.348,6.048,1,1,20,5.836,21.573,6.029,6.053,complete_sequence_rewarded,True,True,True,5.836,0.193,0.024,no_response,False,False
Generalization,m92,m92_GenLight_400_2,2,4,43,1767534233.565,8.063,0,4,20,NaN,10.521,NaN,NaN,offcue_poke_only,False,False,False,NaN,NaN,NaN,complete_sequence_rewarded,True,True
Generalization,m92,m92_GenLight_400_2,2,4,44,1767534291.22,0.921,1,4,33,0.722,25.901,0.903,0.927,complete_sequence_rewarded,True,True,True,0.722,0.181,0.024,offcue_poke_only,False,False
Generalization,m92,m92_GenLight_400_2,2,4,45,1767534343.639,7.77,1,6,27,7.661,8.093,7.757,7.775,complete_sequence_rewarded,True,True,True,7.661,0.096,0.019,complete_sequence_rewarded,True,True
Generalization,m92,m92_GenLight_400_2,2,4,46,1767534396.687,5.94,1,2,13,5.717,7.027,5.918,5.946,complete_sequence_rewarded,True,True,True,5.717,0.2,0.029,complete_sequence_rewarded,True,True
Generalization,m92,m92_GenLight_400_2,2,4,47,1767534438.471,1.858,1,6,27,1.579,13.179,1.84,1.864,complete_sequence_rewarded,True,True,True,1.579,0.261,0.024,complete_sequence_rewarded,True,True
Generalization,m92,m92_GenLight_400_2,2,4,48,1767534480.017,3.33,1,0,11,3.145,NaN,3.306,3.336,complete_sequence_rewarded,True,True,True,3.145,0.16,0.03,complete_sequence_rewarded,True,True
Generalization,m92,m92_GenLight_400_2,2,4,49,1767534513.309,8.08,0,0,0,NaN,NaN,NaN,NaN,no_response,False,False,False,NaN,NaN,NaN,complete_sequence_rewarded,True,True
Generalization,m92,m92_GenLight_400_2,2,4,50,1767534548.464,4.364,1,4,9,4.132,5.139,4.352,4.371,complete_sequence_rewarded,True,True,True,4.132,0.22,0.019,no_response,False,False
Generalization,m92,m92_GenLight_400_2,2,4,51,1767534591.106,8.079,0,2,8,NaN,9.41,NaN,NaN,offcue_poke_only,False,False,False,NaN,NaN,NaN,complete_sequence_rewarded,True,True
Generalization,m92,m92_GenLight_400_2,2,4,52,1767534631.336,1.131,1,0,11,0.987,NaN,1.113,1.137,complete_sequence_rewarded,True,True,True,0.987,0.126,0.024,offcue_poke_only,False,False
Generalization,m92,m92_GenLight_400_2,2,4,53,1767534665.499,2.511,1,3,17,2.319,12.367,2.497,2.517,complete_sequence_rewarded,True,True,True,2.319,0.179,0.019,complete_sequence_rewarded,True,True
Generalization,m92,m92_GenLight_400_2,2,4,54,1767534718.443,8.073,0,1,8,NaN,20.601,NaN,NaN,offcue_poke_only,False,False,False,NaN,NaN,NaN,complete_sequence_rewarded,True,True
Generalization,m92,m92_GenLight_400_2,2,4,55,1767534761.354,2.803,1,0,3,2.628,NaN,2.784,2.808,complete_sequence_rewarded,True,True,True,2.628,0.155,0.025,offcue_poke_only,False,False
Generalization,m92,m92_GenLight_400_2,2,4,56,1767534794.128,0.847,1,3,13,0.7,1.368,0.834,0.852,complete_sequence_rewarded,True,True,True,0.7,0.133,0.019,complete_sequence_rewarded,True,True
Generalization,m92,m92_GenLight_400_2,2,4,57,1767534838.805,8.099,0,0,0,NaN,NaN,NaN,NaN,no_response,False,False,False,NaN,NaN,NaN,complete_sequence_rewarded,True,True
Generalization,m92,m92_GenLight_400_2,2,4,58,1767534879.007,2.18,1,0,5,2.079,NaN,2.161,NaN,cue_poke_lick_no_reward,True,True,False,2.079,0.082,NaN,no_response,False,False
Generalization,m92,m92_GenLight_400_2,2,4,59,1767534920.261,8.058,0,0,0,NaN,NaN,NaN,NaN,no_response,False,False,False,NaN,NaN,NaN,cue_poke_lick_no_reward,False,True
Generalization,m92,m92_GenLight_400_2,2,4,60,1767534956.39,6.583,2,0,3,6.216,NaN,6.566,6.59,complete_sequence_rewarded,True,True,True,6.216,0.349,0.025,no_response,False,False
Generalization,m92,m92_GenLight_400_2,2,4,61,1767535002.113,0.002,0,0,0,NaN,NaN,NaN,NaN,no_response,False,False,False,NaN,NaN,NaN,complete_sequence_rewarded,True,True
Generalization,m93,m93_GenLight_400,1,1,1,1766915388.538,8.061,0,1,8,NaN,27.661,NaN,NaN,offcue_poke_only,False,False,False,NaN,NaN,NaN,,,
Generalization,m93,m93_GenLight_400,1,1,2,1766915428.354,8.059,0,0,0,NaN,NaN,NaN,NaN,no_response,False,False,False,NaN,NaN,NaN,offcue_poke_only,False,False
Generalization,m93,m93_GenLight_400,1,1,3,1766915467.501,8.087,0,0,0,NaN,NaN,NaN,NaN,no_response,False,False,False,NaN,NaN,NaN,no_response,False,False
Generalization,m93,m93_GenLight_400,1,1,4,1766915508.654,8.101,0,2,10,NaN,9.396,NaN,NaN,offcue_poke_only,False,False,False,NaN,NaN,NaN,no_response,False,False
Generalization,m93,m93_GenLight_400,1,1,5,1766915549.049,6.989,1,1,25,6.748,40.069,6.975,6.995,complete_sequence_rewarded,True,True,True,6.748,0.227,0.021,offcue_poke_only,False,False
Generalization,m93,m93_GenLight_400,1,1,6,1766915600.265,8.077,0,2,10,NaN,10.678,NaN,NaN,offcue_poke_only,False,False,False,NaN,NaN,NaN,complete_sequence_rewarded,True,True
Generalization,m93,m93_GenLight_400,1,1,7,1766915649.281,6.744,1,13,55,6.423,8.528,6.724,6.751,complete_sequence_rewarded,True,True,True,6.423,0.301,0.027,offcue_poke_only,False,False
Generalization,m93,m93_GenLight_400,1,1,8,1766915717.35,8.114,1,4,54,7.981,37.898,8.174,8.197,complete_sequence_rewarded,True,True,True,7.981,0.193,0.023,complete_sequence_rewarded,True,True
Generalization,m93,m93_GenLight_400,1,1,9,1766915785.215,3.896,1,2,17,3.665,6.73,3.873,3.902,complete_sequence_rewarded,True,True,True,3.665,0.208,0.029,complete_sequence_rewarded,True,True
Generalization,m93,m93_GenLight_400,1,1,10,1766915828.798,8.102,0,1,2,NaN,25.271,NaN,NaN,offcue_poke_only,False,False,False,NaN,NaN,NaN,complete_sequence_rewarded,True,True
Generalization,m93,m93_GenLight_400,1,1,11,1766915866.169,8.091,0,0,0,NaN,NaN,NaN,NaN,no_response,False,False,False,NaN,NaN,NaN,offcue_poke_only,False,False
Generalization,m93,m93_GenLight_400,1,1,12,1766915903.36,8.121,0,9,70,NaN,9.677,NaN,NaN,offcue_poke_only,False,False,False,NaN,NaN,NaN,no_response,False,False
Generalization,m93,m93_GenLight_400,1,1,13,1766915999.09,8.085,0,1,2,NaN,23.386,NaN,NaN,offcue_poke_only,False,False,False,NaN,NaN,NaN,offcue_poke_only,False,False
Generalization,m93,m93_GenLight_400,1,1,14,1766916043.053,8.066,1,3,31,7.887,21.858,8.057,8.081,complete_sequence_rewarded,True,True,True,7.887,0.17,0.025,offcue_poke_only,False,False
Generalization,m93,m93_GenLight_400,1,1,15,1766916100.529,8.067,0,0,0,NaN,NaN,NaN,NaN,no_response,False,False,False,NaN,NaN,NaN,complete_sequence_rewarded,True,True
Generalization,m93,m93_GenLight_400,1,1,16,1766916134.67,8.052,0,3,18,NaN,9.131,NaN,NaN,offcue_poke_only,False,False,False,NaN,NaN,NaN,no_response,False,False
Generalization,m93,m93_GenLight_400,1,1,17,1766916186.202,8.087,0,5,22,NaN,13.579,NaN,NaN,offcue_poke_only,False,False,False,NaN,NaN,NaN,offcue_poke_only,False,False
Generalization,m93,m93_GenLight_400,1,1,18,1766916250.2,8.088,1,2,20,7.875,17.657,8.149,8.17,complete_sequence_rewarded,True,True,True,7.875,0.274,0.021,offcue_poke_only,False,False
Generalization,m93,m93_GenLight_400,1,1,19,1766916305.72,4.939,1,1,15,4.781,25.053,4.921,4.946,complete_sequence_rewarded,True,True,True,4.781,0.14,0.025,complete_sequence_rewarded,True,True
Generalization,m93,m93_GenLight_400,1,1,20,1766916346.752,1.942,1,0,11,1.639,NaN,1.923,1.947,complete_sequence_rewarded,True,True,True,1.639,0.284,0.024,complete_sequence_rewarded,True,True
Generalization,m93,m93_GenLight_400,1,1,21,1766916383.618,8.052,0,4,20,NaN,14.274,NaN,NaN,offcue_poke_only,False,False,False,NaN,NaN,NaN,complete_sequence_rewarded,True,True
Generalization,m93,m93_GenLight_400,1,1,22,1766916438.512,1.221,1,0,11,1.051,NaN,1.202,NaN,cue_poke_lick_no_reward,True,True,False,1.051,0.151,NaN,offcue_poke_only,False,False
Generalization,m93,m93_GenLight_400,1,1,23,1766916477.723,8.056,0,1,10,NaN,14.307,NaN,NaN,offcue_poke_only,False,False,False,NaN,NaN,NaN,cue_poke_lick_no_reward,False,True
Generalization,m93,m93_GenLight_400,1,1,24,1766916516.53,3.509,1,3,31,3.256,11.482,3.481,3.515,complete_sequence_rewarded,True,True,True,3.256,0.225,0.034,offcue_poke_only,False,False
Generalization,m93,m93_GenLight_400,1,1,25,1766916560.411,8.061,0,4,30,NaN,18.432,NaN,NaN,offcue_poke_only,False,False,False,NaN,NaN,NaN,complete_sequence_rewarded,True,True
Generalization,m93,m93_GenLight_400,1,1,26,1766916618.273,8.068,0,2,12,NaN,22.933,NaN,NaN,offcue_poke_only,False,False,False,NaN,NaN,NaN,offcue_poke_only,False,False
Generalization,m93,m93_GenLight_400,1,1,27,1766916665.273,6.568,1,1,15,6.327,34.702,6.551,6.573,complete_sequence_rewarded,True,True,True,6.327,0.223,0.023,offcue_poke_only,False,False
Generalization,m93,m93_GenLight_400,1,1,28,1766916712.248,8.082,0,1,8,NaN,16.246,NaN,NaN,offcue_poke_only,False,False,False,NaN,NaN,NaN,complete_sequence_rewarded,True,True
Generalization,m93,m93_GenLight_400,1,1,29,1766916758.099,8.083,0,0,0,NaN,NaN,NaN,NaN,no_response,False,False,False,NaN,NaN,NaN,offcue_poke_only,False,False
Generalization,m93,m93_GenLight_400,1,1,30,1766916794.253,8.084,1,2,16,7.688,13.98,8.259,NaN,cue_poke_lick_no_reward,True,True,False,7.688,0.571,NaN,no_response,False,False
Generalization,m93,m93_GenLight_400,1,1,31,1766916839.432,5.184,1,0,15,4.984,NaN,5.165,5.189,complete_sequence_rewarded,True,True,True,4.984,0.181,0.024,cue_poke_lick_no_reward,False,True
Generalization,m93,m93_GenLight_400,1,1,32,1766916875.55,8.057,0,1,6,NaN,20.208,NaN,NaN,offcue_poke_only,False,False,False,NaN,NaN,NaN,complete_sequence_rewarded,True,True
Generalization,m93,m93_GenLight_400,1,1,33,1766916919.411,8.042,0,2,14,NaN,29.279,NaN,NaN,offcue_poke_only,False,False,False,NaN,NaN,NaN,offcue_poke_only,False,False
Generalization,m93,m93_GenLight_400,1,1,34,1766916978.647,5.352,1,2,31,5.171,16.737,5.333,5.358,complete_sequence_rewarded,True,True,True,5.171,0.162,0.025,offcue_poke_only,False,False
Generalization,m93,m93_GenLight_400,1,1,35,1766917020.753,2.279,1,0,15,2.128,NaN,2.266,2.285,complete_sequence_rewarded,True,True,True,2.128,0.138,0.019,complete_sequence_rewarded,True,True
Generalization,m93,m93_GenLight_400,1,1,36,1766917056.08,6.59,1,1,15,6.39,21.931,6.571,6.595,complete_sequence_rewarded,True,True,True,6.39,0.181,0.024,complete_sequence_rewarded,True,True
Generalization,m93,m93_GenLight_400,1,1,37,1766917104.003,8.076,0,2,12,NaN,18.519,NaN,NaN,offcue_poke_only,False,False,False,NaN,NaN,NaN,complete_sequence_rewarded,True,True
Generalization,m93,m93_GenLight_400,1,1,38,1766917142.451,1.599,1,0,17,1.358,NaN,1.574,1.604,complete_sequence_rewarded,True,True,True,1.358,0.216,0.031,offcue_poke_only,False,False
Generalization,m93,m93_GenLight_400,1,1,39,1766917174.967,5.192,1,1,21,4.992,35.208,5.174,5.198,complete_sequence_rewarded,True,True,True,4.992,0.181,0.024,complete_sequence_rewarded,True,True
Generalization,m93,m93_GenLight_400,1,1,40,1766917222.026,5.647,1,5,33,5.447,10.082,5.626,5.652,complete_sequence_rewarded,True,True,True,5.447,0.179,0.025,complete_sequence_rewarded,True,True
Generalization,m93,m93_GenLight_400,1,1,41,1766917283.57,3.45,1,1,15,3.288,7.631,3.431,3.456,complete_sequence_rewarded,True,True,True,3.288,0.143,0.024,complete_sequence_rewarded,True,True
Generalization,m93,m93_GenLight_400,1,1,42,1766917324.807,8.103,0,3,16,NaN,19.731,NaN,NaN,offcue_poke_only,False,False,False,NaN,NaN,NaN,complete_sequence_rewarded,True,True
Generalization,m93,m93_GenLight_400,1,1,43,1766917366.421,1.007,1,0,11,0.801,NaN,0.988,1.023,complete_sequence_rewarded,True,True,True,0.801,0.187,0.035,offcue_poke_only,False,False
Generalization,m93,m93_GenLight_400,1,1,44,1766917405.355,1.765,1,2,25,1.565,30.355,1.753,1.772,complete_sequence_rewarded,True,True,True,1.565,0.188,0.019,complete_sequence_rewarded,True,True
Generalization,m93,m93_GenLight_400,1,1,45,1766917452.585,8.056,0,3,20,NaN,11.789,NaN,NaN,offcue_poke_only,False,False,False,NaN,NaN,NaN,complete_sequence_rewarded,True,True
Generalization,m93,m93_GenLight_400,1,1,46,1766917503.376,4.035,1,5,33,3.766,14.587,4.02,NaN,cue_poke_lick_no_reward,True,True,False,3.766,0.254,NaN,offcue_poke_only,False,False
Generalization,m93,m93_GenLight_400,1,1,47,1766917567.699,8.056,0,0,0,NaN,NaN,NaN,NaN,no_response,False,False,False,NaN,NaN,NaN,cue_poke_lick_no_reward,False,True
Generalization,m93,m93_GenLight_400,1,1,48,1766917607.863,8.087,0,0,0,NaN,NaN,NaN,NaN,no_response,False,False,False,NaN,NaN,NaN,no_response,False,False
Generalization,m93,m93_GenLight_400,1,1,49,1766917643.046,8.11,0,0,0,NaN,NaN,NaN,NaN,no_response,False,False,False,NaN,NaN,NaN,no_response,False,False
Generalization,m93,m93_GenLight_400,1,1,50,1766917679.258,8.107,0,0,0,NaN,NaN,NaN,NaN,no_response,False,False,False,NaN,NaN,NaN,no_response,False,False
Generalization,m93,m93_GenLight_400,1,1,51,1766917718.452,8.058,0,0,0,NaN,NaN,NaN,NaN,no_response,False,False,False,NaN,NaN,NaN,no_response,False,False
Generalization,m93,m93_GenLight_400,1,1,52,1766917754.605,1.126,1,1,19,0.918,24.103,1.107,1.132,complete_sequence_rewarded,True,True,True,0.918,0.19,0.025,no_response,False,False
Generalization,m93,m93_GenLight_400,1,1,53,1766917794.888,8.096,0,0,0,NaN,NaN,NaN,NaN,no_response,False,False,False,NaN,NaN,NaN,complete_sequence_rewarded,True,True
Generalization,m93,m93_GenLight_400,1,1,54,1766917828.064,1.276,1,0,7,1.125,NaN,1.256,1.282,complete_sequence_rewarded,True,True,True,1.125,0.131,0.026,no_response,False,False
Generalization,m93,m93_GenLight_400,1,1,55,1766917864.369,8.082,0,2,26,NaN,10.23,NaN,NaN,offcue_poke_only,False,False,False,NaN,NaN,NaN,complete_sequence_rewarded,True,True
Generalization,m93,m93_GenLight_400,1,1,56,1766917911.902,8.119,0,2,14,NaN,12.875,NaN,NaN,offcue_poke_only,False,False,False,NaN,NaN,NaN,offcue_poke_only,False,False
Generalization,m93,m93_GenLight_400,1,1,57,1766917949.398,8.071,0,1,6,NaN,13.324,NaN,NaN,offcue_poke_only,False,False,False,NaN,NaN,NaN,offcue_poke_only,False,False
Generalization,m93,m93_GenLight_400,1,1,58,1766917989.393,8.091,0,1,6,NaN,23.031,NaN,NaN,offcue_poke_only,False,False,False,NaN,NaN,NaN,offcue_poke_only,False,False
Generalization,m93,m93_GenLight_400,1,1,59,1766918027.949,2.075,1,1,21,1.859,25.21,2.064,2.081,complete_sequence_rewarded,True,True,True,1.859,0.205,0.017,offcue_poke_only,False,False
Generalization,m93,m93_GenLight_400,1,1,60,1766918066.611,1.753,1,0,11,1.513,NaN,1.74,1.759,complete_sequence_rewarded,True,True,True,1.513,0.227,0.019,complete_sequence_rewarded,True,True
Generalization,m93,m93_GenLight_400,1,1,61,1766918107.574,0.003,0,0,0,NaN,NaN,NaN,NaN,no_response,False,False,False,NaN,NaN,NaN,complete_sequence_rewarded,True,True
Generalization,m93,m93_GenLight_400,2,2,1,1767090779.017,8.079,0,3,20,NaN,22.311,NaN,NaN,offcue_poke_only,False,False,False,NaN,NaN,NaN,,,
Generalization,m93,m93_GenLight_400,2,2,2,1767090823.975,8.071,0,1,8,NaN,22.044,NaN,NaN,offcue_poke_only,False,False,False,NaN,NaN,NaN,offcue_poke_only,False,False
Generalization,m93,m93_GenLight_400,2,2,3,1767090865.321,8.111,0,0,0,NaN,NaN,NaN,NaN,no_response,False,False,False,NaN,NaN,NaN,offcue_poke_only,False,False
Generalization,m93,m93_GenLight_400,2,2,4,1767090907.511,8.077,0,0,0,NaN,NaN,NaN,NaN,no_response,False,False,False,NaN,NaN,NaN,no_response,False,False
Generalization,m93,m93_GenLight_400,2,2,5,1767090946.708,8.078,0,3,12,NaN,14.603,NaN,NaN,offcue_poke_only,False,False,False,NaN,NaN,NaN,no_response,False,False
Generalization,m93,m93_GenLight_400,2,2,6,1767091004.012,8.093,0,2,14,NaN,11.189,NaN,NaN,offcue_poke_only,False,False,False,NaN,NaN,NaN,offcue_poke_only,False,False
Generalization,m93,m93_GenLight_400,2,2,7,1767091051.072,8.073,0,0,0,NaN,NaN,NaN,NaN,no_response,False,False,False,NaN,NaN,NaN,offcue_poke_only,False,False
Generalization,m93,m93_GenLight_400,2,2,8,1767091091.227,8.064,1,9,42,8.061,11.676,8.182,8.201,complete_sequence_rewarded,True,True,True,8.061,0.122,0.019,no_response,False,False
Generalization,m93,m93_GenLight_400,2,2,9,1767091157.894,4.563,1,5,45,4.38,8.479,4.546,4.568,complete_sequence_rewarded,True,True,True,4.38,0.166,0.022,complete_sequence_rewarded,True,True
Generalization,m93,m93_GenLight_400,2,2,10,1767091213.863,4.118,1,1,13,3.94,7.093,4.103,4.124,complete_sequence_rewarded,True,True,True,3.94,0.163,0.021,complete_sequence_rewarded,True,True
Generalization,m93,m93_GenLight_400,2,2,11,1767091256.967,8.079,0,2,6,NaN,30.719,NaN,NaN,offcue_poke_only,False,False,False,NaN,NaN,NaN,complete_sequence_rewarded,True,True
Generalization,m93,m93_GenLight_400,2,2,12,1767091301.686,8.1,0,4,14,NaN,8.793,NaN,NaN,offcue_poke_only,False,False,False,NaN,NaN,NaN,offcue_poke_only,False,False
Generalization,m93,m93_GenLight_400,2,2,13,1767091348.186,1.984,1,2,23,1.789,2.343,1.963,1.99,complete_sequence_rewarded,True,True,True,1.789,0.173,0.027,offcue_poke_only,False,False
Generalization,m93,m93_GenLight_400,2,2,14,1767091388.144,5.534,1,4,35,5.354,14.659,5.521,5.54,complete_sequence_rewarded,True,True,True,5.354,0.167,0.019,complete_sequence_rewarded,True,True
Generalization,m93,m93_GenLight_400,2,2,15,1767091436.557,8.061,0,1,6,NaN,13.405,NaN,NaN,offcue_poke_only,False,False,False,NaN,NaN,NaN,complete_sequence_rewarded,True,True
Generalization,m93,m93_GenLight_400,2,2,16,1767091478.781,8.083,0,1,4,NaN,11.91,NaN,NaN,offcue_poke_only,False,False,False,NaN,NaN,NaN,offcue_poke_only,False,False
Generalization,m93,m93_GenLight_400,2,2,17,1767091517.681,8.062,0,0,0,NaN,NaN,NaN,NaN,no_response,False,False,False,NaN,NaN,NaN,offcue_poke_only,False,False
Generalization,m93,m93_GenLight_400,2,2,18,1767091555.834,8.089,1,3,18,7.818,14.095,8.131,8.15,complete_sequence_rewarded,True,True,True,7.818,0.313,0.019,no_response,False,False
Generalization,m93,m93_GenLight_400,2,2,19,1767091608.984,8.082,0,2,12,NaN,30.786,NaN,NaN,offcue_poke_only,False,False,False,NaN,NaN,NaN,complete_sequence_rewarded,True,True
Generalization,m93,m93_GenLight_400,2,2,20,1767091653.803,8.09,0,2,10,NaN,11.212,NaN,NaN,offcue_poke_only,False,False,False,NaN,NaN,NaN,offcue_poke_only,False,False
Generalization,m93,m93_GenLight_400,2,2,21,1767091699.334,8.051,0,1,12,NaN,34.126,NaN,NaN,offcue_poke_only,False,False,False,NaN,NaN,NaN,offcue_poke_only,False,False
Generalization,m93,m93_GenLight_400,2,2,22,1767091747.984,8.087,0,2,10,NaN,8.487,NaN,NaN,offcue_poke_only,False,False,False,NaN,NaN,NaN,offcue_poke_only,False,False
Generalization,m93,m93_GenLight_400,2,2,23,1767091800.312,8.083,0,0,0,NaN,NaN,NaN,NaN,no_response,False,False,False,NaN,NaN,NaN,offcue_poke_only,False,False
Generalization,m93,m93_GenLight_400,2,2,24,1767091838.455,8.065,0,1,6,NaN,38.032,NaN,NaN,offcue_poke_only,False,False,False,NaN,NaN,NaN,no_response,False,False
Generalization,m93,m93_GenLight_400,2,2,25,1767091891.471,4.628,1,3,43,4.498,11.574,4.604,4.633,complete_sequence_rewarded,True,True,True,4.498,0.106,0.03,offcue_poke_only,False,False
Generalization,m93,m93_GenLight_400,2,2,26,1767091955.975,8.079,0,1,4,NaN,31.609,NaN,NaN,offcue_poke_only,False,False,False,NaN,NaN,NaN,complete_sequence_rewarded,True,True
Generalization,m93,m93_GenLight_400,2,2,27,1767092000.566,4.943,1,6,33,4.687,10.467,4.922,4.949,complete_sequence_rewarded,True,True,True,4.687,0.235,0.028,offcue_poke_only,False,False
Generalization,m93,m93_GenLight_400,2,2,28,1767092050.44,5.434,1,0,5,5.301,NaN,5.421,5.439,complete_sequence_rewarded,True,True,True,5.301,0.119,0.019,complete_sequence_rewarded,True,True
Generalization,m93,m93_GenLight_400,2,2,29,1767092087.878,8.068,0,1,6,NaN,20.665,NaN,NaN,offcue_poke_only,False,False,False,NaN,NaN,NaN,complete_sequence_rewarded,True,True
Generalization,m93,m93_GenLight_400,2,2,30,1767092128.622,8.105,0,2,6,NaN,15.408,NaN,NaN,offcue_poke_only,False,False,False,NaN,NaN,NaN,offcue_poke_only,False,False
Generalization,m93,m93_GenLight_400,2,2,31,1767092168.813,8.086,0,6,26,NaN,11.808,NaN,NaN,offcue_poke_only,False,False,False,NaN,NaN,NaN,offcue_poke_only,False,False
Generalization,m93,m93_GenLight_400,2,2,32,1767092229.886,2.414,1,0,13,2.229,NaN,2.376,2.421,complete_sequence_rewarded,True,True,True,2.229,0.147,0.045,offcue_poke_only,False,False
Generalization,m93,m93_GenLight_400,2,2,33,1767092266.217,0.551,1,0,9,0.414,NaN,0.536,NaN,cue_poke_lick_no_reward,True,True,False,0.414,0.122,NaN,complete_sequence_rewarded,True,True
Generalization,m93,m93_GenLight_400,2,2,34,1767092300.758,0.759,1,5,49,0.592,6.933,0.746,0.765,complete_sequence_rewarded,True,True,True,0.592,0.154,0.019,cue_poke_lick_no_reward,False,True
Generalization,m93,m93_GenLight_400,2,2,35,1767092376.105,8.087,0,2,10,NaN,27.693,NaN,NaN,offcue_poke_only,False,False,False,NaN,NaN,NaN,complete_sequence_rewarded,True,True
Generalization,m93,m93_GenLight_400,2,2,36,1767092419.992,2.985,1,4,27,2.748,8.993,2.972,2.991,complete_sequence_rewarded,True,True,True,2.748,0.225,0.019,offcue_poke_only,False,False
Generalization,m93,m93_GenLight_400,2,2,37,1767092469.204,2.668,1,4,41,2.458,13.058,2.65,2.674,complete_sequence_rewarded,True,True,True,2.458,0.192,0.024,complete_sequence_rewarded,True,True
Generalization,m93,m93_GenLight_400,2,2,38,1767092531.462,8.05,0,5,14,NaN,8.975,NaN,NaN,offcue_poke_only,False,False,False,NaN,NaN,NaN,complete_sequence_rewarded,True,True
Generalization,m93,m93_GenLight_400,2,2,39,1767092591.325,8.08,0,4,12,NaN,9.147,NaN,NaN,offcue_poke_only,False,False,False,NaN,NaN,NaN,offcue_poke_only,False,False
Generalization,m93,m93_GenLight_400,2,2,40,1767092632.747,8.027,0,1,6,NaN,26.805,NaN,NaN,offcue_poke_only,False,False,False,NaN,NaN,NaN,offcue_poke_only,False,False
Generalization,m93,m93_GenLight_400,2,2,41,1767092675.075,4.542,1,2,17,4.346,6.821,4.523,4.548,complete_sequence_rewarded,True,True,True,4.346,0.177,0.025,offcue_poke_only,False,False
Generalization,m93,m93_GenLight_400,2,2,42,1767092718.277,8.087,0,2,6,NaN,16.618,NaN,NaN,offcue_poke_only,False,False,False,NaN,NaN,NaN,complete_sequence_rewarded,True,True
Generalization,m93,m93_GenLight_400,2,2,43,1767092768.518,0.658,1,2,23,0.452,9.379,0.629,0.665,complete_sequence_rewarded,True,True,True,0.452,0.177,0.035,offcue_poke_only,False,False
Generalization,m93,m93_GenLight_400,2,2,44,1767092811.041,8.069,0,2,12,NaN,14.916,NaN,NaN,offcue_poke_only,False,False,False,NaN,NaN,NaN,complete_sequence_rewarded,True,True
Generalization,m93,m93_GenLight_400,2,2,45,1767092851.606,7.458,1,0,9,7.212,NaN,7.439,7.464,complete_sequence_rewarded,True,True,True,7.212,0.227,0.025,offcue_poke_only,False,False
Generalization,m93,m93_GenLight_400,2,2,46,1767092890.999,1.139,1,2,31,0.922,15.27,1.122,1.146,complete_sequence_rewarded,True,True,True,0.922,0.199,0.024,complete_sequence_rewarded,True,True
Generalization,m93,m93_GenLight_400,2,2,47,1767092933.877,1.596,1,3,23,1.443,14.738,1.574,1.602,complete_sequence_rewarded,True,True,True,1.443,0.131,0.027,complete_sequence_rewarded,True,True
Generalization,m93,m93_GenLight_400,2,2,48,1767092988.18,8.061,0,2,6,NaN,31.517,NaN,NaN,offcue_poke_only,False,False,False,NaN,NaN,NaN,complete_sequence_rewarded,True,True
Generalization,m93,m93_GenLight_400,2,2,49,1767093040.198,6.918,1,0,5,6.793,NaN,6.894,6.924,complete_sequence_rewarded,True,True,True,6.793,0.101,0.03,offcue_poke_only,False,False
Generalization,m93,m93_GenLight_400,2,2,50,1767093081.138,8.058,0,0,0,NaN,NaN,NaN,NaN,no_response,False,False,False,NaN,NaN,NaN,complete_sequence_rewarded,True,True
Generalization,m93,m93_GenLight_400,2,2,51,1767093115.296,6.385,1,1,15,6.207,22.169,6.369,6.393,complete_sequence_rewarded,True,True,True,6.207,0.162,0.023,no_response,False,False
Generalization,m93,m93_GenLight_400,2,2,52,1767093156.524,8.097,0,3,18,NaN,15.461,NaN,NaN,offcue_poke_only,False,False,False,NaN,NaN,NaN,complete_sequence_rewarded,True,True
Generalization,m93,m93_GenLight_400,2,2,53,1767093211.35,4.366,1,2,21,4.185,10.606,4.337,4.371,complete_sequence_rewarded,True,True,True,4.185,0.152,0.034,offcue_poke_only,False,False
Generalization,m93,m93_GenLight_400,2,2,54,1767093256.813,8.023,1,3,23,7.862,29.809,8.002,8.03,complete_sequence_rewarded,True,True,True,7.862,0.14,0.028,complete_sequence_rewarded,True,True
Generalization,m93,m93_GenLight_400,2,2,55,1767093311.417,8.095,0,2,12,NaN,9.525,NaN,NaN,offcue_poke_only,False,False,False,NaN,NaN,NaN,complete_sequence_rewarded,True,True
Generalization,m93,m93_GenLight_400,2,2,56,1767093358.27,8.108,0,1,2,NaN,36.931,NaN,NaN,offcue_poke_only,False,False,False,NaN,NaN,NaN,offcue_poke_only,False,False
Generalization,m93,m93_GenLight_400,2,2,57,1767093409.985,8.097,0,0,0,NaN,NaN,NaN,NaN,no_response,False,False,False,NaN,NaN,NaN,offcue_poke_only,False,False
Generalization,m93,m93_GenLight_400,2,2,58,1767093450.155,8.084,0,5,20,NaN,8.6,NaN,NaN,offcue_poke_only,False,False,False,NaN,NaN,NaN,no_response,False,False
Generalization,m93,m93_GenLight_400,2,2,59,1767093501.964,8.077,0,0,0,NaN,NaN,NaN,NaN,no_response,False,False,False,NaN,NaN,NaN,offcue_poke_only,False,False
Generalization,m93,m93_GenLight_400,2,2,60,1767093536.427,0.002,0,0,0,NaN,NaN,NaN,NaN,no_response,False,False,False,NaN,NaN,NaN,no_response,False,False
Generalization,m93,m93_GenLight_400_2,1,3,1,1767257736.837,4.569,1,6,39,4.225,9.074,4.55,4.574,complete_sequence_rewarded,True,True,True,4.225,0.325,0.024,,,
Generalization,m93,m93_GenLight_400_2,1,3,2,1767257782.071,8.113,0,2,16,NaN,9.452,NaN,NaN,offcue_poke_only,False,False,False,NaN,NaN,NaN,complete_sequence_rewarded,True,True
Generalization,m93,m93_GenLight_400_2,1,3,3,1767257830.872,8.063,0,4,10,NaN,11.943,NaN,NaN,offcue_poke_only,False,False,False,NaN,NaN,NaN,offcue_poke_only,False,False
Generalization,m93,m93_GenLight_400_2,1,3,4,1767257877.333,8.091,0,3,6,NaN,24.492,NaN,NaN,offcue_poke_only,False,False,False,NaN,NaN,NaN,offcue_poke_only,False,False
Generalization,m93,m93_GenLight_400_2,1,3,5,1767257924.172,2.395,1,0,9,2.238,NaN,2.372,2.4,complete_sequence_rewarded,True,True,True,2.238,0.134,0.028,offcue_poke_only,False,False
Generalization,m93,m93_GenLight_400_2,1,3,6,1767257957.561,0.83,1,4,39,0.593,4.515,0.806,0.835,complete_sequence_rewarded,True,True,True,0.593,0.213,0.028,complete_sequence_rewarded,True,True
Generalization,m93,m93_GenLight_400_2,1,3,7,1767258020.159,2.646,1,5,19,2.464,19.835,2.626,2.653,complete_sequence_rewarded,True,True,True,2.464,0.162,0.027,complete_sequence_rewarded,True,True
Generalization,m93,m93_GenLight_400_2,1,3,8,1767258074.914,0.658,1,2,29,0.504,8.791,0.649,0.664,complete_sequence_rewarded,True,True,True,0.504,0.146,0.015,complete_sequence_rewarded,True,True
Generalization,m93,m93_GenLight_400_2,1,3,9,1767258116.273,1.607,1,2,24,1.4,12.188,1.573,1.613,complete_sequence_rewarded,True,True,True,1.4,0.173,0.04,complete_sequence_rewarded,True,True
Generalization,m93,m93_GenLight_400_2,1,3,10,1767258159.182,6.121,1,4,25,5.944,9.625,6.104,6.128,complete_sequence_rewarded,True,True,True,5.944,0.16,0.024,complete_sequence_rewarded,True,True
Generalization,m93,m93_GenLight_400_2,1,3,11,1767258204.978,1.823,1,4,41,1.658,8.879,1.803,1.829,complete_sequence_rewarded,True,True,True,1.658,0.146,0.025,complete_sequence_rewarded,True,True
Generalization,m93,m93_GenLight_400_2,1,3,12,1767258256.667,2.424,1,5,43,2.252,9.277,2.406,2.43,complete_sequence_rewarded,True,True,True,2.252,0.154,0.024,complete_sequence_rewarded,True,True
Generalization,m93,m93_GenLight_400_2,1,3,13,1767258308.179,0.582,1,1,15,0.417,10.333,0.561,0.589,complete_sequence_rewarded,True,True,True,0.417,0.144,0.028,complete_sequence_rewarded,True,True
Generalization,m93,m93_GenLight_400_2,1,3,14,1767258350.726,8.064,0,2,12,NaN,27.745,NaN,NaN,offcue_poke_only,False,False,False,NaN,NaN,NaN,complete_sequence_rewarded,True,True
Generalization,m93,m93_GenLight_400_2,1,3,15,1767258401.761,7.13,1,2,17,6.893,25.833,7.1,7.135,complete_sequence_rewarded,True,True,True,6.893,0.207,0.035,offcue_poke_only,False,False
Generalization,m93,m93_GenLight_400_2,1,3,16,1767258445.602,8.051,0,2,10,NaN,11.395,NaN,NaN,offcue_poke_only,False,False,False,NaN,NaN,NaN,complete_sequence_rewarded,True,True
Generalization,m93,m93_GenLight_400_2,1,3,17,1767258493.249,8.109,0,1,2,NaN,27.109,NaN,NaN,offcue_poke_only,False,False,False,NaN,NaN,NaN,offcue_poke_only,False,False
Generalization,m93,m93_GenLight_400_2,1,3,18,1767258533.777,6.746,1,0,9,6.568,NaN,6.723,6.753,complete_sequence_rewarded,True,True,True,6.568,0.155,0.03,offcue_poke_only,False,False
Generalization,m93,m93_GenLight_400_2,1,3,19,1767258576.501,2.472,1,2,11,2.322,8.776,2.453,2.477,complete_sequence_rewarded,True,True,True,2.322,0.13,0.025,complete_sequence_rewarded,True,True
Generalization,m93,m93_GenLight_400_2,1,3,20,1767258614.668,4.07,1,5,31,3.783,6.359,4.051,4.078,complete_sequence_rewarded,True,True,True,3.783,0.268,0.026,complete_sequence_rewarded,True,True
Generalization,m93,m93_GenLight_400_2,1,3,21,1767258684.41,8.081,0,2,4,NaN,8.206,NaN,NaN,offcue_poke_only,False,False,False,NaN,NaN,NaN,complete_sequence_rewarded,True,True
Generalization,m93,m93_GenLight_400_2,1,3,22,1767258721.048,4.211,1,2,21,3.98,9.252,4.181,4.216,complete_sequence_rewarded,True,True,True,3.98,0.201,0.035,offcue_poke_only,False,False
Generalization,m93,m93_GenLight_400_2,1,3,23,1767258761.942,5.516,1,4,37,5.328,17.425,5.502,5.523,complete_sequence_rewarded,True,True,True,5.328,0.174,0.021,complete_sequence_rewarded,True,True
Generalization,m93,m93_GenLight_400_2,1,3,24,1767258831.242,8.093,0,3,14,NaN,15.316,NaN,NaN,offcue_poke_only,False,False,False,NaN,NaN,NaN,complete_sequence_rewarded,True,True
Generalization,m93,m93_GenLight_400_2,1,3,25,1767258866.794,8.065,0,1,8,NaN,12.09,NaN,NaN,offcue_poke_only,False,False,False,NaN,NaN,NaN,offcue_poke_only,False,False
Generalization,m93,m93_GenLight_400_2,1,3,26,1767258902.644,8.051,0,3,4,NaN,9.35,NaN,NaN,offcue_poke_only,False,False,False,NaN,NaN,NaN,offcue_poke_only,False,False
Generalization,m93,m93_GenLight_400_2,1,3,27,1767258937.1,3.908,1,2,27,3.66,11.858,3.884,3.913,complete_sequence_rewarded,True,True,True,3.66,0.223,0.029,offcue_poke_only,False,False
Generalization,m93,m93_GenLight_400_2,1,3,28,1767258974.645,5.41,1,2,31,5.223,21.807,5.387,5.417,complete_sequence_rewarded,True,True,True,5.223,0.164,0.03,complete_sequence_rewarded,True,True
Generalization,m93,m93_GenLight_400_2,1,3,29,1767259023.799,3.774,1,2,17,3.555,23.293,3.757,3.779,complete_sequence_rewarded,True,True,True,3.555,0.202,0.022,complete_sequence_rewarded,True,True
Generalization,m93,m93_GenLight_400_2,1,3,30,1767259066.096,8.052,1,3,21,7.845,19.684,8.03,8.062,complete_sequence_rewarded,True,True,True,7.845,0.185,0.032,complete_sequence_rewarded,True,True
Generalization,m93,m93_GenLight_400_2,1,3,31,1767259115.042,5.735,1,1,23,5.532,37.43,5.707,5.742,complete_sequence_rewarded,True,True,True,5.532,0.175,0.035,complete_sequence_rewarded,True,True
Generalization,m93,m93_GenLight_400_2,1,3,32,1767259163.172,2.908,1,2,27,2.635,32.023,2.885,2.914,complete_sequence_rewarded,True,True,True,2.635,0.25,0.029,complete_sequence_rewarded,True,True
Generalization,m93,m93_GenLight_400_2,1,3,33,1767259212.152,6.278,1,1,17,6.1,31.339,6.259,6.282,complete_sequence_rewarded,True,True,True,6.1,0.159,0.023,complete_sequence_rewarded,True,True
Generalization,m93,m93_GenLight_400_2,1,3,34,1767259254.45,8.061,0,0,0,NaN,NaN,NaN,NaN,no_response,False,False,False,NaN,NaN,NaN,complete_sequence_rewarded,True,True
Generalization,m93,m93_GenLight_400_2,1,3,35,1767259287.6,8.075,0,1,4,NaN,31.565,NaN,NaN,offcue_poke_only,False,False,False,NaN,NaN,NaN,no_response,False,False
Generalization,m93,m93_GenLight_400_2,1,3,36,1767259335.572,2.023,1,4,23,1.824,9.776,1.994,2.029,complete_sequence_rewarded,True,True,True,1.824,0.17,0.035,offcue_poke_only,False,False
Generalization,m93,m93_GenLight_400_2,1,3,37,1767259387.487,3.526,1,2,15,3.363,18.142,3.501,3.534,complete_sequence_rewarded,True,True,True,3.363,0.137,0.033,complete_sequence_rewarded,True,True
Generalization,m93,m93_GenLight_400_2,1,3,38,1767259431.561,5.293,1,4,36,5.056,11.307,5.28,5.299,complete_sequence_rewarded,True,True,True,5.056,0.224,0.02,complete_sequence_rewarded,True,True
Generalization,m93,m93_GenLight_400_2,1,3,39,1767259489.306,3.634,1,3,27,3.474,9.471,3.608,3.639,complete_sequence_rewarded,True,True,True,3.474,0.134,0.031,complete_sequence_rewarded,True,True
Generalization,m93,m93_GenLight_400_2,1,3,40,1767259536.059,3.254,1,2,13,3.123,25.222,3.241,3.26,complete_sequence_rewarded,True,True,True,3.123,0.118,0.019,complete_sequence_rewarded,True,True
Generalization,m93,m93_GenLight_400_2,1,3,41,1767259578.11,4.792,1,3,25,4.65,10.571,4.768,4.798,complete_sequence_rewarded,True,True,True,4.65,0.119,0.029,complete_sequence_rewarded,True,True
Generalization,m93,m93_GenLight_400_2,1,3,42,1767259621.293,7.153,1,6,35,6.986,10.144,7.132,7.162,complete_sequence_rewarded,True,True,True,6.986,0.146,0.03,complete_sequence_rewarded,True,True
Generalization,m93,m93_GenLight_400_2,1,3,43,1767259681.086,8.076,0,1,4,NaN,24.836,NaN,NaN,offcue_poke_only,False,False,False,NaN,NaN,NaN,complete_sequence_rewarded,True,True
Generalization,m93,m93_GenLight_400_2,1,3,44,1767259724.004,4.796,1,0,11,4.631,NaN,4.776,4.801,complete_sequence_rewarded,True,True,True,4.631,0.145,0.026,offcue_poke_only,False,False
Generalization,m93,m93_GenLight_400_2,1,3,45,1767259761.807,8.092,0,0,0,NaN,NaN,NaN,NaN,no_response,False,False,False,NaN,NaN,NaN,complete_sequence_rewarded,True,True
Generalization,m93,m93_GenLight_400_2,1,3,46,1767259796.987,8.083,0,2,10,NaN,20.79,NaN,NaN,offcue_poke_only,False,False,False,NaN,NaN,NaN,no_response,False,False
Generalization,m93,m93_GenLight_400_2,1,3,47,1767259842.662,0.827,1,1,19,0.617,22.788,0.806,0.833,complete_sequence_rewarded,True,True,True,0.617,0.189,0.027,offcue_poke_only,False,False
Generalization,m93,m93_GenLight_400_2,1,3,48,1767259879.201,8.053,0,1,6,NaN,27.29,NaN,NaN,offcue_poke_only,False,False,False,NaN,NaN,NaN,complete_sequence_rewarded,True,True
Generalization,m93,m93_GenLight_400_2,1,3,49,1767259917.396,8.084,0,2,14,NaN,17.541,NaN,NaN,offcue_poke_only,False,False,False,NaN,NaN,NaN,offcue_poke_only,False,False
Generalization,m93,m93_GenLight_400_2,1,3,50,1767259956.469,2.776,1,3,25,2.527,12.614,2.752,2.782,complete_sequence_rewarded,True,True,True,2.527,0.225,0.03,offcue_poke_only,False,False
Generalization,m93,m93_GenLight_400_2,1,3,51,1767260010.954,7.69,1,7,27,7.475,12.763,7.675,7.696,complete_sequence_rewarded,True,True,True,7.475,0.2,0.021,complete_sequence_rewarded,True,True
Generalization,m93,m93_GenLight_400_2,1,3,52,1767260068.217,3.858,1,1,18,3.646,16.925,3.84,3.864,complete_sequence_rewarded,True,True,True,3.646,0.194,0.024,complete_sequence_rewarded,True,True
Generalization,m93,m93_GenLight_400_2,1,3,53,1767260112.803,6.253,1,11,27,5.999,15.022,6.234,6.259,complete_sequence_rewarded,True,True,True,5.999,0.235,0.025,complete_sequence_rewarded,True,True
Generalization,m93,m93_GenLight_400_2,1,3,54,1767260169.23,1.332,1,4,27,1.104,23.622,1.319,1.338,complete_sequence_rewarded,True,True,True,1.104,0.215,0.019,complete_sequence_rewarded,True,True
Generalization,m93,m93_GenLight_400_2,1,3,55,1767260220.043,8.076,0,1,8,NaN,9.513,NaN,NaN,offcue_poke_only,False,False,False,NaN,NaN,NaN,complete_sequence_rewarded,True,True
Generalization,m93,m93_GenLight_400_2,1,3,56,1767260256.865,8.062,0,3,12,NaN,14.207,NaN,NaN,offcue_poke_only,False,False,False,NaN,NaN,NaN,offcue_poke_only,False,False
Generalization,m93,m93_GenLight_400_2,1,3,57,1767260300.52,0.842,1,4,17,0.615,4.484,0.822,0.848,complete_sequence_rewarded,True,True,True,0.615,0.207,0.026,offcue_poke_only,False,False
Generalization,m93,m93_GenLight_400_2,1,3,58,1767260340.546,3.684,1,3,27,3.51,9.983,3.665,3.69,complete_sequence_rewarded,True,True,True,3.51,0.155,0.025,complete_sequence_rewarded,True,True
Generalization,m93,m93_GenLight_400_2,1,3,59,1767260393.323,5.238,1,0,9,5.025,NaN,5.217,5.243,complete_sequence_rewarded,True,True,True,5.025,0.192,0.026,complete_sequence_rewarded,True,True
Generalization,m93,m93_GenLight_400_2,1,3,60,1767260438.511,8.11,1,1,23,5.385,42.452,8.098,8.133,complete_sequence_rewarded,True,True,True,5.385,2.713,0.035,complete_sequence_rewarded,True,True
Generalization,m93,m93_GenLight_400_2,1,3,61,1767260493.991,0.382,0,0,0,NaN,NaN,NaN,NaN,no_response,False,False,False,NaN,NaN,NaN,complete_sequence_rewarded,True,True
Generalization,m93,m93_GenLight_400_2,2,4,1,1767535683.497,5.353,1,0,3,5.122,NaN,5.339,5.359,complete_sequence_rewarded,True,True,True,5.122,0.217,0.02,,,
Generalization,m93,m93_GenLight_400_2,2,4,2,1767535725.77,2.986,1,8,37,2.754,3.266,2.972,2.992,complete_sequence_rewarded,True,True,True,2.754,0.219,0.02,complete_sequence_rewarded,True,True
Generalization,m93,m93_GenLight_400_2,2,4,3,1767535776.7,0.751,1,6,37,0.487,3.22,0.737,0.757,complete_sequence_rewarded,True,True,True,0.487,0.25,0.02,complete_sequence_rewarded,True,True
Generalization,m93,m93_GenLight_400_2,2,4,4,1767535824.419,5.493,1,19,61,5.327,7.336,5.476,5.5,complete_sequence_rewarded,True,True,True,5.327,0.149,0.024,complete_sequence_rewarded,True,True
Generalization,m93,m93_GenLight_400_2,2,4,5,1767535941.348,6.821,1,2,19,6.636,27.612,6.783,6.827,complete_sequence_rewarded,True,True,True,6.636,0.147,0.044,complete_sequence_rewarded,True,True
Generalization,m93,m93_GenLight_400_2,2,4,6,1767535995.34,5.874,1,3,17,5.758,15.583,5.86,5.88,complete_sequence_rewarded,True,True,True,5.758,0.102,0.02,complete_sequence_rewarded,True,True
Generalization,m93,m93_GenLight_400_2,2,4,7,1767536047.652,7.512,1,2,13,7.35,28.367,7.499,7.519,complete_sequence_rewarded,True,True,True,7.35,0.149,0.02,complete_sequence_rewarded,True,True
Generalization,m93,m93_GenLight_400_2,2,4,8,1767536088.808,2.754,1,0,9,2.605,NaN,2.736,2.761,complete_sequence_rewarded,True,True,True,2.605,0.13,0.025,complete_sequence_rewarded,True,True
Generalization,m93,m93_GenLight_400_2,2,4,9,1767536124.57,3.917,1,1,9,3.742,12.195,3.894,NaN,cue_poke_lick_no_reward,True,True,False,3.742,0.152,NaN,complete_sequence_rewarded,True,True
Generalization,m93,m93_GenLight_400_2,2,4,10,1767536165.181,0.229,2,3,7,0.049,9.663,0.215,NaN,cue_poke_lick_no_reward,True,True,False,0.049,0.166,NaN,cue_poke_lick_no_reward,False,True
Generalization,m93,m93_GenLight_400_2,2,4,11,1767536201.115,5.014,1,6,21,4.803,24.184,4.977,5.022,complete_sequence_rewarded,True,True,True,4.803,0.174,0.045,cue_poke_lick_no_reward,False,True
Generalization,m93,m93_GenLight_400_2,2,4,12,1767536274.177,8.087,0,5,6,NaN,32.29,NaN,NaN,offcue_poke_only,False,False,False,NaN,NaN,NaN,complete_sequence_rewarded,True,True
Generalization,m93,m93_GenLight_400_2,2,4,13,1767536335.126,4.464,1,3,25,4.258,20.239,4.406,4.471,complete_sequence_rewarded,True,True,True,4.258,0.149,0.064,offcue_poke_only,False,False
Generalization,m93,m93_GenLight_400_2,2,4,14,1767536383.574,2.152,1,5,35,1.98,16.225,2.137,2.158,complete_sequence_rewarded,True,True,True,1.98,0.157,0.02,complete_sequence_rewarded,True,True
Generalization,m93,m93_GenLight_400_2,2,4,15,1767536450.624,3.634,2,3,17,3.481,30.998,3.619,3.639,complete_sequence_rewarded,True,True,True,3.481,0.138,0.02,complete_sequence_rewarded,True,True
Generalization,m93,m93_GenLight_400_2,2,4,16,1767536499.255,1.447,1,0,11,1.285,NaN,1.418,1.454,complete_sequence_rewarded,True,True,True,1.285,0.133,0.036,complete_sequence_rewarded,True,True
Generalization,m93,m93_GenLight_400_2,2,4,17,1767536537.644,3.39,1,0,11,3.217,NaN,3.357,3.396,complete_sequence_rewarded,True,True,True,3.217,0.139,0.039,complete_sequence_rewarded,True,True
Generalization,m93,m93_GenLight_400_2,2,4,18,1767536572.984,6.822,1,2,23,6.657,13.632,6.808,6.827,complete_sequence_rewarded,True,True,True,6.657,0.152,0.019,complete_sequence_rewarded,True,True
Generalization,m93,m93_GenLight_400_2,2,4,19,1767536618.147,1.39,1,2,21,1.238,26.334,1.372,1.397,complete_sequence_rewarded,True,True,True,1.238,0.133,0.025,complete_sequence_rewarded,True,True
Generalization,m93,m93_GenLight_400_2,2,4,20,1767536672.504,4.101,1,6,23,3.956,9.106,4.076,4.105,complete_sequence_rewarded,True,True,True,3.956,0.12,0.03,complete_sequence_rewarded,True,True
Generalization,m93,m93_GenLight_400_2,2,4,21,1767536739.625,1.02,1,3,9,0.924,18.815,1.006,NaN,cue_poke_lick_no_reward,True,True,False,0.924,0.082,NaN,complete_sequence_rewarded,True,True
Generalization,m93,m93_GenLight_400_2,2,4,22,1767536784.696,1.852,1,1,15,1.69,11.566,1.832,1.858,complete_sequence_rewarded,True,True,True,1.69,0.142,0.026,cue_poke_lick_no_reward,False,True
Generalization,m93,m93_GenLight_400_2,2,4,23,1767536821.824,8.083,0,5,12,NaN,8.261,NaN,NaN,offcue_poke_only,False,False,False,NaN,NaN,NaN,complete_sequence_rewarded,True,True
Generalization,m93,m93_GenLight_400_2,2,4,24,1767536885.457,2.478,1,1,13,2.306,24.733,2.465,2.483,complete_sequence_rewarded,True,True,True,2.306,0.159,0.018,offcue_poke_only,False,False
Generalization,m93,m93_GenLight_400_2,2,4,25,1767536924.803,5.498,1,6,25,5.339,9.177,5.479,5.504,complete_sequence_rewarded,True,True,True,5.339,0.14,0.025,complete_sequence_rewarded,True,True
Generalization,m93,m93_GenLight_400_2,2,4,26,1767536979.304,2.07,1,3,21,1.959,9.81,2.056,2.076,complete_sequence_rewarded,True,True,True,1.959,0.097,0.02,complete_sequence_rewarded,True,True
Generalization,m93,m93_GenLight_400_2,2,4,27,1767537030.905,0.967,1,3,21,0.854,6.763,0.943,0.973,complete_sequence_rewarded,True,True,True,0.854,0.089,0.03,complete_sequence_rewarded,True,True
Generalization,m93,m93_GenLight_400_2,2,4,28,1767537071.946,2.834,1,1,13,2.693,5.671,2.809,2.84,complete_sequence_rewarded,True,True,True,2.693,0.116,0.031,complete_sequence_rewarded,True,True
Generalization,m93,m93_GenLight_400_2,2,4,29,1767537109.764,1.454,1,0,13,1.308,NaN,1.431,1.461,complete_sequence_rewarded,True,True,True,1.308,0.123,0.03,complete_sequence_rewarded,True,True
Generalization,m93,m93_GenLight_400_2,2,4,30,1767537143.239,8.047,0,5,6,NaN,12.38,NaN,NaN,offcue_poke_only,False,False,False,NaN,NaN,NaN,complete_sequence_rewarded,True,True
Generalization,m93,m93_GenLight_400_2,2,4,31,1767537193.39,2.07,1,1,13,1.885,4.641,2.046,2.077,complete_sequence_rewarded,True,True,True,1.885,0.161,0.032,offcue_poke_only,False,False
Generalization,m93,m93_GenLight_400_2,2,4,32,1767537229.435,0.981,1,1,13,0.845,8.357,0.953,0.985,complete_sequence_rewarded,True,True,True,0.845,0.108,0.032,complete_sequence_rewarded,True,True
Generalization,m93,m93_GenLight_400_2,2,4,33,1767537269.161,3.063,1,1,11,2.9,30.006,3.05,3.069,complete_sequence_rewarded,True,True,True,2.9,0.15,0.019,complete_sequence_rewarded,True,True
Generalization,m93,m93_GenLight_400_2,2,4,34,1767537309.998,3.326,1,2,22,3.147,9.908,3.27,3.332,complete_sequence_rewarded,True,True,True,3.147,0.124,0.061,complete_sequence_rewarded,True,True
Generalization,m93,m93_GenLight_400_2,2,4,35,1767537354.89,8.098,0,3,8,NaN,17.304,NaN,NaN,offcue_poke_only,False,False,False,NaN,NaN,NaN,complete_sequence_rewarded,True,True
Generalization,m93,m93_GenLight_400_2,2,4,36,1767537396.254,4.391,1,2,21,4.239,11.514,4.369,4.398,complete_sequence_rewarded,True,True,True,4.239,0.13,0.03,offcue_poke_only,False,False
Generalization,m93,m93_GenLight_400_2,2,4,37,1767537436.78,1.642,1,1,15,1.494,19.253,1.618,1.647,complete_sequence_rewarded,True,True,True,1.494,0.125,0.029,complete_sequence_rewarded,True,True
Generalization,m93,m93_GenLight_400_2,2,4,38,1767537470.479,5.932,1,2,15,5.867,7.095,5.909,5.938,complete_sequence_rewarded,True,True,True,5.867,0.042,0.029,complete_sequence_rewarded,True,True
Generalization,m93,m93_GenLight_400_2,2,4,39,1767537513.935,8.115,0,2,8,NaN,8.557,NaN,NaN,offcue_poke_only,False,False,False,NaN,NaN,NaN,complete_sequence_rewarded,True,True
Generalization,m93,m93_GenLight_400_2,2,4,40,1767537555.044,2.704,1,3,15,2.57,12.309,2.679,NaN,cue_poke_lick_no_reward,True,True,False,2.57,0.109,NaN,offcue_poke_only,False,False
Generalization,m93,m93_GenLight_400_2,2,4,41,1767537602.709,2.825,1,0,13,2.667,NaN,2.812,2.831,complete_sequence_rewarded,True,True,True,2.667,0.145,0.018,cue_poke_lick_no_reward,False,True
Generalization,m93,m93_GenLight_400_2,2,4,42,1767537645.493,5.761,1,1,15,5.651,31.326,5.739,5.767,complete_sequence_rewarded,True,True,True,5.651,0.088,0.028,complete_sequence_rewarded,True,True
Generalization,m93,m93_GenLight_400_2,2,4,43,1767537692.236,2.516,1,2,19,2.323,16.801,2.49,2.521,complete_sequence_rewarded,True,True,True,2.323,0.167,0.031,complete_sequence_rewarded,True,True
Generalization,m93,m93_GenLight_400_2,2,4,44,1767537732.242,2.714,1,2,19,2.597,8.131,2.694,2.718,complete_sequence_rewarded,True,True,True,2.597,0.096,0.024,complete_sequence_rewarded,True,True
Generalization,m93,m93_GenLight_400_2,2,4,45,1767537769.359,8.049,0,1,2,NaN,22.925,NaN,NaN,offcue_poke_only,False,False,False,NaN,NaN,NaN,complete_sequence_rewarded,True,True
Generalization,m93,m93_GenLight_400_2,2,4,46,1767537806.146,6.077,1,4,25,5.927,9.515,6.057,6.086,complete_sequence_rewarded,True,True,True,5.927,0.13,0.03,offcue_poke_only,False,False
Generalization,m93,m93_GenLight_400_2,2,4,47,1767537865.263,1.817,1,5,13,1.661,6.56,1.799,1.824,complete_sequence_rewarded,True,True,True,1.661,0.137,0.026,complete_sequence_rewarded,True,True
Generalization,m93,m93_GenLight_400_2,2,4,48,1767537910.139,5.603,1,0,11,5.384,NaN,5.565,5.609,complete_sequence_rewarded,True,True,True,5.384,0.181,0.044,complete_sequence_rewarded,True,True
Generalization,m93,m93_GenLight_400_2,2,4,49,1767537948.66,1.597,1,2,13,1.404,16.336,1.58,1.602,complete_sequence_rewarded,True,True,True,1.404,0.176,0.023,complete_sequence_rewarded,True,True
Generalization,m93,m93_GenLight_400_2,2,4,50,1767537991.84,0.549,1,4,21,0.43,14.201,0.525,0.556,complete_sequence_rewarded,True,True,True,0.43,0.095,0.031,complete_sequence_rewarded,True,True
Generalization,m93,m93_GenLight_400_2,2,4,51,1767538033.94,1.804,1,1,13,1.673,26.553,1.791,1.81,complete_sequence_rewarded,True,True,True,1.673,0.117,0.019,complete_sequence_rewarded,True,True
Generalization,m93,m93_GenLight_400_2,2,4,52,1767538074.68,4.98,1,3,13,4.831,6.606,4.966,4.986,complete_sequence_rewarded,True,True,True,4.831,0.135,0.02,complete_sequence_rewarded,True,True
Generalization,m93,m93_GenLight_400_2,2,4,53,1767538112.595,1.479,1,1,17,1.33,5.023,1.459,1.485,complete_sequence_rewarded,True,True,True,1.33,0.129,0.026,complete_sequence_rewarded,True,True
Generalization,m93,m93_GenLight_400_2,2,4,54,1767538144.096,7.026,1,2,15,6.818,22.726,7.006,7.032,complete_sequence_rewarded,True,True,True,6.818,0.187,0.026,complete_sequence_rewarded,True,True
Generalization,m93,m93_GenLight_400_2,2,4,55,1767538191.934,8.096,0,3,6,NaN,19.467,NaN,NaN,offcue_poke_only,False,False,False,NaN,NaN,NaN,complete_sequence_rewarded,True,True
Generalization,m93,m93_GenLight_400_2,2,4,56,1767538241.605,2.972,1,3,23,2.837,9.374,2.949,2.978,complete_sequence_rewarded,True,True,True,2.837,0.112,0.029,offcue_poke_only,False,False
Generalization,m93,m93_GenLight_400_2,2,4,57,1767538286.36,1.378,1,2,27,1.13,16.506,1.344,1.384,complete_sequence_rewarded,True,True,True,1.13,0.214,0.04,complete_sequence_rewarded,True,True
Generalization,m93,m93_GenLight_400_2,2,4,58,1767538337.572,1.239,1,0,5,1.087,NaN,1.22,NaN,cue_poke_lick_no_reward,True,True,False,1.087,0.133,NaN,complete_sequence_rewarded,True,True
Generalization,m93,m93_GenLight_400_2,2,4,59,1767538368.808,8.094,0,2,6,NaN,22.29,NaN,NaN,offcue_poke_only,False,False,False,NaN,NaN,NaN,cue_poke_lick_no_reward,False,True
Generalization,m93,m93_GenLight_400_2,2,4,60,1767538413.36,2.245,1,0,11,2.157,NaN,2.226,2.251,complete_sequence_rewarded,True,True,True,2.157,0.07,0.024,offcue_poke_only,False,False
Generalization,m93,m93_GenLight_400_2,2,4,61,1767538447.757,0.345,0,0,0,NaN,NaN,NaN,NaN,no_response,False,False,False,NaN,NaN,NaN,complete_sequence_rewarded,True,True
Generalization,m97,m97_GenLight_400,1,1,1,1766996084.317,8.041,0,4,14,NaN,22.963,NaN,NaN,offcue_poke_only,False,False,False,NaN,NaN,NaN,,,
Generalization,m97,m97_GenLight_400,1,1,2,1766996145.114,8.088,0,1,2,NaN,22.349,NaN,NaN,offcue_poke_only,False,False,False,NaN,NaN,NaN,offcue_poke_only,False,False
Generalization,m97,m97_GenLight_400,1,1,3,1766996186.095,8.056,0,3,12,NaN,10.271,NaN,NaN,offcue_poke_only,False,False,False,NaN,NaN,NaN,offcue_poke_only,False,False
Generalization,m97,m97_GenLight_400,1,1,4,1766996239.151,8.109,1,0,0,3.961,NaN,NaN,NaN,cue_poke_no_lick,True,False,False,3.961,NaN,NaN,offcue_poke_only,False,False
Generalization,m97,m97_GenLight_400,1,1,5,1766996277.264,8.057,0,2,8,NaN,14.223,NaN,NaN,offcue_poke_only,False,False,False,NaN,NaN,NaN,cue_poke_no_lick,False,True
Generalization,m97,m97_GenLight_400,1,1,6,1766996318.497,8.072,0,1,4,NaN,33.394,NaN,NaN,offcue_poke_only,False,False,False,NaN,NaN,NaN,offcue_poke_only,False,False
Generalization,m97,m97_GenLight_400,1,1,7,1766996362.616,8.088,0,4,10,NaN,11.025,NaN,NaN,offcue_poke_only,False,False,False,NaN,NaN,NaN,offcue_poke_only,False,False
Generalization,m97,m97_GenLight_400,1,1,8,1766996406.402,0.705,1,2,29,0.46,5.507,0.667,0.711,complete_sequence_rewarded,True,True,True,0.46,0.207,0.044,offcue_poke_only,False,False
Generalization,m97,m97_GenLight_400,1,1,9,1766996445.889,4.179,1,3,27,3.944,8.844,4.161,4.185,complete_sequence_rewarded,True,True,True,3.944,0.217,0.024,complete_sequence_rewarded,True,True
Generalization,m97,m97_GenLight_400,1,1,10,1766996482.546,8.092,0,7,30,NaN,13.445,NaN,NaN,offcue_poke_only,False,False,False,NaN,NaN,NaN,complete_sequence_rewarded,True,True
Generalization,m97,m97_GenLight_400,1,1,11,1766996559.593,3.332,1,5,41,3.123,10.126,3.308,3.339,complete_sequence_rewarded,True,True,True,3.123,0.184,0.031,offcue_poke_only,False,False
Generalization,m97,m97_GenLight_400,1,1,12,1766996616.491,8.107,0,10,36,NaN,9.516,NaN,NaN,offcue_poke_only,False,False,False,NaN,NaN,NaN,complete_sequence_rewarded,True,True
Generalization,m97,m97_GenLight_400,1,1,13,1766996685.735,8.092,0,6,24,NaN,13.047,NaN,NaN,offcue_poke_only,False,False,False,NaN,NaN,NaN,offcue_poke_only,False,False
Generalization,m97,m97_GenLight_400,1,1,14,1766996739.504,2.874,1,1,27,2.657,9.997,2.856,2.88,complete_sequence_rewarded,True,True,True,2.657,0.199,0.024,offcue_poke_only,False,False
Generalization,m97,m97_GenLight_400,1,1,15,1766996779.017,2.332,1,2,25,2.155,12.408,2.309,2.338,complete_sequence_rewarded,True,True,True,2.155,0.154,0.029,complete_sequence_rewarded,True,True
Generalization,m97,m97_GenLight_400,1,1,16,1766996823.932,8.088,0,1,8,NaN,21.893,NaN,NaN,offcue_poke_only,False,False,False,NaN,NaN,NaN,complete_sequence_rewarded,True,True
Generalization,m97,m97_GenLight_400,1,1,17,1766996861.226,8.096,0,0,0,NaN,NaN,NaN,NaN,no_response,False,False,False,NaN,NaN,NaN,offcue_poke_only,False,False
Generalization,m97,m97_GenLight_400,1,1,18,1766996897.389,8.096,0,2,18,NaN,35.688,NaN,NaN,offcue_poke_only,False,False,False,NaN,NaN,NaN,no_response,False,False
Generalization,m97,m97_GenLight_400,1,1,19,1766996952.637,8.052,0,2,6,NaN,17.931,NaN,NaN,offcue_poke_only,False,False,False,NaN,NaN,NaN,offcue_poke_only,False,False
Generalization,m97,m97_GenLight_400,1,1,20,1766996988.144,4.448,1,4,27,4.15,27.155,4.429,4.454,complete_sequence_rewarded,True,True,True,4.15,0.279,0.025,offcue_poke_only,False,False
Generalization,m97,m97_GenLight_400,1,1,21,1766997039.647,0.815,1,7,51,0.558,4.947,0.797,0.821,complete_sequence_rewarded,True,True,True,0.558,0.239,0.024,complete_sequence_rewarded,True,True
Generalization,m97,m97_GenLight_400,1,1,22,1766997100.659,8.065,0,6,26,NaN,16.175,NaN,NaN,offcue_poke_only,False,False,False,NaN,NaN,NaN,complete_sequence_rewarded,True,True
Generalization,m97,m97_GenLight_400,1,1,23,1766997149.128,3.546,1,2,17,3.34,7.052,3.532,3.553,complete_sequence_rewarded,True,True,True,3.34,0.192,0.021,offcue_poke_only,False,False
Generalization,m97,m97_GenLight_400,1,1,24,1766997185.05,6.921,1,6,39,6.682,14.791,6.9,NaN,cue_poke_lick_no_reward,True,True,False,6.682,0.218,NaN,complete_sequence_rewarded,True,True
Generalization,m97,m97_GenLight_400,1,1,25,1766997239.767,0.912,1,3,35,0.699,21.21,0.892,0.917,complete_sequence_rewarded,True,True,True,0.699,0.193,0.025,cue_poke_lick_no_reward,False,True
Generalization,m97,m97_GenLight_400,1,1,26,1766997281.115,2.424,1,9,51,2.247,8.305,2.405,2.429,complete_sequence_rewarded,True,True,True,2.247,0.158,0.025,complete_sequence_rewarded,True,True
Generalization,m97,m97_GenLight_400,1,1,27,1766997345.641,2.197,1,7,45,1.993,6.732,2.185,2.203,complete_sequence_rewarded,True,True,True,1.993,0.191,0.019,complete_sequence_rewarded,True,True
Generalization,m97,m97_GenLight_400,1,1,28,1766997399.208,5.967,1,1,15,5.752,8.969,5.938,5.972,complete_sequence_rewarded,True,True,True,5.752,0.186,0.034,complete_sequence_rewarded,True,True
Generalization,m97,m97_GenLight_400,1,1,29,1766997445.094,8.097,0,20,86,NaN,23.203,NaN,NaN,offcue_poke_only,False,False,False,NaN,NaN,NaN,complete_sequence_rewarded,True,True
Generalization,m97,m97_GenLight_400,1,1,30,1766997589.716,0.572,1,4,17,0.428,8.153,0.557,NaN,cue_poke_lick_no_reward,True,True,False,0.428,0.129,NaN,offcue_poke_only,False,False
Generalization,m97,m97_GenLight_400,1,1,31,1766997624.914,0.359,1,1,15,0.145,7.056,0.339,0.363,complete_sequence_rewarded,True,True,True,0.145,0.194,0.025,cue_poke_lick_no_reward,False,True
Generalization,m97,m97_GenLight_400,1,1,32,1766997662.91,4.154,1,1,15,3.762,19.394,4.126,4.159,complete_sequence_rewarded,True,True,True,3.762,0.365,0.033,complete_sequence_rewarded,True,True
Generalization,m97,m97_GenLight_400,1,1,33,1766997703.773,0.485,1,3,21,0.292,5.976,0.454,NaN,cue_poke_lick_no_reward,True,True,False,0.292,0.162,NaN,complete_sequence_rewarded,True,True
Generalization,m97,m97_GenLight_400,1,1,34,1766997740.06,0.414,1,5,21,0.166,11.245,0.395,NaN,cue_poke_lick_no_reward,True,True,False,0.166,0.229,NaN,cue_poke_lick_no_reward,False,True
Generalization,m97,m97_GenLight_400,1,1,35,1766997784.37,2.206,1,1,15,1.962,5.889,2.183,2.212,complete_sequence_rewarded,True,True,True,1.962,0.221,0.029,cue_poke_lick_no_reward,False,True
Generalization,m97,m97_GenLight_400,1,1,36,1766997817.497,1.433,1,4,27,1.208,10.31,1.41,1.439,complete_sequence_rewarded,True,True,True,1.208,0.202,0.029,complete_sequence_rewarded,True,True
Generalization,m97,m97_GenLight_400,1,1,37,1766997879.353,4.988,1,0,7,4.746,NaN,4.973,4.995,complete_sequence_rewarded,True,True,True,4.746,0.227,0.022,complete_sequence_rewarded,True,True
Generalization,m97,m97_GenLight_400,1,1,38,1766997914.237,8.049,0,2,12,NaN,20.149,NaN,NaN,offcue_poke_only,False,False,False,NaN,NaN,NaN,complete_sequence_rewarded,True,True
Generalization,m97,m97_GenLight_400,1,1,39,1766997952.187,8.07,1,4,26,7.906,15.341,8.322,8.342,complete_sequence_rewarded,True,True,True,7.906,0.416,0.02,offcue_poke_only,False,False
Generalization,m97,m97_GenLight_400,1,1,40,1766998001.978,0.158,0,4,29,NaN,7.597,NaN,NaN,offcue_poke_only,False,False,False,NaN,NaN,NaN,complete_sequence_rewarded,True,True
Generalization,m97,m97_GenLight_400,1,1,41,1766998048.537,8.067,0,2,8,NaN,13.004,NaN,NaN,offcue_poke_only,False,False,False,NaN,NaN,NaN,offcue_poke_only,False,False
Generalization,m97,m97_GenLight_400,1,1,42,1766998088.49,8.068,0,1,4,NaN,37.614,NaN,NaN,offcue_poke_only,False,False,False,NaN,NaN,NaN,offcue_poke_only,False,False
Generalization,m97,m97_GenLight_400,1,1,43,1766998137.663,8.073,0,5,22,NaN,12.687,NaN,NaN,offcue_poke_only,False,False,False,NaN,NaN,NaN,offcue_poke_only,False,False
Generalization,m97,m97_GenLight_400,1,1,44,1766998200.319,8.063,0,7,22,NaN,17.352,NaN,NaN,offcue_poke_only,False,False,False,NaN,NaN,NaN,offcue_poke_only,False,False
Generalization,m97,m97_GenLight_400,1,1,45,1766998265.097,6.247,1,0,17,6.048,NaN,6.209,6.253,complete_sequence_rewarded,True,True,True,6.048,0.16,0.045,offcue_poke_only,False,False
Generalization,m97,m97_GenLight_400,1,1,46,1766998311.307,8.106,0,0,0,NaN,NaN,NaN,NaN,no_response,False,False,False,NaN,NaN,NaN,complete_sequence_rewarded,True,True
Generalization,m97,m97_GenLight_400,1,1,47,1766998344.497,8.084,0,4,26,NaN,21.868,NaN,NaN,offcue_poke_only,False,False,False,NaN,NaN,NaN,no_response,False,False
Generalization,m97,m97_GenLight_400,1,1,48,1766998408.889,8.115,0,3,10,NaN,28.563,NaN,NaN,offcue_poke_only,False,False,False,NaN,NaN,NaN,offcue_poke_only,False,False
Generalization,m97,m97_GenLight_400,1,1,49,1766998462.246,0.768,1,6,33,0.577,13.446,0.74,0.773,complete_sequence_rewarded,True,True,True,0.577,0.164,0.033,offcue_poke_only,False,False
Generalization,m97,m97_GenLight_400,1,1,50,1766998521.161,8.098,0,2,14,NaN,10.115,NaN,NaN,offcue_poke_only,False,False,False,NaN,NaN,NaN,complete_sequence_rewarded,True,True
Generalization,m97,m97_GenLight_400,1,1,51,1766998560.146,1.05,1,0,11,0.848,NaN,1.042,1.056,complete_sequence_rewarded,True,True,True,0.848,0.194,0.015,offcue_poke_only,False,False
Generalization,m97,m97_GenLight_400,1,1,52,1766998598.119,8.076,0,0,0,NaN,NaN,NaN,NaN,no_response,False,False,False,NaN,NaN,NaN,complete_sequence_rewarded,True,True
Generalization,m97,m97_GenLight_400,1,1,53,1766998641.27,3.589,1,1,15,3.34,18.193,3.565,3.593,complete_sequence_rewarded,True,True,True,3.34,0.225,0.029,no_response,False,False
Generalization,m97,m97_GenLight_400,1,1,54,1766998683.372,8.103,0,1,8,NaN,17.54,NaN,NaN,offcue_poke_only,False,False,False,NaN,NaN,NaN,complete_sequence_rewarded,True,True
Generalization,m97,m97_GenLight_400,1,1,55,1766998721.344,8.098,0,3,20,NaN,9.284,NaN,NaN,offcue_poke_only,False,False,False,NaN,NaN,NaN,offcue_poke_only,False,False
Generalization,m97,m97_GenLight_400,1,1,56,1766998771.251,8.086,0,1,6,NaN,24.885,NaN,NaN,offcue_poke_only,False,False,False,NaN,NaN,NaN,offcue_poke_only,False,False
Generalization,m97,m97_GenLight_400,1,1,57,1766998814.103,0.832,1,2,23,0.529,17.392,0.803,0.838,complete_sequence_rewarded,True,True,True,0.529,0.274,0.034,offcue_poke_only,False,False
Generalization,m97,m97_GenLight_400,1,1,58,1766998854.757,8.084,0,2,12,NaN,9.076,NaN,NaN,offcue_poke_only,False,False,False,NaN,NaN,NaN,complete_sequence_rewarded,True,True
Generalization,m97,m97_GenLight_400,1,1,59,1766998896.391,4.679,1,1,15,4.41,16.182,4.654,4.684,complete_sequence_rewarded,True,True,True,4.41,0.243,0.03,offcue_poke_only,False,False
Generalization,m97,m97_GenLight_400,1,1,60,1766998936.685,5.618,1,1,15,5.275,29.453,5.602,5.624,complete_sequence_rewarded,True,True,True,5.275,0.327,0.023,complete_sequence_rewarded,True,True
Generalization,m97,m97_GenLight_400,1,1,61,1766998977.659,0.002,0,0,0,NaN,NaN,NaN,NaN,no_response,False,False,False,NaN,NaN,NaN,complete_sequence_rewarded,True,True
Generalization,m97,m97_GenLight_400,2,2,1,1767180227.131,8.073,1,1,6,1.862,19.368,19.592,NaN,cue_poke_lick_no_reward,True,True,False,1.862,17.73,NaN,,,
Generalization,m97,m97_GenLight_400,2,2,2,1767180266.134,8.105,0,1,6,NaN,25.071,NaN,NaN,offcue_poke_only,False,False,False,NaN,NaN,NaN,cue_poke_lick_no_reward,False,True
Generalization,m97,m97_GenLight_400,2,2,3,1767180304.761,8.093,1,10,24,0.725,13.07,29.056,NaN,cue_poke_lick_no_reward,True,True,False,0.725,28.331,NaN,offcue_poke_only,False,False
Generalization,m97,m97_GenLight_400,2,2,4,1767180367.456,6.933,1,5,25,6.661,10.126,6.91,6.939,complete_sequence_rewarded,True,True,True,6.661,0.249,0.029,cue_poke_lick_no_reward,False,True
Generalization,m97,m97_GenLight_400,2,2,5,1767180421.792,0.535,1,7,53,0.287,3.527,0.513,0.541,complete_sequence_rewarded,True,True,True,0.287,0.226,0.028,complete_sequence_rewarded,True,True
Generalization,m97,m97_GenLight_400,2,2,6,1767180473.541,8.081,0,6,38,NaN,10.956,NaN,NaN,offcue_poke_only,False,False,False,NaN,NaN,NaN,complete_sequence_rewarded,True,True
Generalization,m97,m97_GenLight_400,2,2,7,1767180537.897,5.109,1,9,57,4.881,8.838,5.086,5.115,complete_sequence_rewarded,True,True,True,4.881,0.205,0.029,offcue_poke_only,False,False
Generalization,m97,m97_GenLight_400,2,2,8,1767180612.71,2.18,1,3,25,1.952,8.852,2.161,2.186,complete_sequence_rewarded,True,True,True,1.952,0.209,0.026,complete_sequence_rewarded,True,True
Generalization,m97,m97_GenLight_400,2,2,9,1767180655.173,1.861,1,2,9,1.649,6.519,1.847,1.867,complete_sequence_rewarded,True,True,True,1.649,0.198,0.02,complete_sequence_rewarded,True,True
Generalization,m97,m97_GenLight_400,2,2,10,1767180689.278,8.083,0,6,28,NaN,8.305,NaN,NaN,offcue_poke_only,False,False,False,NaN,NaN,NaN,complete_sequence_rewarded,True,True
Generalization,m97,m97_GenLight_400,2,2,11,1767180738.5,3.789,1,17,87,3.602,6.932,3.771,3.795,complete_sequence_rewarded,True,True,True,3.602,0.169,0.024,offcue_poke_only,False,False
Generalization,m97,m97_GenLight_400,2,2,12,1767180829.364,8.129,0,4,16,NaN,15.51,NaN,NaN,offcue_poke_only,False,False,False,NaN,NaN,NaN,complete_sequence_rewarded,True,True
Generalization,m97,m97_GenLight_400,2,2,13,1767180871.702,3.057,1,4,47,2.905,13.031,3.039,3.062,complete_sequence_rewarded,True,True,True,2.905,0.134,0.023,offcue_poke_only,False,False
Generalization,m97,m97_GenLight_400,2,2,14,1767180931.04,8.073,0,16,62,NaN,17.186,NaN,NaN,offcue_poke_only,False,False,False,NaN,NaN,NaN,complete_sequence_rewarded,True,True
Generalization,m97,m97_GenLight_400,2,2,15,1767181049.85,0.88,1,13,67,0.689,3.88,0.863,0.885,complete_sequence_rewarded,True,True,True,0.689,0.174,0.022,offcue_poke_only,False,False
Generalization,m97,m97_GenLight_400,2,2,16,1767181155.624,2.63,1,2,19,2.463,22.705,2.61,2.635,complete_sequence_rewarded,True,True,True,2.463,0.147,0.026,complete_sequence_rewarded,True,True
Generalization,m97,m97_GenLight_400,2,2,17,1767181202.387,5.232,1,4,19,5.068,8.325,5.219,5.238,complete_sequence_rewarded,True,True,True,5.068,0.151,0.019,complete_sequence_rewarded,True,True
Generalization,m97,m97_GenLight_400,2,2,18,1767181240.127,8.072,0,6,20,NaN,21.275,NaN,NaN,offcue_poke_only,False,False,False,NaN,NaN,NaN,complete_sequence_rewarded,True,True
Generalization,m97,m97_GenLight_400,2,2,19,1767181289.847,6.271,1,12,45,6.039,25.238,6.247,6.276,complete_sequence_rewarded,True,True,True,6.039,0.208,0.029,offcue_poke_only,False,False
Generalization,m97,m97_GenLight_400,2,2,20,1767181389.288,0.856,1,4,37,0.541,31.433,0.832,0.862,complete_sequence_rewarded,True,True,True,0.541,0.291,0.03,complete_sequence_rewarded,True,True
Generalization,m97,m97_GenLight_400,2,2,21,1767181455.697,3.506,1,2,19,3.286,6.702,3.487,3.511,complete_sequence_rewarded,True,True,True,3.286,0.2,0.025,complete_sequence_rewarded,True,True
Generalization,m97,m97_GenLight_400,2,2,22,1767181495.233,8.025,0,4,18,NaN,9.593,NaN,NaN,offcue_poke_only,False,False,False,NaN,NaN,NaN,complete_sequence_rewarded,True,True
Generalization,m97,m97_GenLight_400,2,2,23,1767181543.197,4.531,1,3,27,4.294,13.694,4.518,4.537,complete_sequence_rewarded,True,True,True,4.294,0.223,0.019,offcue_poke_only,False,False
Generalization,m97,m97_GenLight_400,2,2,24,1767181585.486,8.076,0,0,0,NaN,NaN,NaN,NaN,no_response,False,False,False,NaN,NaN,NaN,complete_sequence_rewarded,True,True
Generalization,m97,m97_GenLight_400,2,2,25,1767181619.643,8.08,0,2,6,NaN,36.455,NaN,NaN,offcue_poke_only,False,False,False,NaN,NaN,NaN,no_response,False,False
Generalization,m97,m97_GenLight_400,2,2,26,1767181678.731,1.241,1,1,17,1.053,12.588,1.222,1.247,complete_sequence_rewarded,True,True,True,1.053,0.169,0.024,offcue_poke_only,False,False
Generalization,m97,m97_GenLight_400,2,2,27,1767181715.397,6.474,1,1,13,6.355,33.912,6.456,6.48,complete_sequence_rewarded,True,True,True,6.355,0.1,0.024,complete_sequence_rewarded,True,True
Generalization,m97,m97_GenLight_400,2,2,28,1767181760.172,1.944,1,3,29,1.765,19.726,1.921,1.95,complete_sequence_rewarded,True,True,True,1.765,0.156,0.029,complete_sequence_rewarded,True,True
Generalization,m97,m97_GenLight_400,2,2,29,1767181811.817,4.396,1,2,13,4.229,15.276,4.378,4.401,complete_sequence_rewarded,True,True,True,4.229,0.149,0.024,complete_sequence_rewarded,True,True
Generalization,m97,m97_GenLight_400,2,2,30,1767181854.411,8.088,0,2,8,NaN,18.978,NaN,NaN,offcue_poke_only,False,False,False,NaN,NaN,NaN,complete_sequence_rewarded,True,True
Generalization,m97,m97_GenLight_400,2,2,31,1767181889.972,7.183,1,1,13,6.928,30.81,7.164,7.189,complete_sequence_rewarded,True,True,True,6.928,0.236,0.025,offcue_poke_only,False,False
Generalization,m97,m97_GenLight_400,2,2,32,1767181938.46,3.228,1,7,47,3.057,12.286,3.215,3.234,complete_sequence_rewarded,True,True,True,3.057,0.158,0.019,complete_sequence_rewarded,True,True
Generalization,m97,m97_GenLight_400,2,2,33,1767181992.599,5.63,1,7,35,5.334,10.801,5.614,5.635,complete_sequence_rewarded,True,True,True,5.334,0.28,0.022,complete_sequence_rewarded,True,True
Generalization,m97,m97_GenLight_400,2,2,34,1767182054.322,0.749,1,7,31,0.544,14.799,0.736,0.755,complete_sequence_rewarded,True,True,True,0.544,0.191,0.02,complete_sequence_rewarded,True,True
Generalization,m97,m97_GenLight_400,2,2,35,1767182100.479,3.015,1,0,7,2.547,NaN,2.996,3.021,complete_sequence_rewarded,True,True,True,2.547,0.449,0.025,complete_sequence_rewarded,True,True
Generalization,m97,m97_GenLight_400,2,2,36,1767182134.15,6.715,1,4,31,6.572,12.561,6.696,6.725,complete_sequence_rewarded,True,True,True,6.572,0.124,0.028,complete_sequence_rewarded,True,True
Generalization,m97,m97_GenLight_400,2,2,37,1767182182.753,1.769,1,3,17,1.517,4.067,1.75,1.775,complete_sequence_rewarded,True,True,True,1.517,0.234,0.025,complete_sequence_rewarded,True,True
Generalization,m97,m97_GenLight_400,2,2,38,1767182216.608,2.664,1,9,45,2.423,20.845,2.65,2.668,complete_sequence_rewarded,True,True,True,2.423,0.227,0.019,complete_sequence_rewarded,True,True
Generalization,m97,m97_GenLight_400,2,2,39,1767182309.346,0.741,1,3,29,0.552,18.793,0.725,0.745,complete_sequence_rewarded,True,True,True,0.552,0.174,0.02,complete_sequence_rewarded,True,True
Generalization,m97,m97_GenLight_400,2,2,40,1767182352.297,5.017,1,1,13,4.871,8.26,5.002,5.023,complete_sequence_rewarded,True,True,True,4.871,0.132,0.021,complete_sequence_rewarded,True,True
Generalization,m97,m97_GenLight_400,2,2,41,1767182396.33,8.059,0,0,0,NaN,NaN,NaN,NaN,no_response,False,False,False,NaN,NaN,NaN,complete_sequence_rewarded,True,True
Generalization,m97,m97_GenLight_400,2,2,42,1767182434.487,4.513,1,1,17,4.416,20.714,4.495,4.519,complete_sequence_rewarded,True,True,True,4.416,0.079,0.024,no_response,False,False
Generalization,m97,m97_GenLight_400,2,2,43,1767182472.36,4.847,1,2,18,4.703,22.947,4.823,4.852,complete_sequence_rewarded,True,True,True,4.703,0.12,0.029,complete_sequence_rewarded,True,True
Generalization,m97,m97_GenLight_400,2,2,44,1767182515.139,2.729,1,7,17,2.489,9.458,2.715,NaN,cue_poke_lick_no_reward,True,True,False,2.489,0.226,NaN,complete_sequence_rewarded,True,True
Generalization,m97,m97_GenLight_400,2,2,45,1767182573.794,0.795,1,7,47,0.609,16.858,0.776,0.8,complete_sequence_rewarded,True,True,True,0.609,0.167,0.024,cue_poke_lick_no_reward,False,True
Generalization,m97,m97_GenLight_400,2,2,46,1767182642.923,6.835,1,1,19,6.501,31.971,6.815,6.84,complete_sequence_rewarded,True,True,True,6.501,0.313,0.026,complete_sequence_rewarded,True,True
Generalization,m97,m97_GenLight_400,2,2,47,1767182688.245,5.155,1,0,7,5.023,NaN,5.136,5.161,complete_sequence_rewarded,True,True,True,5.023,0.114,0.025,complete_sequence_rewarded,True,True
Generalization,m97,m97_GenLight_400,2,2,48,1767182732.388,3.829,1,3,21,3.616,23.437,3.806,3.835,complete_sequence_rewarded,True,True,True,3.616,0.19,0.029,complete_sequence_rewarded,True,True
Generalization,m97,m97_GenLight_400,2,2,49,1767182780.817,8.09,0,1,8,NaN,16.11,NaN,NaN,offcue_poke_only,False,False,False,NaN,NaN,NaN,complete_sequence_rewarded,True,True
Generalization,m97,m97_GenLight_400,2,2,50,1767182816.955,1.709,1,2,17,1.402,20.074,1.69,1.714,complete_sequence_rewarded,True,True,True,1.402,0.288,0.024,offcue_poke_only,False,False
Generalization,m97,m97_GenLight_400,2,2,51,1767182856.195,8.068,0,2,6,NaN,16.796,NaN,NaN,offcue_poke_only,False,False,False,NaN,NaN,NaN,complete_sequence_rewarded,True,True
Generalization,m97,m97_GenLight_400,2,2,52,1767182895.153,8.088,0,4,18,NaN,9.36,NaN,NaN,offcue_poke_only,False,False,False,NaN,NaN,NaN,offcue_poke_only,False,False
Generalization,m97,m97_GenLight_400,2,2,53,1767182943.215,8.074,0,1,12,NaN,21.171,NaN,NaN,offcue_poke_only,False,False,False,NaN,NaN,NaN,offcue_poke_only,False,False
Generalization,m97,m97_GenLight_400,2,2,54,1767182979.248,3.724,1,2,11,3.482,30.691,3.701,3.73,complete_sequence_rewarded,True,True,True,3.482,0.219,0.029,offcue_poke_only,False,False
Generalization,m97,m97_GenLight_400,2,2,55,1767183029.367,0.654,1,2,23,0.455,23.098,0.625,0.66,complete_sequence_rewarded,True,True,True,0.455,0.171,0.035,complete_sequence_rewarded,True,True
Generalization,m97,m97_GenLight_400,2,2,56,1767183067.481,8.098,0,2,12,NaN,21.122,NaN,NaN,offcue_poke_only,False,False,False,NaN,NaN,NaN,complete_sequence_rewarded,True,True
Generalization,m97,m97_GenLight_400,2,2,57,1767183108.184,5.482,1,0,9,5.376,NaN,5.468,NaN,cue_poke_lick_no_reward,True,True,False,5.376,0.092,NaN,offcue_poke_only,False,False
Generalization,m97,m97_GenLight_400,2,2,58,1767183147.73,8.056,0,1,8,NaN,35.98,NaN,NaN,offcue_poke_only,False,False,False,NaN,NaN,NaN,cue_poke_lick_no_reward,False,True
Generalization,m97,m97_GenLight_400,2,2,59,1767183194.452,8.06,0,5,10,NaN,18.434,NaN,NaN,offcue_poke_only,False,False,False,NaN,NaN,NaN,offcue_poke_only,False,False
Generalization,m97,m97_GenLight_400,2,2,60,1767183247.215,0.002,0,0,0,NaN,NaN,NaN,NaN,no_response,False,False,False,NaN,NaN,NaN,offcue_poke_only,False,False
Generalization,m97,m97_GenLight_400_2,1,3,1,1767516241.554,5.114,1,2,17,4.795,14.033,5.088,5.121,complete_sequence_rewarded,True,True,True,4.795,0.294,0.032,,,
Generalization,m97,m97_GenLight_400_2,1,3,2,1767516283.94,4.551,2,2,17,4.345,29.326,4.531,4.556,complete_sequence_rewarded,True,True,True,4.345,0.186,0.025,complete_sequence_rewarded,True,True
Generalization,m97,m97_GenLight_400_2,1,3,3,1767516325.262,6.319,1,2,15,6.208,22.567,6.306,6.324,complete_sequence_rewarded,True,True,True,6.208,0.098,0.018,complete_sequence_rewarded,True,True
Generalization,m97,m97_GenLight_400_2,1,3,4,1767516366.392,2.557,1,0,13,2.389,NaN,2.529,2.563,complete_sequence_rewarded,True,True,True,2.389,0.14,0.034,complete_sequence_rewarded,True,True
Generalization,m97,m97_GenLight_400_2,1,3,5,1767516403.943,0.883,1,3,27,0.551,12.176,0.866,0.889,complete_sequence_rewarded,True,True,True,0.551,0.315,0.023,complete_sequence_rewarded,True,True
Generalization,m97,m97_GenLight_400_2,1,3,6,1767516452.348,0.649,1,1,13,0.354,13.348,0.626,0.655,complete_sequence_rewarded,True,True,True,0.354,0.272,0.029,complete_sequence_rewarded,True,True
Generalization,m97,m97_GenLight_400_2,1,3,7,1767516483.693,3.337,1,6,29,2.995,27.493,3.308,3.343,complete_sequence_rewarded,True,True,True,2.995,0.313,0.035,complete_sequence_rewarded,True,True
Generalization,m97,m97_GenLight_400_2,1,3,8,1767516560.969,1.755,1,3,7,1.497,2.124,1.726,1.765,complete_sequence_rewarded,True,True,True,1.497,0.229,0.039,complete_sequence_rewarded,True,True
Generalization,m97,m97_GenLight_400_2,1,3,9,1767516600.899,1.922,1,1,17,1.473,15.588,1.906,1.929,complete_sequence_rewarded,True,True,True,1.473,0.433,0.023,complete_sequence_rewarded,True,True
Generalization,m97,m97_GenLight_400_2,1,3,10,1767516642.484,8.05,0,1,4,NaN,25.627,NaN,NaN,offcue_poke_only,False,False,False,NaN,NaN,NaN,complete_sequence_rewarded,True,True
Generalization,m97,m97_GenLight_400_2,1,3,11,1767516680.523,3.474,1,1,19,3.219,32.804,3.461,3.481,complete_sequence_rewarded,True,True,True,3.219,0.242,0.02,offcue_poke_only,False,False
Generalization,m97,m97_GenLight_400_2,1,3,12,1767516723.887,1.262,1,0,7,1.027,NaN,1.247,1.267,complete_sequence_rewarded,True,True,True,1.027,0.22,0.02,complete_sequence_rewarded,True,True
Generalization,m97,m97_GenLight_400_2,1,3,13,1767516761.108,1.86,1,0,7,1.595,NaN,1.845,1.865,complete_sequence_rewarded,True,True,True,1.595,0.251,0.02,complete_sequence_rewarded,True,True
Generalization,m97,m97_GenLight_400_2,1,3,14,1767516794.847,8.082,0,0,0,NaN,NaN,NaN,NaN,no_response,False,False,False,NaN,NaN,NaN,complete_sequence_rewarded,True,True
Generalization,m97,m97_GenLight_400_2,1,3,15,1767516838.056,2.097,1,0,17,1.972,NaN,2.078,2.107,complete_sequence_rewarded,True,True,True,1.972,0.106,0.029,no_response,False,False
Generalization,m97,m97_GenLight_400_2,1,3,16,1767516879.216,8.084,0,7,18,NaN,27.99,NaN,NaN,offcue_poke_only,False,False,False,NaN,NaN,NaN,complete_sequence_rewarded,True,True
Generalization,m97,m97_GenLight_400_2,1,3,17,1767516954.341,5.298,1,1,21,5.112,35.835,5.28,5.303,complete_sequence_rewarded,True,True,True,5.112,0.168,0.023,offcue_poke_only,False,False
Generalization,m97,m97_GenLight_400_2,1,3,18,1767517001.48,8.094,2,1,4,4.994,27.315,27.505,NaN,cue_poke_lick_no_reward,True,True,False,4.994,22.511,NaN,complete_sequence_rewarded,True,True
Generalization,m97,m97_GenLight_400_2,1,3,19,1767517045.743,7.675,1,3,13,7.412,13.1,7.654,NaN,cue_poke_lick_no_reward,True,True,False,7.412,0.242,NaN,cue_poke_lick_no_reward,False,True
Generalization,m97,m97_GenLight_400_2,1,3,20,1767517104.228,1.178,1,3,9,0.771,1.611,1.154,1.183,complete_sequence_rewarded,True,True,True,0.771,0.383,0.03,cue_poke_lick_no_reward,False,True
Generalization,m97,m97_GenLight_400_2,1,3,21,1767517142.176,8.079,0,0,0,NaN,NaN,NaN,NaN,no_response,False,False,False,NaN,NaN,NaN,complete_sequence_rewarded,True,True
Generalization,m97,m97_GenLight_400_2,1,3,22,1767517182.331,8.087,0,0,0,NaN,NaN,NaN,NaN,no_response,False,False,False,NaN,NaN,NaN,no_response,False,False
Generalization,m97,m97_GenLight_400_2,1,3,23,1767517223.523,1.203,2,3,7,0.572,2.479,1.181,1.208,complete_sequence_rewarded,True,True,True,0.572,0.61,0.027,no_response,False,False
Generalization,m97,m97_GenLight_400_2,1,3,24,1767517264.43,8.088,0,0,0,NaN,NaN,NaN,NaN,no_response,False,False,False,NaN,NaN,NaN,complete_sequence_rewarded,True,True
Generalization,m97,m97_GenLight_400_2,1,3,25,1767517306.642,1.641,1,0,11,1.341,NaN,1.617,1.646,complete_sequence_rewarded,True,True,True,1.341,0.276,0.029,no_response,False,False
Generalization,m97,m97_GenLight_400_2,1,3,26,1767517344.139,8.05,0,0,0,NaN,NaN,NaN,NaN,no_response,False,False,False,NaN,NaN,NaN,complete_sequence_rewarded,True,True
Generalization,m97,m97_GenLight_400_2,1,3,27,1767517382.273,4.669,1,0,9,4.51,NaN,4.649,4.675,complete_sequence_rewarded,True,True,True,4.51,0.139,0.026,no_response,False,False
Generalization,m97,m97_GenLight_400_2,1,3,28,1767517423.953,1.671,1,0,9,1.439,NaN,1.648,1.677,complete_sequence_rewarded,True,True,True,1.439,0.208,0.029,complete_sequence_rewarded,True,True
Generalization,m97,m97_GenLight_400_2,1,3,29,1767517460.571,8.025,0,0,0,NaN,NaN,NaN,NaN,no_response,False,False,False,NaN,NaN,NaN,complete_sequence_rewarded,True,True
Generalization,m97,m97_GenLight_400_2,1,3,30,1767517500.722,8.097,0,0,0,NaN,NaN,NaN,NaN,no_response,False,False,False,NaN,NaN,NaN,no_response,False,False
Generalization,m97,m97_GenLight_400_2,1,3,31,1767517533.903,8.095,0,0,0,NaN,NaN,NaN,NaN,no_response,False,False,False,NaN,NaN,NaN,no_response,False,False
Generalization,m97,m97_GenLight_400_2,1,3,32,1767517573.087,8.083,0,0,0,NaN,NaN,NaN,NaN,no_response,False,False,False,NaN,NaN,NaN,no_response,False,False
Generalization,m97,m97_GenLight_400_2,1,3,33,1767517614.248,5.924,1,0,5,5.54,NaN,5.895,5.93,complete_sequence_rewarded,True,True,True,5.54,0.355,0.035,no_response,False,False
Generalization,m97,m97_GenLight_400_2,1,3,34,1767517657.923,8.103,0,0,0,NaN,NaN,NaN,NaN,no_response,False,False,False,NaN,NaN,NaN,complete_sequence_rewarded,True,True
Generalization,m97,m97_GenLight_400_2,1,3,35,1767517700.102,8.071,0,0,0,NaN,NaN,NaN,NaN,no_response,False,False,False,NaN,NaN,NaN,no_response,False,False
Generalization,m97,m97_GenLight_400_2,1,3,36,1767517740.259,8.067,0,0,0,NaN,NaN,NaN,NaN,no_response,False,False,False,NaN,NaN,NaN,no_response,False,False
Generalization,m97,m97_GenLight_400_2,1,3,37,1767517774.406,8.061,0,0,0,NaN,NaN,NaN,NaN,no_response,False,False,False,NaN,NaN,NaN,no_response,False,False
Generalization,m97,m97_GenLight_400_2,1,3,38,1767517815.567,8.075,0,0,0,NaN,NaN,NaN,NaN,no_response,False,False,False,NaN,NaN,NaN,no_response,False,False
Generalization,m97,m97_GenLight_400_2,1,3,39,1767517849.764,8.08,0,0,0,NaN,NaN,NaN,NaN,no_response,False,False,False,NaN,NaN,NaN,no_response,False,False
Generalization,m97,m97_GenLight_400_2,1,3,40,1767517888.912,1.331,1,0,3,0.632,NaN,1.298,1.337,complete_sequence_rewarded,True,True,True,0.632,0.667,0.039,no_response,False,False
Generalization,m97,m97_GenLight_400_2,1,3,41,1767517921.716,8.082,0,0,0,NaN,NaN,NaN,NaN,no_response,False,False,False,NaN,NaN,NaN,complete_sequence_rewarded,True,True
Generalization,m97,m97_GenLight_400_2,1,3,42,1767517955.901,8.041,0,0,0,NaN,NaN,NaN,NaN,no_response,False,False,False,NaN,NaN,NaN,no_response,False,False
Generalization,m97,m97_GenLight_400_2,1,3,43,1767517997.08,8.091,0,0,0,NaN,NaN,NaN,NaN,no_response,False,False,False,NaN,NaN,NaN,no_response,False,False
Generalization,m97,m97_GenLight_400_2,1,3,44,1767518037.312,8.056,0,0,0,NaN,NaN,NaN,NaN,no_response,False,False,False,NaN,NaN,NaN,no_response,False,False
Generalization,m97,m97_GenLight_400_2,1,3,45,1767518073.456,8.068,0,0,0,NaN,NaN,NaN,NaN,no_response,False,False,False,NaN,NaN,NaN,no_response,False,False
Generalization,m97,m97_GenLight_400_2,1,3,46,1767518112.583,8.06,0,0,0,NaN,NaN,NaN,NaN,no_response,False,False,False,NaN,NaN,NaN,no_response,False,False
Generalization,m97,m97_GenLight_400_2,1,3,47,1767518149.717,8.09,0,0,0,NaN,NaN,NaN,NaN,no_response,False,False,False,NaN,NaN,NaN,no_response,False,False
Generalization,m97,m97_GenLight_400_2,1,3,48,1767518187.861,8.071,0,0,0,NaN,NaN,NaN,NaN,no_response,False,False,False,NaN,NaN,NaN,no_response,False,False
Generalization,m97,m97_GenLight_400_2,1,3,49,1767518225.044,8.098,1,1,0,4.568,21.789,NaN,NaN,cue_poke_no_lick,True,False,False,4.568,NaN,NaN,no_response,False,False
Generalization,m97,m97_GenLight_400_2,1,3,50,1767518270.887,8.025,0,0,0,NaN,NaN,NaN,NaN,no_response,False,False,False,NaN,NaN,NaN,cue_poke_no_lick,False,True
Generalization,m97,m97_GenLight_400_2,1,3,51,1767518310.036,8.069,0,0,0,NaN,NaN,NaN,NaN,no_response,False,False,False,NaN,NaN,NaN,no_response,False,False
Generalization,m97,m97_GenLight_400_2,1,3,52,1767518350.19,8.096,0,1,0,NaN,23.38,NaN,NaN,offcue_poke_only,False,False,False,NaN,NaN,NaN,no_response,False,False
Generalization,m97,m97_GenLight_400_2,1,3,53,1767518389.708,8.061,0,1,0,NaN,14.651,NaN,NaN,offcue_poke_only,False,False,False,NaN,NaN,NaN,offcue_poke_only,False,False
Generalization,m97,m97_GenLight_400_2,1,3,54,1767518430.353,8.082,0,0,0,NaN,NaN,NaN,NaN,no_response,False,False,False,NaN,NaN,NaN,offcue_poke_only,False,False
Generalization,m97,m97_GenLight_400_2,1,3,55,1767518468.544,8.1,0,1,0,NaN,13.439,NaN,NaN,offcue_poke_only,False,False,False,NaN,NaN,NaN,no_response,False,False
Generalization,m97,m97_GenLight_400_2,1,3,56,1767518509.901,8.106,0,0,0,NaN,NaN,NaN,NaN,no_response,False,False,False,NaN,NaN,NaN,offcue_poke_only,False,False
Generalization,m97,m97_GenLight_400_2,1,3,57,1767518545.076,1.247,1,3,3,0.587,2.489,1.229,1.253,complete_sequence_rewarded,True,True,True,0.587,0.642,0.023,no_response,False,False
Generalization,m97,m97_GenLight_400_2,1,3,58,1767518584.955,8.046,0,0,0,NaN,NaN,NaN,NaN,no_response,False,False,False,NaN,NaN,NaN,complete_sequence_rewarded,True,True
Generalization,m97,m97_GenLight_400_2,1,3,59,1767518622.107,8.08,0,0,0,NaN,NaN,NaN,NaN,no_response,False,False,False,NaN,NaN,NaN,no_response,False,False
Generalization,m97,m97_GenLight_400_2,1,3,60,1767518664.268,8.045,0,1,0,NaN,8.255,NaN,NaN,offcue_poke_only,False,False,False,NaN,NaN,NaN,no_response,False,False
Generalization,m97,m97_GenLight_400_2,1,3,61,1767518702.065,0.003,0,0,0,NaN,NaN,NaN,NaN,no_response,False,False,False,NaN,NaN,NaN,offcue_poke_only,False,False
Generalization,m97,m97_GenLight_400_2,2,4,1,1767613265.667,8.057,0,0,0,NaN,NaN,NaN,NaN,no_response,False,False,False,NaN,NaN,NaN,,,
Generalization,m97,m97_GenLight_400_2,2,4,2,1767613300.827,8.084,0,0,0,NaN,NaN,NaN,NaN,no_response,False,False,False,NaN,NaN,NaN,no_response,False,False
Generalization,m97,m97_GenLight_400_2,2,4,3,1767613337.969,8.101,0,0,0,NaN,NaN,NaN,NaN,no_response,False,False,False,NaN,NaN,NaN,no_response,False,False
Generalization,m97,m97_GenLight_400_2,2,4,4,1767613371.12,8.02,0,1,2,NaN,8.416,NaN,NaN,offcue_poke_only,False,False,False,NaN,NaN,NaN,no_response,False,False
Generalization,m97,m97_GenLight_400_2,2,4,5,1767613414.641,8.092,0,0,0,NaN,NaN,NaN,NaN,no_response,False,False,False,NaN,NaN,NaN,offcue_poke_only,False,False
Generalization,m97,m97_GenLight_400_2,2,4,6,1767613452.87,7.004,1,7,31,6.781,7.489,6.976,7.009,complete_sequence_rewarded,True,True,True,6.781,0.196,0.033,no_response,False,False
Generalization,m97,m97_GenLight_400_2,2,4,7,1767613524.066,3.752,1,2,37,3.5,40.4,3.733,3.756,complete_sequence_rewarded,True,True,True,3.5,0.233,0.023,complete_sequence_rewarded,True,True
Generalization,m97,m97_GenLight_400_2,2,4,8,1767613584.389,8.081,0,2,8,NaN,36.726,NaN,NaN,offcue_poke_only,False,False,False,NaN,NaN,NaN,complete_sequence_rewarded,True,True
Generalization,m97,m97_GenLight_400_2,2,4,9,1767613637.324,1.427,1,7,31,1.213,28.285,1.409,1.434,complete_sequence_rewarded,True,True,True,1.213,0.196,0.025,offcue_poke_only,False,False
Generalization,m97,m97_GenLight_400_2,2,4,10,1767613698.637,3.034,1,3,19,2.89,7.858,3.021,3.041,complete_sequence_rewarded,True,True,True,2.89,0.131,0.02,complete_sequence_rewarded,True,True
Generalization,m97,m97_GenLight_400_2,2,4,11,1767613736.784,2.678,1,2,23,2.537,4.805,2.666,2.685,complete_sequence_rewarded,True,True,True,2.537,0.129,0.019,complete_sequence_rewarded,True,True
Generalization,m97,m97_GenLight_400_2,2,4,12,1767613774.295,5.189,1,0,9,4.938,NaN,5.165,5.195,complete_sequence_rewarded,True,True,True,4.938,0.226,0.03,complete_sequence_rewarded,True,True
Generalization,m97,m97_GenLight_400_2,2,4,13,1767613809.336,4.827,1,2,23,4.737,38.567,4.814,4.832,complete_sequence_rewarded,True,True,True,4.737,0.077,0.018,complete_sequence_rewarded,True,True
Generalization,m97,m97_GenLight_400_2,2,4,14,1767613868.03,4.585,1,2,13,4.482,21.859,4.572,4.592,complete_sequence_rewarded,True,True,True,4.482,0.09,0.019,complete_sequence_rewarded,True,True
Generalization,m97,m97_GenLight_400_2,2,4,15,1767613908.356,3.909,1,1,17,3.724,20.602,3.895,3.916,complete_sequence_rewarded,True,True,True,3.724,0.17,0.021,complete_sequence_rewarded,True,True
Generalization,m97,m97_GenLight_400_2,2,4,16,1767613943.317,0.849,1,2,15,0.646,14.776,0.82,NaN,cue_poke_lick_no_reward,True,True,False,0.646,0.175,NaN,complete_sequence_rewarded,True,True
Generalization,m97,m97_GenLight_400_2,2,4,17,1767613982.021,0.579,1,2,19,0.397,19.358,0.566,NaN,cue_poke_lick_no_reward,True,True,False,0.397,0.169,NaN,cue_poke_lick_no_reward,False,True
Generalization,m97,m97_GenLight_400_2,2,4,18,1767614015.589,2.241,1,1,13,2.04,24.334,2.228,2.247,complete_sequence_rewarded,True,True,True,2.04,0.189,0.019,cue_poke_lick_no_reward,False,True
Generalization,m97,m97_GenLight_400_2,2,4,19,1767614058.433,2.454,1,0,7,2.111,NaN,2.437,2.463,complete_sequence_rewarded,True,True,True,2.111,0.326,0.026,complete_sequence_rewarded,True,True
Generalization,m97,m97_GenLight_400_2,2,4,20,1767614097.677,0.706,1,2,23,0.616,1.921,0.687,0.711,complete_sequence_rewarded,True,True,True,0.616,0.071,0.024,complete_sequence_rewarded,True,True
Generalization,m97,m97_GenLight_400_2,2,4,21,1767614133.282,4.644,1,0,9,4.417,NaN,4.604,4.655,complete_sequence_rewarded,True,True,True,4.417,0.188,0.05,complete_sequence_rewarded,True,True
Generalization,m97,m97_GenLight_400_2,2,4,22,1767614172.865,8.068,0,0,0,NaN,NaN,NaN,NaN,no_response,False,False,False,NaN,NaN,NaN,complete_sequence_rewarded,True,True
Generalization,m97,m97_GenLight_400_2,2,4,23,1767614214.029,8.064,1,1,8,6.649,29.014,29.184,NaN,cue_poke_lick_no_reward,True,True,False,6.649,22.535,NaN,no_response,False,False
Generalization,m97,m97_GenLight_400_2,2,4,24,1767614256.476,0.722,1,2,13,0.503,2.669,0.708,0.728,complete_sequence_rewarded,True,True,True,0.503,0.205,0.02,cue_poke_lick_no_reward,False,True
Generalization,m97,m97_GenLight_400_2,2,4,25,1767614302.657,2.064,1,3,21,1.895,25.407,2.049,2.071,complete_sequence_rewarded,True,True,True,1.895,0.154,0.022,complete_sequence_rewarded,True,True
Generalization,m97,m97_GenLight_400_2,2,4,26,1767614352.913,0.698,1,0,7,0.436,NaN,0.685,0.704,complete_sequence_rewarded,True,True,True,0.436,0.249,0.019,complete_sequence_rewarded,True,True
Generalization,m97,m97_GenLight_400_2,2,4,27,1767614387.497,8.067,0,1,6,NaN,36.575,NaN,NaN,offcue_poke_only,False,False,False,NaN,NaN,NaN,complete_sequence_rewarded,True,True
Generalization,m97,m97_GenLight_400_2,2,4,28,1767614434.788,8.096,0,2,10,NaN,13.072,NaN,NaN,offcue_poke_only,False,False,False,NaN,NaN,NaN,offcue_poke_only,False,False
Generalization,m97,m97_GenLight_400_2,2,4,29,1767614477.749,1.376,1,0,13,1.135,NaN,1.351,1.382,complete_sequence_rewarded,True,True,True,1.135,0.215,0.032,offcue_poke_only,False,False
Generalization,m97,m97_GenLight_400_2,2,4,30,1767614514.044,0.243,1,0,9,0.051,NaN,0.224,0.248,complete_sequence_rewarded,True,True,True,0.051,0.173,0.024,complete_sequence_rewarded,True,True
Generalization,m97,m97_GenLight_400_2,2,4,31,1767614553.25,8.097,0,1,8,NaN,23.571,NaN,NaN,offcue_poke_only,False,False,False,NaN,NaN,NaN,complete_sequence_rewarded,True,True
Generalization,m97,m97_GenLight_400_2,2,4,32,1767614597.853,3.116,1,2,15,3.018,11.732,3.094,3.122,complete_sequence_rewarded,True,True,True,3.018,0.076,0.028,offcue_poke_only,False,False
Generalization,m97,m97_GenLight_400_2,2,4,33,1767614639.899,6.33,1,2,17,6.086,14.426,6.313,6.335,complete_sequence_rewarded,True,True,True,6.086,0.227,0.022,complete_sequence_rewarded,True,True
Generalization,m97,m97_GenLight_400_2,2,4,34,1767614679.655,2.633,1,2,15,2.53,18.675,2.62,NaN,cue_poke_lick_no_reward,True,True,False,2.53,0.09,NaN,complete_sequence_rewarded,True,True
Generalization,m97,m97_GenLight_400_2,2,4,35,1767614722.812,0.618,1,1,15,0.375,20.189,0.599,0.625,complete_sequence_rewarded,True,True,True,0.375,0.224,0.026,cue_poke_lick_no_reward,False,True
Generalization,m97,m97_GenLight_400_2,2,4,36,1767614762.399,8.082,0,1,2,NaN,25.379,NaN,NaN,offcue_poke_only,False,False,False,NaN,NaN,NaN,complete_sequence_rewarded,True,True
Generalization,m97,m97_GenLight_400_2,2,4,37,1767614801.782,1.515,1,0,3,1.205,NaN,1.502,1.521,complete_sequence_rewarded,True,True,True,1.205,0.296,0.019,offcue_poke_only,False,False
Generalization,m97,m97_GenLight_400_2,2,4,38,1767614841.187,8.088,0,3,16,NaN,10.893,NaN,NaN,offcue_poke_only,False,False,False,NaN,NaN,NaN,complete_sequence_rewarded,True,True
Generalization,m97,m97_GenLight_400_2,2,4,39,1767614886.942,3.111,1,0,7,2.941,NaN,3.094,3.117,complete_sequence_rewarded,True,True,True,2.941,0.153,0.024,offcue_poke_only,False,False
Generalization,m97,m97_GenLight_400_2,2,4,40,1767614929.077,8.064,0,0,0,NaN,NaN,NaN,NaN,no_response,False,False,False,NaN,NaN,NaN,complete_sequence_rewarded,True,True
Generalization,m97,m97_GenLight_400_2,2,4,41,1767614965.211,0.777,1,1,9,0.44,9.754,0.757,0.782,complete_sequence_rewarded,True,True,True,0.44,0.317,0.025,no_response,False,False
Generalization,m97,m97_GenLight_400_2,2,4,42,1767614996.093,0.588,1,0,9,0.441,NaN,0.574,0.593,complete_sequence_rewarded,True,True,True,0.441,0.133,0.02,complete_sequence_rewarded,True,True
Generalization,m97,m97_GenLight_400_2,2,4,43,1767615029.675,7.004,1,1,15,6.706,36.385,6.984,7.009,complete_sequence_rewarded,True,True,True,6.706,0.278,0.025,complete_sequence_rewarded,True,True
Generalization,m97,m97_GenLight_400_2,2,4,44,1767615077.235,0.577,1,2,21,0.355,17.067,0.562,0.584,complete_sequence_rewarded,True,True,True,0.355,0.206,0.023,complete_sequence_rewarded,True,True
Generalization,m97,m97_GenLight_400_2,2,4,45,1767615111.991,1.048,1,0,11,0.448,NaN,1.035,1.056,complete_sequence_rewarded,True,True,True,0.448,0.587,0.021,complete_sequence_rewarded,True,True
Generalization,m97,m97_GenLight_400_2,2,4,46,1767615144.616,0.654,1,1,13,0.539,22.666,0.634,0.659,complete_sequence_rewarded,True,True,True,0.539,0.095,0.025,complete_sequence_rewarded,True,True
Generalization,m97,m97_GenLight_400_2,2,4,47,1767615180.826,0.953,1,1,13,0.466,24.985,0.914,0.958,complete_sequence_rewarded,True,True,True,0.466,0.448,0.044,complete_sequence_rewarded,True,True
Generalization,m97,m97_GenLight_400_2,2,4,48,1767615221.535,0.875,1,4,5,0.449,13.781,0.856,NaN,cue_poke_lick_no_reward,True,True,False,0.449,0.407,NaN,complete_sequence_rewarded,True,True
Generalization,m97,m97_GenLight_400_2,2,4,49,1767615272.189,0.739,1,0,17,0.413,NaN,0.72,0.744,complete_sequence_rewarded,True,True,True,0.413,0.307,0.024,cue_poke_lick_no_reward,False,True
Generalization,m97,m97_GenLight_400_2,2,4,50,1767615303.785,0.555,0,6,25,NaN,-0.002,NaN,0.56,offcue_poke_only,False,False,True,NaN,NaN,NaN,complete_sequence_rewarded,True,True
Generalization,m97,m97_GenLight_400_2,2,4,51,1767615368.899,0.932,1,0,15,0.512,NaN,0.915,0.937,complete_sequence_rewarded,True,True,True,0.512,0.403,0.022,offcue_poke_only,True,False
Generalization,m97,m97_GenLight_400_2,2,4,52,1767615401.509,8.092,0,1,0,NaN,31.183,NaN,NaN,offcue_poke_only,False,False,False,NaN,NaN,NaN,complete_sequence_rewarded,True,True
Generalization,m97,m97_GenLight_400_2,2,4,53,1767615442.968,0.89,1,0,11,0.386,NaN,0.872,0.896,complete_sequence_rewarded,True,True,True,0.386,0.486,0.024,offcue_poke_only,False,False
Generalization,m97,m97_GenLight_400_2,2,4,54,1767615474.515,5.213,1,0,7,5.139,NaN,5.2,5.22,complete_sequence_rewarded,True,True,True,5.139,0.062,0.02,complete_sequence_rewarded,True,True
Generalization,m97,m97_GenLight_400_2,2,4,55,1767615511.768,8.067,0,0,0,NaN,NaN,NaN,NaN,no_response,False,False,False,NaN,NaN,NaN,complete_sequence_rewarded,True,True
Generalization,m97,m97_GenLight_400_2,2,4,56,1767615551.922,1.056,1,0,9,0.55,NaN,1.041,1.062,complete_sequence_rewarded,True,True,True,0.55,0.491,0.021,no_response,False,False
Generalization,m97,m97_GenLight_400_2,2,4,57,1767615590.596,0.77,1,0,9,0.607,NaN,0.749,NaN,cue_poke_lick_no_reward,True,True,False,0.607,0.142,NaN,complete_sequence_rewarded,True,True
Generalization,m97,m97_GenLight_400_2,2,4,58,1767615629.357,8.093,0,0,0,NaN,NaN,NaN,NaN,no_response,False,False,False,NaN,NaN,NaN,cue_poke_lick_no_reward,False,True
Generalization,m97,m97_GenLight_400_2,2,4,59,1767615667.538,7.323,1,0,5,7.01,NaN,7.311,7.329,complete_sequence_rewarded,True,True,True,7.01,0.301,0.018,no_response,False,False
Generalization,m97,m97_GenLight_400_2,2,4,60,1767615708.711,1.368,1,0,9,1.134,NaN,1.354,1.375,complete_sequence_rewarded,True,True,True,1.134,0.22,0.021,complete_sequence_rewarded,True,True
Generalization,m97,m97_GenLight_400_2,2,4,61,1767615745.326,0.003,0,1,0,NaN,0.317,NaN,NaN,offcue_poke_only,False,False,False,NaN,NaN,NaN,complete_sequence_rewarded,True,True
Generalization,m98,m98_GenLight_400,1,1,1,1766999553.315,1.876,1,0,9,1.445,NaN,1.856,1.882,complete_sequence_rewarded,True,True,True,1.445,0.411,0.026,,,
Generalization,m98,m98_GenLight_400,1,1,2,1766999587.888,5.631,1,5,33,5.259,7.658,5.608,5.637,complete_sequence_rewarded,True,True,True,5.259,0.349,0.029,complete_sequence_rewarded,True,True
Generalization,m98,m98_GenLight_400,1,1,3,1766999636.863,7.108,1,4,43,7.023,11.892,7.08,7.115,complete_sequence_rewarded,True,True,True,7.023,0.057,0.035,complete_sequence_rewarded,True,True
Generalization,m98,m98_GenLight_400,1,1,4,1766999693.717,8.08,0,4,40,NaN,9.484,NaN,NaN,offcue_poke_only,False,False,False,NaN,NaN,NaN,complete_sequence_rewarded,True,True
Generalization,m98,m98_GenLight_400,1,1,5,1766999753.068,3.173,1,3,17,2.955,10.207,3.153,3.179,complete_sequence_rewarded,True,True,True,2.955,0.198,0.026,offcue_poke_only,False,False
Generalization,m98,m98_GenLight_400,1,1,6,1766999799.016,4.148,1,12,65,3.962,7.08,4.119,4.154,complete_sequence_rewarded,True,True,True,3.962,0.156,0.035,complete_sequence_rewarded,True,True
Generalization,m98,m98_GenLight_400,1,1,7,1766999871.532,8.026,0,4,38,NaN,8.908,NaN,NaN,offcue_poke_only,False,False,False,NaN,NaN,NaN,complete_sequence_rewarded,True,True
Generalization,m98,m98_GenLight_400,1,1,8,1766999918.998,5.684,1,13,87,5.313,8.197,5.661,5.69,complete_sequence_rewarded,True,True,True,5.313,0.348,0.029,offcue_poke_only,False,False
Generalization,m98,m98_GenLight_400,1,1,9,1767000018.932,8.076,0,3,20,NaN,26.496,NaN,NaN,offcue_poke_only,False,False,False,NaN,NaN,NaN,complete_sequence_rewarded,True,True
Generalization,m98,m98_GenLight_400,1,1,10,1767000075.665,8.02,0,6,28,NaN,25.429,NaN,NaN,offcue_poke_only,False,False,False,NaN,NaN,NaN,offcue_poke_only,False,False
Generalization,m98,m98_GenLight_400,1,1,11,1767000128.9,7.507,2,3,39,7.242,12.332,7.487,7.515,complete_sequence_rewarded,True,True,True,7.242,0.245,0.027,offcue_poke_only,False,False
Generalization,m98,m98_GenLight_400,1,1,12,1767000176.693,8.057,0,3,20,NaN,18.82,NaN,NaN,offcue_poke_only,False,False,False,NaN,NaN,NaN,complete_sequence_rewarded,True,True
Generalization,m98,m98_GenLight_400,1,1,13,1767000227.387,2.462,1,6,47,2.246,6.444,2.423,2.467,complete_sequence_rewarded,True,True,True,2.246,0.177,0.044,offcue_poke_only,False,False
Generalization,m98,m98_GenLight_400,1,1,14,1767000274.191,5.89,1,8,61,5.702,11.586,5.876,5.896,complete_sequence_rewarded,True,True,True,5.702,0.175,0.02,complete_sequence_rewarded,True,True
Generalization,m98,m98_GenLight_400,1,1,15,1767000348.492,8.087,0,13,68,NaN,11.203,NaN,NaN,offcue_poke_only,False,False,False,NaN,NaN,NaN,complete_sequence_rewarded,True,True
Generalization,m98,m98_GenLight_400,1,1,16,1767000473.041,2.591,1,4,37,2.322,26.173,2.574,2.596,complete_sequence_rewarded,True,True,True,2.322,0.252,0.022,offcue_poke_only,False,False
Generalization,m98,m98_GenLight_400,1,1,17,1767000524.773,3.044,1,1,33,2.792,18.296,3.024,3.05,complete_sequence_rewarded,True,True,True,2.792,0.232,0.026,complete_sequence_rewarded,True,True
Generalization,m98,m98_GenLight_400,1,1,18,1767000564.577,1.757,1,0,15,1.556,NaN,1.723,1.767,complete_sequence_rewarded,True,True,True,1.556,0.167,0.044,complete_sequence_rewarded,True,True
Generalization,m98,m98_GenLight_400,1,1,19,1767000598.303,8.086,0,0,0,NaN,NaN,NaN,NaN,no_response,False,False,False,NaN,NaN,NaN,complete_sequence_rewarded,True,True
Generalization,m98,m98_GenLight_400,1,1,20,1767000634.511,8.076,0,5,26,NaN,13.383,NaN,NaN,offcue_poke_only,False,False,False,NaN,NaN,NaN,no_response,False,False
Generalization,m98,m98_GenLight_400,1,1,21,1767000673.588,1.429,1,6,63,1.285,4.707,1.416,1.435,complete_sequence_rewarded,True,True,True,1.285,0.131,0.018,offcue_poke_only,False,False
Generalization,m98,m98_GenLight_400,1,1,22,1767000737.651,5.529,1,6,49,5.344,7.64,5.507,5.535,complete_sequence_rewarded,True,True,True,5.344,0.163,0.027,complete_sequence_rewarded,True,True
Generalization,m98,m98_GenLight_400,1,1,23,1767000796.863,5.582,1,4,25,5.293,8.481,5.569,NaN,cue_poke_lick_no_reward,True,True,False,5.293,0.277,NaN,complete_sequence_rewarded,True,True
Generalization,m98,m98_GenLight_400,1,1,24,1767000845.639,8.025,0,24,66,NaN,12.637,NaN,NaN,offcue_poke_only,False,False,False,NaN,NaN,NaN,cue_poke_lick_no_reward,False,True
Generalization,m98,m98_GenLight_400,1,1,25,1767001003.365,8.067,0,3,6,NaN,13.122,NaN,NaN,offcue_poke_only,False,False,False,NaN,NaN,NaN,offcue_poke_only,False,False
Generalization,m98,m98_GenLight_400,1,1,26,1767001054.075,8.065,0,1,2,NaN,10.035,NaN,NaN,offcue_poke_only,False,False,False,NaN,NaN,NaN,offcue_poke_only,False,False
Generalization,m98,m98_GenLight_400,1,1,27,1767001090.577,8.107,0,0,0,NaN,NaN,NaN,NaN,no_response,False,False,False,NaN,NaN,NaN,offcue_poke_only,False,False
Generalization,m98,m98_GenLight_400,1,1,28,1767001131.704,8.083,0,0,0,NaN,NaN,NaN,NaN,no_response,False,False,False,NaN,NaN,NaN,no_response,False,False
Generalization,m98,m98_GenLight_400,1,1,29,1767001174.873,8.086,0,1,8,NaN,30.915,NaN,NaN,offcue_poke_only,False,False,False,NaN,NaN,NaN,no_response,False,False
Generalization,m98,m98_GenLight_400,1,1,30,1767001216.885,2.943,1,1,5,2.751,3.132,2.924,2.95,complete_sequence_rewarded,True,True,True,2.751,0.173,0.026,offcue_poke_only,False,False
Generalization,m98,m98_GenLight_400,1,1,31,1767001249.739,8.062,0,3,18,NaN,8.795,NaN,NaN,offcue_poke_only,False,False,False,NaN,NaN,NaN,complete_sequence_rewarded,True,True
Generalization,m98,m98_GenLight_400,1,1,32,1767001293.107,4.203,1,0,7,3.878,NaN,4.189,4.211,complete_sequence_rewarded,True,True,True,3.878,0.312,0.022,offcue_poke_only,False,False
Generalization,m98,m98_GenLight_400,1,1,33,1767001332.111,6.985,1,0,11,6.757,NaN,6.961,6.99,complete_sequence_rewarded,True,True,True,6.757,0.204,0.029,complete_sequence_rewarded,True,True
Generalization,m98,m98_GenLight_400,1,1,34,1767001370.989,2.175,1,3,29,1.998,6.488,2.161,2.18,complete_sequence_rewarded,True,True,True,1.998,0.163,0.019,complete_sequence_rewarded,True,True
Generalization,m98,m98_GenLight_400,1,1,35,1767001409.976,3.602,1,7,45,3.412,12.983,3.584,3.608,complete_sequence_rewarded,True,True,True,3.412,0.172,0.025,complete_sequence_rewarded,True,True
Generalization,m98,m98_GenLight_400,1,1,36,1767001466.631,2.175,1,3,35,2.014,10.056,2.152,2.181,complete_sequence_rewarded,True,True,True,2.014,0.138,0.029,complete_sequence_rewarded,True,True
Generalization,m98,m98_GenLight_400,1,1,37,1767001515.465,6.584,1,1,25,6.294,14.218,6.565,6.589,complete_sequence_rewarded,True,True,True,6.294,0.272,0.024,complete_sequence_rewarded,True,True
Generalization,m98,m98_GenLight_400,1,1,38,1767001555.405,6.164,1,6,39,5.625,20.169,6.147,6.169,complete_sequence_rewarded,True,True,True,5.625,0.521,0.022,complete_sequence_rewarded,True,True
Generalization,m98,m98_GenLight_400,1,1,39,1767001625.466,2.541,1,5,37,2.212,8.828,2.523,2.547,complete_sequence_rewarded,True,True,True,2.212,0.31,0.024,complete_sequence_rewarded,True,True
Generalization,m98,m98_GenLight_400,1,1,40,1767001690.955,8.093,0,2,20,NaN,15.184,NaN,NaN,offcue_poke_only,False,False,False,NaN,NaN,NaN,complete_sequence_rewarded,True,True
Generalization,m98,m98_GenLight_400,1,1,41,1767001741.765,6.342,1,4,47,5.877,20.542,6.327,6.348,complete_sequence_rewarded,True,True,True,5.877,0.45,0.02,offcue_poke_only,False,False
Generalization,m98,m98_GenLight_400,1,1,42,1767001807.232,8.049,0,5,24,NaN,10.094,NaN,NaN,offcue_poke_only,False,False,False,NaN,NaN,NaN,complete_sequence_rewarded,True,True
Generalization,m98,m98_GenLight_400,1,1,43,1767001867.117,6.852,1,1,23,6.49,25.623,6.834,6.856,complete_sequence_rewarded,True,True,True,6.49,0.344,0.022,offcue_poke_only,False,False
Generalization,m98,m98_GenLight_400,1,1,44,1767001909.568,2.968,1,3,43,2.787,14.612,2.949,2.974,complete_sequence_rewarded,True,True,True,2.787,0.162,0.025,complete_sequence_rewarded,True,True
Generalization,m98,m98_GenLight_400,1,1,45,1767001971.073,8.067,0,4,28,NaN,30.708,NaN,NaN,offcue_poke_only,False,False,False,NaN,NaN,NaN,complete_sequence_rewarded,True,True
Generalization,m98,m98_GenLight_400,1,1,46,1767002039.433,8.054,0,3,6,NaN,15.51,NaN,NaN,offcue_poke_only,False,False,False,NaN,NaN,NaN,offcue_poke_only,False,False
Generalization,m98,m98_GenLight_400,1,1,47,1767002100.849,1.856,1,1,9,1.685,6.571,1.836,1.861,complete_sequence_rewarded,True,True,True,1.685,0.151,0.025,offcue_poke_only,False,False
Generalization,m98,m98_GenLight_400,1,1,48,1767002133.489,8.026,0,1,10,NaN,15.622,NaN,NaN,offcue_poke_only,False,False,False,NaN,NaN,NaN,complete_sequence_rewarded,True,True
Generalization,m98,m98_GenLight_400,1,1,49,1767002183.953,7.045,1,1,27,6.824,31.288,7.022,7.051,complete_sequence_rewarded,True,True,True,6.824,0.197,0.029,offcue_poke_only,False,False
Generalization,m98,m98_GenLight_400,1,1,50,1767002229.743,5.857,1,2,23,5.654,26.16,5.833,5.863,complete_sequence_rewarded,True,True,True,5.654,0.18,0.03,complete_sequence_rewarded,True,True
Generalization,m98,m98_GenLight_400,1,1,51,1767002269.898,1.399,1,4,17,1.111,4.058,1.374,1.408,complete_sequence_rewarded,True,True,True,1.111,0.263,0.034,complete_sequence_rewarded,True,True
Generalization,m98,m98_GenLight_400,1,1,52,1767002320.426,8.079,0,0,0,NaN,NaN,NaN,NaN,no_response,False,False,False,NaN,NaN,NaN,complete_sequence_rewarded,True,True
Generalization,m98,m98_GenLight_400,1,1,53,1767002356.609,8.065,0,1,4,NaN,39.855,NaN,NaN,offcue_poke_only,False,False,False,NaN,NaN,NaN,no_response,False,False
Generalization,m98,m98_GenLight_400,1,1,54,1767002409.064,8.081,0,3,6,NaN,15.607,NaN,NaN,offcue_poke_only,False,False,False,NaN,NaN,NaN,offcue_poke_only,False,False
Generalization,m98,m98_GenLight_400,1,1,55,1767002444.473,6.101,1,0,7,5.915,NaN,6.083,6.107,complete_sequence_rewarded,True,True,True,5.915,0.168,0.024,offcue_poke_only,False,False
Generalization,m98,m98_GenLight_400,1,1,56,1767002490.564,8.101,0,2,4,NaN,16.536,NaN,NaN,offcue_poke_only,False,False,False,NaN,NaN,NaN,complete_sequence_rewarded,True,True
Generalization,m98,m98_GenLight_400,1,1,57,1767002540.932,5.526,1,1,11,5.288,31.955,5.513,NaN,cue_poke_lick_no_reward,True,True,False,5.288,0.225,NaN,offcue_poke_only,False,False
Generalization,m98,m98_GenLight_400,1,1,58,1767002583.908,3.554,1,7,15,3.44,15.218,3.547,NaN,cue_poke_lick_no_reward,True,True,False,3.44,0.107,NaN,cue_poke_lick_no_reward,False,True
Generalization,m98,m98_GenLight_400,1,1,59,1767002683.279,8.094,2,1,2,0.687,24.041,24.709,NaN,cue_poke_lick_no_reward,True,True,False,0.687,24.022,NaN,cue_poke_lick_no_reward,False,True
Generalization,m98,m98_GenLight_400,1,1,60,1767002731.452,8.082,0,0,0,NaN,NaN,NaN,NaN,no_response,False,False,False,NaN,NaN,NaN,cue_poke_lick_no_reward,False,True
Generalization,m98,m98_GenLight_400,1,1,61,1767002765.637,0.394,0,0,0,NaN,NaN,NaN,NaN,no_response,False,False,False,NaN,NaN,NaN,no_response,False,False
Generalization,m98,m98_GenLight_400_2,2,2,1,1767519335.82,8.089,0,1,6,NaN,17.38,NaN,NaN,offcue_poke_only,False,False,False,NaN,NaN,NaN,,,
Generalization,m98,m98_GenLight_400_2,2,2,2,1767519372.789,2.685,1,1,7,2.438,20.868,2.67,2.691,complete_sequence_rewarded,True,True,True,2.438,0.232,0.021,offcue_poke_only,False,False
Generalization,m98,m98_GenLight_400_2,2,2,3,1767519415.533,8.054,0,0,0,NaN,NaN,NaN,NaN,no_response,False,False,False,NaN,NaN,NaN,complete_sequence_rewarded,True,True
Generalization,m98,m98_GenLight_400_2,2,2,4,1767519451.682,0.869,1,4,15,0.456,10.402,0.83,0.875,complete_sequence_rewarded,True,True,True,0.456,0.374,0.045,no_response,False,False
Generalization,m98,m98_GenLight_400_2,2,2,5,1767519491.708,1.879,1,2,23,1.398,13.511,1.863,1.885,complete_sequence_rewarded,True,True,True,1.398,0.465,0.022,complete_sequence_rewarded,True,True
Generalization,m98,m98_GenLight_400_2,2,2,6,1767519528.615,1.199,1,1,21,0.982,19.459,1.181,1.205,complete_sequence_rewarded,True,True,True,0.982,0.199,0.024,complete_sequence_rewarded,True,True
Generalization,m98,m98_GenLight_400_2,2,2,7,1767519566.327,5.742,1,4,33,5.553,9.717,5.724,5.748,complete_sequence_rewarded,True,True,True,5.553,0.171,0.024,complete_sequence_rewarded,True,True
Generalization,m98,m98_GenLight_400_2,2,2,8,1767519613.352,8.041,0,3,16,NaN,16.16,NaN,NaN,offcue_poke_only,False,False,False,NaN,NaN,NaN,complete_sequence_rewarded,True,True
Generalization,m98,m98_GenLight_400_2,2,2,9,1767519657.856,5.636,1,2,15,5.397,33.02,5.607,5.642,complete_sequence_rewarded,True,True,True,5.397,0.21,0.035,offcue_poke_only,False,False
Generalization,m98,m98_GenLight_400_2,2,2,10,1767519706.168,8.071,0,9,28,NaN,13.705,NaN,NaN,offcue_poke_only,False,False,False,NaN,NaN,NaN,complete_sequence_rewarded,True,True
Generalization,m98,m98_GenLight_400_2,2,2,11,1767519779.153,2.434,2,1,11,2.153,5.382,2.415,2.44,complete_sequence_rewarded,True,True,True,2.153,0.262,0.024,offcue_poke_only,False,False
Generalization,m98,m98_GenLight_400_2,2,2,12,1767519813.043,5.724,1,2,17,5.582,10.9,5.711,5.73,complete_sequence_rewarded,True,True,True,5.582,0.129,0.019,complete_sequence_rewarded,True,True
Generalization,m98,m98_GenLight_400_2,2,2,13,1767519853.116,8.111,0,0,0,NaN,NaN,NaN,NaN,no_response,False,False,False,NaN,NaN,NaN,complete_sequence_rewarded,True,True
Generalization,m98,m98_GenLight_400_2,2,2,14,1767519886.281,4.349,1,4,35,3.977,21.535,4.33,4.355,complete_sequence_rewarded,True,True,True,3.977,0.353,0.025,no_response,False,False
Generalization,m98,m98_GenLight_400_2,2,2,15,1767519939.16,4.813,1,2,13,4.719,30.435,4.799,NaN,cue_poke_lick_no_reward,True,True,False,4.719,0.08,NaN,complete_sequence_rewarded,True,True
Generalization,m98,m98_GenLight_400_2,2,2,16,1767519993.605,6.949,1,3,33,6.789,11.154,6.931,6.955,complete_sequence_rewarded,True,True,True,6.789,0.142,0.024,cue_poke_lick_no_reward,False,True
Generalization,m98,m98_GenLight_400_2,2,2,17,1767520053.41,6.288,1,4,37,6.16,20.681,6.269,6.294,complete_sequence_rewarded,True,True,True,6.16,0.109,0.025,complete_sequence_rewarded,True,True
Generalization,m98,m98_GenLight_400_2,2,2,18,1767520116.526,8.087,0,1,10,NaN,19.659,NaN,NaN,offcue_poke_only,False,False,False,NaN,NaN,NaN,complete_sequence_rewarded,True,True
Generalization,m98,m98_GenLight_400_2,2,2,19,1767520155.392,8.025,0,0,0,NaN,NaN,NaN,NaN,no_response,False,False,False,NaN,NaN,NaN,offcue_poke_only,False,False
Generalization,m98,m98_GenLight_400_2,2,2,20,1767520193.507,8.097,0,2,8,NaN,14.778,NaN,NaN,offcue_poke_only,False,False,False,NaN,NaN,NaN,no_response,False,False
Generalization,m98,m98_GenLight_400_2,2,2,21,1767520237.305,1.01,1,1,24,0.684,13.444,0.989,1.015,complete_sequence_rewarded,True,True,True,0.684,0.305,0.027,offcue_poke_only,False,False
Generalization,m98,m98_GenLight_400_2,2,2,22,1767520280.948,2.772,1,1,7,2.642,5.009,2.757,2.778,complete_sequence_rewarded,True,True,True,2.642,0.115,0.021,complete_sequence_rewarded,True,True
Generalization,m98,m98_GenLight_400_2,2,2,23,1767520313.759,8.102,0,0,0,NaN,NaN,NaN,NaN,no_response,False,False,False,NaN,NaN,NaN,complete_sequence_rewarded,True,True
Generalization,m98,m98_GenLight_400_2,2,2,24,1767520350.964,8.091,0,0,0,NaN,NaN,NaN,NaN,no_response,False,False,False,NaN,NaN,NaN,no_response,False,False
Generalization,m98,m98_GenLight_400_2,2,2,25,1767520385.109,3.779,1,7,53,3.609,6.386,3.759,3.785,complete_sequence_rewarded,True,True,True,3.609,0.15,0.026,no_response,False,False
Generalization,m98,m98_GenLight_400_2,2,2,26,1767520476.13,4.418,1,2,25,3.964,10.134,4.402,4.425,complete_sequence_rewarded,True,True,True,3.964,0.439,0.022,complete_sequence_rewarded,True,True
Generalization,m98,m98_GenLight_400_2,2,2,27,1767520517.093,8.087,0,0,0,NaN,NaN,NaN,NaN,no_response,False,False,False,NaN,NaN,NaN,complete_sequence_rewarded,True,True
Generalization,m98,m98_GenLight_400_2,2,2,28,1767520553.272,8.054,0,0,0,NaN,NaN,NaN,NaN,no_response,False,False,False,NaN,NaN,NaN,no_response,False,False
Generalization,m98,m98_GenLight_400_2,2,2,29,1767520596.406,1.235,1,4,17,0.735,3.829,1.221,1.241,complete_sequence_rewarded,True,True,True,0.735,0.486,0.02,no_response,False,False
Generalization,m98,m98_GenLight_400_2,2,2,30,1767520641.731,3.954,1,2,27,3.721,23.869,3.93,3.959,complete_sequence_rewarded,True,True,True,3.721,0.209,0.029,complete_sequence_rewarded,True,True
Generalization,m98,m98_GenLight_400_2,2,2,31,1767520687.0,8.105,0,1,10,NaN,28.383,NaN,NaN,offcue_poke_only,False,False,False,NaN,NaN,NaN,complete_sequence_rewarded,True,True
Generalization,m98,m98_GenLight_400_2,2,2,32,1767520732.538,8.067,0,1,6,NaN,27.514,NaN,NaN,offcue_poke_only,False,False,False,NaN,NaN,NaN,offcue_poke_only,False,False
Generalization,m98,m98_GenLight_400_2,2,2,33,1767520775.614,0.826,1,2,17,0.341,20.686,0.807,0.831,complete_sequence_rewarded,True,True,True,0.341,0.467,0.024,offcue_poke_only,False,False
Generalization,m98,m98_GenLight_400_2,2,2,34,1767520819.815,8.093,1,0,0,0.644,NaN,NaN,NaN,cue_poke_no_lick,True,False,False,0.644,NaN,NaN,complete_sequence_rewarded,True,True
Generalization,m98,m98_GenLight_400_2,2,2,35,1767520859.63,8.068,0,0,0,NaN,NaN,NaN,NaN,no_response,False,False,False,NaN,NaN,NaN,cue_poke_no_lick,False,True
Generalization,m98,m98_GenLight_400_2,2,2,36,1767520895.793,8.112,0,3,8,NaN,24.961,NaN,NaN,offcue_poke_only,False,False,False,NaN,NaN,NaN,no_response,False,False
Generalization,m98,m98_GenLight_400_2,2,2,37,1767520945.37,8.071,0,3,0,NaN,12.975,NaN,NaN,offcue_poke_only,False,False,False,NaN,NaN,NaN,offcue_poke_only,False,False
Generalization,m98,m98_GenLight_400_2,2,2,38,1767520983.494,4.142,2,0,15,3.826,NaN,4.129,4.149,complete_sequence_rewarded,True,True,True,3.826,0.302,0.02,offcue_poke_only,False,False
Generalization,m98,m98_GenLight_400_2,2,2,39,1767521019.503,3.7,1,1,13,3.315,29.039,3.688,3.706,complete_sequence_rewarded,True,True,True,3.315,0.373,0.019,complete_sequence_rewarded,True,True
Generalization,m98,m98_GenLight_400_2,2,2,40,1767521059.274,6.8,1,3,17,6.526,25.831,6.771,6.804,complete_sequence_rewarded,True,True,True,6.526,0.245,0.033,complete_sequence_rewarded,True,True
Generalization,m98,m98_GenLight_400_2,2,2,41,1767521115.537,8.092,0,7,22,NaN,11.909,NaN,NaN,offcue_poke_only,False,False,False,NaN,NaN,NaN,complete_sequence_rewarded,True,True
Generalization,m98,m98_GenLight_400_2,2,2,42,1767521169.708,4.995,1,2,11,4.473,6.439,4.972,5.001,complete_sequence_rewarded,True,True,True,4.473,0.499,0.03,offcue_poke_only,False,False
Generalization,m98,m98_GenLight_400_2,2,2,43,1767521206.288,8.161,0,2,4,NaN,11.791,NaN,NaN,offcue_poke_only,False,False,False,NaN,NaN,NaN,complete_sequence_rewarded,True,True
Generalization,m98,m98_GenLight_400_2,2,2,44,1767521249.026,0.825,1,1,17,0.528,6.956,0.797,0.833,complete_sequence_rewarded,True,True,True,0.528,0.268,0.037,offcue_poke_only,False,False
Generalization,m98,m98_GenLight_400_2,2,2,45,1767521285.343,8.056,0,3,6,NaN,19.224,NaN,NaN,offcue_poke_only,False,False,False,NaN,NaN,NaN,complete_sequence_rewarded,True,True
Generalization,m98,m98_GenLight_400_2,2,2,46,1767521329.033,8.092,0,2,10,NaN,25.759,NaN,NaN,offcue_poke_only,False,False,False,NaN,NaN,NaN,offcue_poke_only,False,False
Generalization,m98,m98_GenLight_400_2,2,2,47,1767521387.175,2.635,1,1,7,2.427,6.686,2.617,2.641,complete_sequence_rewarded,True,True,True,2.427,0.19,0.024,offcue_poke_only,False,False
Generalization,m98,m98_GenLight_400_2,2,2,48,1767521430.716,1.824,1,0,7,1.331,NaN,1.808,1.83,complete_sequence_rewarded,True,True,True,1.331,0.476,0.022,complete_sequence_rewarded,True,True
Generalization,m98,m98_GenLight_400_2,2,2,49,1767521471.176,8.102,0,4,2,NaN,11.809,NaN,NaN,offcue_poke_only,False,False,False,NaN,NaN,NaN,complete_sequence_rewarded,True,True
Generalization,m98,m98_GenLight_400_2,2,2,50,1767521513.756,8.087,0,0,0,NaN,NaN,NaN,NaN,no_response,False,False,False,NaN,NaN,NaN,offcue_poke_only,False,False
Generalization,m98,m98_GenLight_400_2,2,2,51,1767521549.921,1.768,1,5,11,1.518,2.393,1.749,1.775,complete_sequence_rewarded,True,True,True,1.518,0.231,0.025,no_response,False,False
Generalization,m98,m98_GenLight_400_2,2,2,52,1767521586.006,4.952,1,0,11,4.788,NaN,4.933,4.958,complete_sequence_rewarded,True,True,True,4.788,0.144,0.025,complete_sequence_rewarded,True,True
Generalization,m98,m98_GenLight_400_2,2,2,53,1767521625.938,8.135,0,0,0,NaN,NaN,NaN,NaN,no_response,False,False,False,NaN,NaN,NaN,complete_sequence_rewarded,True,True
Generalization,m98,m98_GenLight_400_2,2,2,54,1767521668.117,8.13,1,0,0,2.921,NaN,NaN,NaN,cue_poke_no_lick,True,False,False,2.921,NaN,NaN,no_response,False,False
Generalization,m98,m98_GenLight_400_2,2,2,55,1767521701.191,8.053,0,1,8,NaN,25.668,NaN,NaN,offcue_poke_only,False,False,False,NaN,NaN,NaN,cue_poke_no_lick,False,True
Generalization,m98,m98_GenLight_400_2,2,2,56,1767521740.971,1.138,1,1,7,0.978,11.238,1.12,1.144,complete_sequence_rewarded,True,True,True,0.978,0.142,0.024,offcue_poke_only,False,False
Generalization,m98,m98_GenLight_400_2,2,2,57,1767521779.181,8.057,0,0,0,NaN,NaN,NaN,NaN,no_response,False,False,False,NaN,NaN,NaN,complete_sequence_rewarded,True,True
Generalization,m98,m98_GenLight_400_2,2,2,58,1767521815.326,8.107,0,2,6,NaN,8.228,NaN,NaN,offcue_poke_only,False,False,False,NaN,NaN,NaN,no_response,False,False
Generalization,m98,m98_GenLight_400_2,2,2,59,1767521859.47,8.098,1,0,0,3.598,NaN,NaN,NaN,cue_poke_no_lick,True,False,False,3.598,NaN,NaN,offcue_poke_only,False,False
Generalization,m98,m98_GenLight_400_2,2,2,60,1767521899.237,8.078,0,0,0,NaN,NaN,NaN,NaN,no_response,False,False,False,NaN,NaN,NaN,cue_poke_no_lick,False,True
Generalization,m98,m98_GenLight_400_2,2,2,61,1767521937.4,0.401,0,0,0,NaN,NaN,NaN,NaN,no_response,False,False,False,NaN,NaN,NaN,no_response,False,False
Generalization,m98,m98_GenLight_400_2,3,3,1,1767616378.344,7.439,1,5,25,7.303,10.697,7.421,7.445,complete_sequence_rewarded,True,True,True,7.303,0.118,0.025,,,
Generalization,m98,m98_GenLight_400_2,3,3,2,1767616428.751,4.447,1,7,19,4.285,4.861,4.422,4.453,complete_sequence_rewarded,True,True,True,4.285,0.136,0.031,complete_sequence_rewarded,True,True
Generalization,m98,m98_GenLight_400_2,3,3,3,1767616470.648,7.083,1,2,5,6.976,7.713,7.056,7.088,complete_sequence_rewarded,True,True,True,6.976,0.08,0.032,complete_sequence_rewarded,True,True
Generalization,m98,m98_GenLight_400_2,3,3,4,1767616509.749,5.703,1,10,55,5.499,6.96,5.686,5.709,complete_sequence_rewarded,True,True,True,5.499,0.188,0.022,complete_sequence_rewarded,True,True
Generalization,m98,m98_GenLight_400_2,3,3,5,1767616590.497,5.159,1,4,25,4.96,15.557,5.145,5.165,complete_sequence_rewarded,True,True,True,4.96,0.185,0.02,complete_sequence_rewarded,True,True
Generalization,m98,m98_GenLight_400_2,3,3,6,1767616638.218,5.392,1,3,15,5.224,6.57,5.37,5.398,complete_sequence_rewarded,True,True,True,5.224,0.146,0.029,complete_sequence_rewarded,True,True
Generalization,m98,m98_GenLight_400_2,3,3,7,1767616674.541,1.909,1,7,23,1.654,2.378,1.885,1.915,complete_sequence_rewarded,True,True,True,1.654,0.232,0.029,complete_sequence_rewarded,True,True
Generalization,m98,m98_GenLight_400_2,3,3,8,1767616713.674,0.624,1,5,33,0.425,1.249,0.605,0.629,complete_sequence_rewarded,True,True,True,0.425,0.18,0.024,complete_sequence_rewarded,True,True
Generalization,m98,m98_GenLight_400_2,3,3,9,1767616769.502,2.336,1,1,17,2.119,34.988,2.317,2.341,complete_sequence_rewarded,True,True,True,2.119,0.198,0.025,complete_sequence_rewarded,True,True
Generalization,m98,m98_GenLight_400_2,3,3,10,1767616815.345,1.874,1,6,23,1.571,12.327,1.851,NaN,cue_poke_lick_no_reward,True,True,False,1.571,0.28,NaN,complete_sequence_rewarded,True,True
Generalization,m98,m98_GenLight_400_2,3,3,11,1767616853.485,2.054,1,8,49,1.776,18.07,2.034,2.059,complete_sequence_rewarded,True,True,True,1.776,0.258,0.026,cue_poke_lick_no_reward,False,True
Generalization,m98,m98_GenLight_400_2,3,3,12,1767616932.717,1.381,1,10,35,1.158,12.665,1.366,1.387,complete_sequence_rewarded,True,True,True,1.158,0.208,0.021,complete_sequence_rewarded,True,True
Generalization,m98,m98_GenLight_400_2,3,3,13,1767616990.813,1.722,1,1,5,1.609,3.403,1.709,1.728,complete_sequence_rewarded,True,True,True,1.609,0.1,0.019,complete_sequence_rewarded,True,True
Generalization,m98,m98_GenLight_400_2,3,3,14,1767617030.605,8.097,0,3,16,NaN,15.683,NaN,NaN,offcue_poke_only,False,False,False,NaN,NaN,NaN,complete_sequence_rewarded,True,True
Generalization,m98,m98_GenLight_400_2,3,3,15,1767617084.497,2.609,1,4,21,2.457,3.755,2.586,2.615,complete_sequence_rewarded,True,True,True,2.457,0.128,0.03,offcue_poke_only,False,False
Generalization,m98,m98_GenLight_400_2,3,3,16,1767617128.054,3.486,1,0,11,3.242,NaN,3.462,3.492,complete_sequence_rewarded,True,True,True,3.242,0.22,0.03,complete_sequence_rewarded,True,True
Generalization,m98,m98_GenLight_400_2,3,3,17,1767617164.473,8.101,0,1,10,NaN,16.823,NaN,NaN,offcue_poke_only,False,False,False,NaN,NaN,NaN,complete_sequence_rewarded,True,True
Generalization,m98,m98_GenLight_400_2,3,3,18,1767617202.657,8.09,0,4,20,NaN,13.923,NaN,NaN,offcue_poke_only,False,False,False,NaN,NaN,NaN,offcue_poke_only,False,False
Generalization,m98,m98_GenLight_400_2,3,3,19,1767617253.463,5.037,1,6,25,4.913,11.331,5.019,5.043,complete_sequence_rewarded,True,True,True,4.913,0.106,0.024,offcue_poke_only,False,False
Generalization,m98,m98_GenLight_400_2,3,3,20,1767617306.14,8.093,0,2,8,NaN,21.908,NaN,NaN,offcue_poke_only,False,False,False,NaN,NaN,NaN,complete_sequence_rewarded,True,True
Generalization,m98,m98_GenLight_400_2,3,3,21,1767617344.95,8.057,0,4,12,NaN,13.131,NaN,NaN,offcue_poke_only,False,False,False,NaN,NaN,NaN,offcue_poke_only,False,False
Generalization,m98,m98_GenLight_400_2,3,3,22,1767617388.144,6.637,1,2,37,6.47,29.07,6.625,6.644,complete_sequence_rewarded,True,True,True,6.47,0.155,0.018,offcue_poke_only,False,False
Generalization,m98,m98_GenLight_400_2,3,3,23,1767617447.252,8.03,0,5,26,NaN,14.34,NaN,NaN,offcue_poke_only,False,False,False,NaN,NaN,NaN,complete_sequence_rewarded,True,True
Generalization,m98,m98_GenLight_400_2,3,3,24,1767617507.463,0.827,1,4,33,0.496,9.268,0.811,0.832,complete_sequence_rewarded,True,True,True,0.496,0.315,0.021,offcue_poke_only,False,False
Generalization,m98,m98_GenLight_400_2,3,3,25,1767617555.864,3.531,1,0,15,3.228,NaN,3.515,3.536,complete_sequence_rewarded,True,True,True,3.228,0.287,0.02,complete_sequence_rewarded,True,True
Generalization,m98,m98_GenLight_400_2,3,3,26,1767617590.239,8.089,0,10,42,NaN,31.366,NaN,NaN,offcue_poke_only,False,False,False,NaN,NaN,NaN,complete_sequence_rewarded,True,True
Generalization,m98,m98_GenLight_400_2,3,3,27,1767617697.07,0.31,1,3,23,0.13,6.316,0.271,0.315,complete_sequence_rewarded,True,True,True,0.13,0.141,0.044,offcue_poke_only,False,False
Generalization,m98,m98_GenLight_400_2,3,3,28,1767617748.146,8.081,0,5,28,NaN,8.13,NaN,NaN,offcue_poke_only,False,False,False,NaN,NaN,NaN,complete_sequence_rewarded,True,True
Generalization,m98,m98_GenLight_400_2,3,3,29,1767617806.424,0.203,1,7,31,0.031,6.285,0.184,0.209,complete_sequence_rewarded,True,True,True,0.031,0.153,0.025,offcue_poke_only,False,False
Generalization,m98,m98_GenLight_400_2,3,3,30,1767617860.059,8.11,0,0,0,NaN,NaN,NaN,NaN,no_response,False,False,False,NaN,NaN,NaN,complete_sequence_rewarded,True,True
Generalization,m98,m98_GenLight_400_2,3,3,31,1767617899.267,8.104,0,1,2,NaN,15.274,NaN,NaN,offcue_poke_only,False,False,False,NaN,NaN,NaN,no_response,False,False
Generalization,m98,m98_GenLight_400_2,3,3,32,1767617940.64,3.0,1,5,31,2.839,12.211,2.993,3.007,complete_sequence_rewarded,True,True,True,2.839,0.154,0.014,offcue_poke_only,False,False
Generalization,m98,m98_GenLight_400_2,3,3,33,1767618012.545,2.916,1,4,19,2.732,7.968,2.903,2.922,complete_sequence_rewarded,True,True,True,2.732,0.172,0.019,complete_sequence_rewarded,True,True
Generalization,m98,m98_GenLight_400_2,3,3,34,1767618067.246,0.715,1,7,45,0.378,6.205,0.697,0.721,complete_sequence_rewarded,True,True,True,0.378,0.319,0.024,complete_sequence_rewarded,True,True
Generalization,m98,m98_GenLight_400_2,3,3,35,1767618118.88,8.1,0,4,8,NaN,22.584,NaN,NaN,offcue_poke_only,False,False,False,NaN,NaN,NaN,complete_sequence_rewarded,True,True
Generalization,m98,m98_GenLight_400_2,3,3,36,1767618184.717,2.472,1,7,19,2.299,3.615,2.459,2.478,complete_sequence_rewarded,True,True,True,2.299,0.16,0.019,offcue_poke_only,False,False
Generalization,m98,m98_GenLight_400_2,3,3,37,1767618229.119,0.954,1,4,27,0.796,15.876,0.925,0.96,complete_sequence_rewarded,True,True,True,0.796,0.129,0.034,complete_sequence_rewarded,True,True
Generalization,m98,m98_GenLight_400_2,3,3,38,1767618273.806,0.382,1,10,59,0.213,2.103,0.363,0.388,complete_sequence_rewarded,True,True,True,0.213,0.15,0.025,complete_sequence_rewarded,True,True
Generalization,m98,m98_GenLight_400_2,3,3,39,1767618360.899,6.48,1,1,3,6.345,8.671,6.462,NaN,cue_poke_lick_no_reward,True,True,False,6.345,0.117,NaN,complete_sequence_rewarded,True,True
Generalization,m98,m98_GenLight_400_2,3,3,40,1767618403.401,8.068,0,0,0,NaN,NaN,NaN,NaN,no_response,False,False,False,NaN,NaN,NaN,cue_poke_lick_no_reward,False,True
Generalization,m98,m98_GenLight_400_2,3,3,41,1767618436.566,8.094,0,0,0,NaN,NaN,NaN,NaN,no_response,False,False,False,NaN,NaN,NaN,no_response,False,False
Generalization,m98,m98_GenLight_400_2,3,3,42,1767618469.75,8.076,0,0,0,NaN,NaN,NaN,NaN,no_response,False,False,False,NaN,NaN,NaN,no_response,False,False
Generalization,m98,m98_GenLight_400_2,3,3,43,1767618510.931,2.787,1,0,15,2.501,NaN,2.762,2.792,complete_sequence_rewarded,True,True,True,2.501,0.261,0.031,no_response,False,False
Generalization,m98,m98_GenLight_400_2,3,3,44,1767618553.554,8.074,1,2,19,7.904,9.836,8.067,8.091,complete_sequence_rewarded,True,True,True,7.904,0.162,0.024,complete_sequence_rewarded,True,True
Generalization,m98,m98_GenLight_400_2,3,3,45,1767618593.289,4.077,1,6,21,3.79,12.345,4.068,4.083,complete_sequence_rewarded,True,True,True,3.79,0.278,0.015,complete_sequence_rewarded,True,True
Generalization,m98,m98_GenLight_400_2,3,3,46,1767618638.431,7.697,1,7,37,7.53,14.616,7.678,7.701,complete_sequence_rewarded,True,True,True,7.53,0.148,0.022,complete_sequence_rewarded,True,True
Generalization,m98,m98_GenLight_400_2,3,3,47,1767618724.012,8.081,0,4,8,NaN,11.245,NaN,NaN,offcue_poke_only,False,False,False,NaN,NaN,NaN,complete_sequence_rewarded,True,True
Generalization,m98,m98_GenLight_400_2,3,3,48,1767618764.466,1.788,1,0,7,1.591,NaN,1.771,1.794,complete_sequence_rewarded,True,True,True,1.591,0.18,0.023,offcue_poke_only,False,False
Generalization,m98,m98_GenLight_400_2,3,3,49,1767618800.207,0.856,1,3,17,0.666,1.895,0.84,0.862,complete_sequence_rewarded,True,True,True,0.666,0.175,0.022,complete_sequence_rewarded,True,True
Generalization,m98,m98_GenLight_400_2,3,3,50,1767618837.615,8.081,0,0,0,NaN,NaN,NaN,NaN,no_response,False,False,False,NaN,NaN,NaN,complete_sequence_rewarded,True,True
Generalization,m98,m98_GenLight_400_2,3,3,51,1767618873.819,1.925,1,5,27,1.788,9.802,1.912,1.93,complete_sequence_rewarded,True,True,True,1.788,0.124,0.018,no_response,False,False
Generalization,m98,m98_GenLight_400_2,3,3,52,1767618928.911,0.275,1,8,51,0.174,12.444,0.253,0.281,complete_sequence_rewarded,True,True,True,0.174,0.079,0.028,complete_sequence_rewarded,True,True
Generalization,m98,m98_GenLight_400_2,3,3,53,1767619006.748,0.645,1,5,27,0.461,2.628,0.618,0.651,complete_sequence_rewarded,True,True,True,0.461,0.157,0.033,complete_sequence_rewarded,True,True
Generalization,m98,m98_GenLight_400_2,3,3,54,1767619062.495,1.765,1,2,27,1.579,7.31,1.752,1.771,complete_sequence_rewarded,True,True,True,1.579,0.173,0.019,complete_sequence_rewarded,True,True
Generalization,m98,m98_GenLight_400_2,3,3,55,1767619106.35,6.806,1,1,5,6.619,15.024,6.787,NaN,cue_poke_lick_no_reward,True,True,False,6.619,0.168,NaN,complete_sequence_rewarded,True,True
Generalization,m98,m98_GenLight_400_2,3,3,56,1767619153.201,3.473,1,12,41,3.311,6.935,3.443,3.479,complete_sequence_rewarded,True,True,True,3.311,0.132,0.036,cue_poke_lick_no_reward,False,True
Generalization,m98,m98_GenLight_400_2,3,3,57,1767619246.779,6.195,1,5,25,5.981,17.645,6.182,6.201,complete_sequence_rewarded,True,True,True,5.981,0.201,0.019,complete_sequence_rewarded,True,True
Generalization,m98,m98_GenLight_400_2,3,3,58,1767619313.841,0.458,1,2,27,0.37,9.358,0.433,0.463,complete_sequence_rewarded,True,True,True,0.37,0.063,0.03,complete_sequence_rewarded,True,True
Generalization,m98,m98_GenLight_400_2,3,3,59,1767619353.189,2.483,1,2,9,2.321,22.372,2.464,2.488,complete_sequence_rewarded,True,True,True,2.321,0.142,0.024,complete_sequence_rewarded,True,True
Generalization,m98,m98_GenLight_400_2,3,3,60,1767619395.588,1.813,1,2,11,1.71,1.899,1.794,1.818,complete_sequence_rewarded,True,True,True,1.71,0.084,0.024,complete_sequence_rewarded,True,True
Generalization,m98,m98_GenLight_400_2,3,3,61,1767619433.843,0.002,0,0,0,NaN,NaN,NaN,NaN,no_response,False,False,False,NaN,NaN,NaN,complete_sequence_rewarded,True,True
Generalization,m98,m98_GenLight_400,3,4,1,1767689984.432,8.058,0,0,0,NaN,NaN,NaN,NaN,no_response,False,False,False,NaN,NaN,NaN,,,
Generalization,m98,m98_GenLight_400,3,4,2,1767690022.572,8.078,0,1,5,NaN,10.561,NaN,NaN,offcue_poke_only,False,False,False,NaN,NaN,NaN,no_response,False,False
Generalization,m98,m98_GenLight_400,3,4,3,1767690057.605,8.057,0,1,4,NaN,15.351,NaN,NaN,offcue_poke_only,False,False,False,NaN,NaN,NaN,offcue_poke_only,False,False
Generalization,m98,m98_GenLight_400,3,4,4,1767690097.271,8.091,0,0,0,NaN,NaN,NaN,NaN,no_response,False,False,False,NaN,NaN,NaN,offcue_poke_only,False,False
Generalization,m98,m98_GenLight_400,3,4,5,1767690135.481,8.085,0,0,0,NaN,NaN,NaN,NaN,no_response,False,False,False,NaN,NaN,NaN,no_response,False,False
Generalization,m98,m98_GenLight_400,3,4,6,1767690174.632,5.338,1,2,29,5.164,6.052,5.322,5.344,complete_sequence_rewarded,True,True,True,5.164,0.158,0.023,no_response,False,False
Generalization,m98,m98_GenLight_400,3,4,7,1767690223.367,8.087,0,3,16,NaN,22.315,NaN,NaN,offcue_poke_only,False,False,False,NaN,NaN,NaN,complete_sequence_rewarded,True,True
Generalization,m98,m98_GenLight_400,3,4,8,1767690265.408,8.066,0,0,0,NaN,NaN,NaN,NaN,no_response,False,False,False,NaN,NaN,NaN,offcue_poke_only,False,False
Generalization,m98,m98_GenLight_400,3,4,9,1767690299.6,1.769,1,0,13,1.627,NaN,1.746,1.775,complete_sequence_rewarded,True,True,True,1.627,0.119,0.03,no_response,False,False
Generalization,m98,m98_GenLight_400,3,4,10,1767690334.38,8.055,0,6,52,NaN,26.265,NaN,NaN,offcue_poke_only,False,False,False,NaN,NaN,NaN,complete_sequence_rewarded,True,True
Generalization,m98,m98_GenLight_400,3,4,11,1767690416.738,8.072,0,6,18,NaN,14.278,NaN,NaN,offcue_poke_only,False,False,False,NaN,NaN,NaN,offcue_poke_only,False,False
Generalization,m98,m98_GenLight_400,3,4,12,1767690475.747,0.735,1,3,41,0.524,10.239,0.71,0.74,complete_sequence_rewarded,True,True,True,0.524,0.185,0.031,offcue_poke_only,False,False
Generalization,m98,m98_GenLight_400,3,4,13,1767690520.709,8.09,0,0,0,NaN,NaN,NaN,NaN,no_response,False,False,False,NaN,NaN,NaN,complete_sequence_rewarded,True,True
Generalization,m98,m98_GenLight_400,3,4,14,1767690562.89,1.596,1,13,57,1.294,6.912,1.585,1.603,complete_sequence_rewarded,True,True,True,1.294,0.291,0.018,no_response,False,False
Generalization,m98,m98_GenLight_400,3,4,15,1767690641.449,0.598,1,14,75,0.423,8.929,0.575,0.604,complete_sequence_rewarded,True,True,True,0.423,0.152,0.029,complete_sequence_rewarded,True,True
Generalization,m98,m98_GenLight_400,3,4,16,1767690762.24,0.543,1,4,41,0.384,13.239,0.519,0.548,complete_sequence_rewarded,True,True,True,0.384,0.135,0.03,complete_sequence_rewarded,True,True
Generalization,m98,m98_GenLight_400,3,4,17,1767690819.47,8.067,0,0,0,NaN,NaN,NaN,NaN,no_response,False,False,False,NaN,NaN,NaN,complete_sequence_rewarded,True,True
Generalization,m98,m98_GenLight_400,3,4,18,1767690860.63,8.081,0,0,0,NaN,NaN,NaN,NaN,no_response,False,False,False,NaN,NaN,NaN,no_response,False,False
Generalization,m98,m98_GenLight_400,3,4,19,1767690898.838,8.084,0,3,14,NaN,33.879,NaN,NaN,offcue_poke_only,False,False,False,NaN,NaN,NaN,no_response,False,False
Generalization,m98,m98_GenLight_400,3,4,20,1767690954.959,8.111,0,0,0,NaN,NaN,NaN,NaN,no_response,False,False,False,NaN,NaN,NaN,offcue_poke_only,False,False
Generalization,m98,m98_GenLight_400,3,4,21,1767690994.13,4.176,1,0,7,4.054,NaN,4.157,4.182,complete_sequence_rewarded,True,True,True,4.054,0.102,0.026,no_response,False,False
Generalization,m98,m98_GenLight_400,3,4,22,1767691030.325,8.088,0,0,0,NaN,NaN,NaN,NaN,no_response,False,False,False,NaN,NaN,NaN,complete_sequence_rewarded,True,True
Generalization,m98,m98_GenLight_400,3,4,23,1767691069.505,8.053,0,1,6,NaN,14.389,NaN,NaN,offcue_poke_only,False,False,False,NaN,NaN,NaN,no_response,False,False
Generalization,m98,m98_GenLight_400,3,4,24,1767691119.216,8.059,0,3,8,NaN,20.05,NaN,NaN,offcue_poke_only,False,False,False,NaN,NaN,NaN,offcue_poke_only,False,False
Generalization,m98,m98_GenLight_400,3,4,25,1767691163.999,8.076,0,1,6,NaN,29.889,NaN,NaN,offcue_poke_only,False,False,False,NaN,NaN,NaN,offcue_poke_only,False,False
Generalization,m98,m98_GenLight_400,3,4,26,1767691206.701,8.063,0,6,22,NaN,22.696,NaN,NaN,offcue_poke_only,False,False,False,NaN,NaN,NaN,offcue_poke_only,False,False
Generalization,m98,m98_GenLight_400,3,4,27,1767691277.377,2.106,1,1,27,1.943,8.173,2.083,2.112,complete_sequence_rewarded,True,True,True,1.943,0.14,0.029,offcue_poke_only,False,False
Generalization,m98,m98_GenLight_400,3,4,28,1767691311.855,8.069,0,1,6,NaN,15.307,NaN,NaN,offcue_poke_only,False,False,False,NaN,NaN,NaN,complete_sequence_rewarded,True,True
Generalization,m98,m98_GenLight_400,3,4,29,1767691349.814,8.094,0,5,22,NaN,12.377,NaN,NaN,offcue_poke_only,False,False,False,NaN,NaN,NaN,offcue_poke_only,False,False
Generalization,m98,m98_GenLight_400,3,4,30,1767691419.367,0.832,1,2,19,0.644,2.121,0.809,0.838,complete_sequence_rewarded,True,True,True,0.644,0.165,0.029,offcue_poke_only,False,False
Generalization,m98,m98_GenLight_400,3,4,31,1767691452.518,0.934,1,0,5,0.702,NaN,0.909,0.942,complete_sequence_rewarded,True,True,True,0.702,0.207,0.034,complete_sequence_rewarded,True,True
Generalization,m98,m98_GenLight_400,3,4,32,1767691483.366,3.996,1,0,11,3.951,NaN,3.98,4.003,complete_sequence_rewarded,True,True,True,3.951,0.029,0.022,complete_sequence_rewarded,True,True
Generalization,m98,m98_GenLight_400,3,4,33,1767691525.462,8.096,0,0,0,NaN,NaN,NaN,NaN,no_response,False,False,False,NaN,NaN,NaN,complete_sequence_rewarded,True,True
Generalization,m98,m98_GenLight_400,3,4,34,1767691566.631,8.076,0,0,0,NaN,NaN,NaN,NaN,no_response,False,False,False,NaN,NaN,NaN,no_response,False,False
Generalization,m98,m98_GenLight_400,3,4,35,1767691603.828,8.087,0,0,0,NaN,NaN,NaN,NaN,no_response,False,False,False,NaN,NaN,NaN,no_response,False,False
Generalization,m98,m98_GenLight_400,3,4,36,1767691642.003,8.067,0,0,0,NaN,NaN,NaN,NaN,no_response,False,False,False,NaN,NaN,NaN,no_response,False,False
Generalization,m98,m98_GenLight_400,3,4,37,1767691684.196,8.086,0,1,8,NaN,35.253,NaN,NaN,offcue_poke_only,False,False,False,NaN,NaN,NaN,no_response,False,False
Generalization,m98,m98_GenLight_400,3,4,38,1767691730.411,1.449,1,2,19,0.502,16.082,1.424,1.454,complete_sequence_rewarded,True,True,True,0.502,0.922,0.03,offcue_poke_only,False,False
Generalization,m98,m98_GenLight_400,3,4,39,1767691768.059,1.344,2,3,21,0.437,2.494,1.33,1.35,complete_sequence_rewarded,True,True,True,0.437,0.893,0.02,complete_sequence_rewarded,True,True
Generalization,m98,m98_GenLight_400,3,4,40,1767691818.49,8.045,0,1,4,NaN,22.281,NaN,NaN,offcue_poke_only,False,False,False,NaN,NaN,NaN,complete_sequence_rewarded,True,True
Generalization,m98,m98_GenLight_400,3,4,41,1767691857.179,0.777,1,12,49,0.46,1.959,0.762,0.783,complete_sequence_rewarded,True,True,True,0.46,0.302,0.022,offcue_poke_only,False,False
Generalization,m98,m98_GenLight_400,3,4,42,1767691933.328,0.514,1,0,13,0.376,NaN,0.488,0.52,complete_sequence_rewarded,True,True,True,0.376,0.113,0.032,complete_sequence_rewarded,True,True
Generalization,m98,m98_GenLight_400,3,4,43,1767691970.86,0.46,1,0,9,0.276,NaN,0.446,0.466,complete_sequence_rewarded,True,True,True,0.276,0.17,0.02,complete_sequence_rewarded,True,True
Generalization,m98,m98_GenLight_400,3,4,44,1767692010.292,1.085,2,4,15,0.559,1.771,1.066,1.092,complete_sequence_rewarded,True,True,True,0.559,0.507,0.026,complete_sequence_rewarded,True,True
Generalization,m98,m98_GenLight_400,3,4,45,1767692042.847,8.122,0,1,4,NaN,21.012,NaN,NaN,offcue_poke_only,False,False,False,NaN,NaN,NaN,complete_sequence_rewarded,True,True
Generalization,m98,m98_GenLight_400,3,4,46,1767692080.618,0.616,1,1,21,0.459,9.302,0.596,0.621,complete_sequence_rewarded,True,True,True,0.459,0.137,0.025,offcue_poke_only,False,False
Generalization,m98,m98_GenLight_400,3,4,47,1767692112.315,4.674,1,0,11,4.415,NaN,4.661,4.68,complete_sequence_rewarded,True,True,True,4.415,0.246,0.019,complete_sequence_rewarded,True,True
Generalization,m98,m98_GenLight_400,3,4,48,1767692149.896,0.724,1,1,13,0.586,22.234,0.699,0.732,complete_sequence_rewarded,True,True,True,0.586,0.113,0.033,complete_sequence_rewarded,True,True
Generalization,m98,m98_GenLight_400,3,4,49,1767692190.248,7.314,1,2,9,7.177,8.28,7.295,7.32,complete_sequence_rewarded,True,True,True,7.177,0.119,0.024,complete_sequence_rewarded,True,True
Generalization,m98,m98_GenLight_400,3,4,50,1767692234.571,1.811,1,0,15,1.619,NaN,1.781,1.816,complete_sequence_rewarded,True,True,True,1.619,0.162,0.035,complete_sequence_rewarded,True,True
Generalization,m98,m98_GenLight_400,3,4,51,1767692269.33,8.093,0,0,0,NaN,NaN,NaN,NaN,no_response,False,False,False,NaN,NaN,NaN,complete_sequence_rewarded,True,True
Generalization,m98,m98_GenLight_400,3,4,52,1767692303.507,8.067,0,0,0,NaN,NaN,NaN,NaN,no_response,False,False,False,NaN,NaN,NaN,no_response,False,False
Generalization,m98,m98_GenLight_400,3,4,53,1767692346.647,8.06,0,4,14,NaN,22.171,NaN,NaN,offcue_poke_only,False,False,False,NaN,NaN,NaN,no_response,False,False
Generalization,m98,m98_GenLight_400,3,4,54,1767692403.028,0.527,1,3,41,0.381,9.182,0.513,0.533,complete_sequence_rewarded,True,True,True,0.381,0.132,0.02,offcue_poke_only,False,False
Generalization,m98,m98_GenLight_400,3,4,55,1767692445.728,0.767,1,1,13,0.467,1.774,0.744,0.772,complete_sequence_rewarded,True,True,True,0.467,0.277,0.027,complete_sequence_rewarded,True,True
Generalization,m98,m98_GenLight_400,3,4,56,1767692486.358,0.965,1,0,23,0.502,NaN,0.951,0.971,complete_sequence_rewarded,True,True,True,0.502,0.449,0.02,complete_sequence_rewarded,True,True
Generalization,m98,m98_GenLight_400,3,4,57,1767692524.0,8.061,0,1,6,NaN,9.46,NaN,NaN,offcue_poke_only,False,False,False,NaN,NaN,NaN,complete_sequence_rewarded,True,True
Generalization,m98,m98_GenLight_400,3,4,58,1767692564.951,0.574,1,1,21,0.373,1.862,0.56,0.578,complete_sequence_rewarded,True,True,True,0.373,0.186,0.019,offcue_poke_only,False,False
Generalization,m98,m98_GenLight_400,3,4,59,1767692595.477,5.594,1,0,3,5.478,NaN,5.569,5.599,complete_sequence_rewarded,True,True,True,5.478,0.091,0.03,complete_sequence_rewarded,True,True
Generalization,m98,m98_GenLight_400,3,4,60,1767692631.526,0.002,0,0,0,NaN,NaN,NaN,NaN,no_response,False,False,False,NaN,NaN,NaN,complete_sequence_rewarded,True,True
Generalization,m100,m100_GenLight_400,1,1,1,1766920552.69,8.095,0,3,6,NaN,33.44,NaN,NaN,offcue_poke_only,False,False,False,NaN,NaN,NaN,,,
Generalization,m100,m100_GenLight_400,1,1,2,1766920603.926,8.062,0,1,4,NaN,36.354,NaN,NaN,offcue_poke_only,False,False,False,NaN,NaN,NaN,offcue_poke_only,False,False
Generalization,m100,m100_GenLight_400,1,1,3,1766920651.043,2.583,1,12,83,2.187,4.866,2.57,2.59,complete_sequence_rewarded,True,True,True,2.187,0.383,0.019,offcue_poke_only,False,False
Generalization,m100,m100_GenLight_400,1,1,4,1766920758.443,3.719,1,4,37,3.362,7.299,3.7,3.725,complete_sequence_rewarded,True,True,True,3.362,0.338,0.025,complete_sequence_rewarded,True,True
Generalization,m100,m100_GenLight_400,1,1,5,1766920808.385,1.832,1,8,47,1.678,4.731,1.812,1.838,complete_sequence_rewarded,True,True,True,1.678,0.133,0.027,complete_sequence_rewarded,True,True
Generalization,m100,m100_GenLight_400,1,1,6,1766920865.108,2.245,1,6,57,2.085,6.656,2.228,2.251,complete_sequence_rewarded,True,True,True,2.085,0.143,0.023,complete_sequence_rewarded,True,True
Generalization,m100,m100_GenLight_400,1,1,7,1766920927.003,0.527,1,6,31,0.399,6.162,0.506,0.535,complete_sequence_rewarded,True,True,True,0.399,0.107,0.03,complete_sequence_rewarded,True,True
Generalization,m100,m100_GenLight_400,1,1,8,1766920973.217,7.819,1,3,15,7.704,10.732,7.801,7.825,complete_sequence_rewarded,True,True,True,7.704,0.097,0.024,complete_sequence_rewarded,True,True
Generalization,m100,m100_GenLight_400,1,1,9,1766921019.345,8.103,0,4,22,NaN,12.258,NaN,NaN,offcue_poke_only,False,False,False,NaN,NaN,NaN,complete_sequence_rewarded,True,True
Generalization,m100,m100_GenLight_400,1,1,10,1766921067.302,5.076,1,8,45,4.859,9.029,5.059,5.081,complete_sequence_rewarded,True,True,True,4.859,0.199,0.023,offcue_poke_only,False,False
Generalization,m100,m100_GenLight_400,1,1,11,1766921131.461,3.193,1,2,31,2.989,11.218,3.175,3.198,complete_sequence_rewarded,True,True,True,2.989,0.186,0.024,complete_sequence_rewarded,True,True
Generalization,m100,m100_GenLight_400,1,1,12,1766921170.529,8.07,0,5,16,NaN,12.454,NaN,NaN,offcue_poke_only,False,False,False,NaN,NaN,NaN,complete_sequence_rewarded,True,True
Generalization,m100,m100_GenLight_400,1,1,13,1766921228.059,5.032,1,27,149,4.856,8.346,5.012,5.038,complete_sequence_rewarded,True,True,True,4.856,0.156,0.026,offcue_poke_only,False,False
Generalization,m100,m100_GenLight_400,1,1,14,1766921400.984,1.704,1,5,19,1.541,4.812,1.686,NaN,cue_poke_lick_no_reward,True,True,False,1.541,0.145,NaN,complete_sequence_rewarded,True,True
Generalization,m100,m100_GenLight_400,1,1,15,1766921452.082,8.111,0,1,4,NaN,10.23,NaN,NaN,offcue_poke_only,False,False,False,NaN,NaN,NaN,cue_poke_lick_no_reward,False,True
Generalization,m100,m100_GenLight_400,1,1,16,1766921489.893,1.694,1,4,25,1.504,4.711,1.672,1.699,complete_sequence_rewarded,True,True,True,1.504,0.168,0.027,offcue_poke_only,False,False
Generalization,m100,m100_GenLight_400,1,1,17,1766921528.414,2.502,1,2,13,2.337,6.034,2.487,NaN,cue_poke_lick_no_reward,True,True,False,2.337,0.15,NaN,complete_sequence_rewarded,True,True
Generalization,m100,m100_GenLight_400,1,1,18,1766921569.389,8.077,0,0,0,NaN,NaN,NaN,NaN,no_response,False,False,False,NaN,NaN,NaN,cue_poke_lick_no_reward,False,True
Generalization,m100,m100_GenLight_400,1,1,19,1766921607.566,8.085,0,0,0,NaN,NaN,NaN,NaN,no_response,False,False,False,NaN,NaN,NaN,no_response,False,False
Generalization,m100,m100_GenLight_400,1,1,20,1766921647.738,8.062,0,2,14,NaN,21.294,NaN,NaN,offcue_poke_only,False,False,False,NaN,NaN,NaN,no_response,False,False
Generalization,m100,m100_GenLight_400,1,1,21,1766921695.609,3.846,1,7,43,3.552,12.908,3.833,3.852,complete_sequence_rewarded,True,True,True,3.552,0.281,0.019,offcue_poke_only,False,False
Generalization,m100,m100_GenLight_400,1,1,22,1766921783.925,3.834,1,3,17,3.688,13.688,3.82,3.838,complete_sequence_rewarded,True,True,True,3.688,0.132,0.019,complete_sequence_rewarded,True,True
Generalization,m100,m100_GenLight_400,1,1,23,1766921837.207,8.093,0,6,28,NaN,19.471,NaN,NaN,offcue_poke_only,False,False,False,NaN,NaN,NaN,complete_sequence_rewarded,True,True
Generalization,m100,m100_GenLight_400,1,1,24,1766921912.145,0.893,1,2,25,0.712,13.262,0.863,0.899,complete_sequence_rewarded,True,True,True,0.712,0.151,0.036,offcue_poke_only,False,False
Generalization,m100,m100_GenLight_400,1,1,25,1766921946.382,4.145,1,4,29,3.906,7.048,4.121,4.151,complete_sequence_rewarded,True,True,True,3.906,0.215,0.03,complete_sequence_rewarded,True,True
Generalization,m100,m100_GenLight_400,1,1,26,1766921994.746,3.133,1,2,15,2.951,9.923,3.105,3.139,complete_sequence_rewarded,True,True,True,2.951,0.153,0.035,complete_sequence_rewarded,True,True
Generalization,m100,m100_GenLight_400,1,1,27,1766922034.287,8.047,0,0,0,NaN,NaN,NaN,NaN,no_response,False,False,False,NaN,NaN,NaN,complete_sequence_rewarded,True,True
Generalization,m100,m100_GenLight_400,1,1,28,1766922076.42,8.047,0,3,12,NaN,18.498,NaN,NaN,offcue_poke_only,False,False,False,NaN,NaN,NaN,no_response,False,False
Generalization,m100,m100_GenLight_400,1,1,29,1766922133.148,5.502,1,3,15,5.336,12.765,5.49,5.508,complete_sequence_rewarded,True,True,True,5.336,0.154,0.018,offcue_poke_only,False,False
Generalization,m100,m100_GenLight_400,1,1,30,1766922171.0,8.054,0,6,12,NaN,10.077,NaN,NaN,offcue_poke_only,False,False,False,NaN,NaN,NaN,complete_sequence_rewarded,True,True
Generalization,m100,m100_GenLight_400,1,1,31,1766922229.923,1.886,1,1,7,1.744,19.906,1.873,NaN,cue_poke_lick_no_reward,True,True,False,1.744,0.129,NaN,offcue_poke_only,False,False
Generalization,m100,m100_GenLight_400,1,1,32,1766922271.435,1.276,1,1,17,0.798,16.911,1.26,1.282,complete_sequence_rewarded,True,True,True,0.798,0.462,0.022,cue_poke_lick_no_reward,False,True
Generalization,m100,m100_GenLight_400,1,1,33,1766922307.036,1.131,1,2,13,0.908,25.682,1.122,1.137,complete_sequence_rewarded,True,True,True,0.908,0.214,0.014,complete_sequence_rewarded,True,True
Generalization,m100,m100_GenLight_400,1,1,34,1766922352.907,0.999,1,3,21,0.784,11.799,0.977,1.004,complete_sequence_rewarded,True,True,True,0.784,0.193,0.027,complete_sequence_rewarded,True,True
Generalization,m100,m100_GenLight_400,1,1,35,1766922409.815,7.142,1,7,29,7.001,25.73,7.129,7.15,complete_sequence_rewarded,True,True,True,7.001,0.128,0.02,complete_sequence_rewarded,True,True
Generalization,m100,m100_GenLight_400,1,1,36,1766922506.629,1.641,1,0,11,1.396,NaN,1.608,1.647,complete_sequence_rewarded,True,True,True,1.396,0.212,0.04,complete_sequence_rewarded,True,True
Generalization,m100,m100_GenLight_400,1,1,37,1766922547.131,6.861,1,3,19,6.602,23.643,6.841,6.865,complete_sequence_rewarded,True,True,True,6.602,0.239,0.024,complete_sequence_rewarded,True,True
Generalization,m100,m100_GenLight_400,1,1,38,1766922596.519,5.483,1,4,19,5.222,12.501,5.463,5.488,complete_sequence_rewarded,True,True,True,5.222,0.241,0.025,complete_sequence_rewarded,True,True
Generalization,m100,m100_GenLight_400,1,1,39,1766922661.237,3.642,1,1,11,3.481,12.962,3.622,3.647,complete_sequence_rewarded,True,True,True,3.481,0.141,0.025,complete_sequence_rewarded,True,True
Generalization,m100,m100_GenLight_400,1,1,40,1766922697.544,1.304,1,5,21,1.144,6.311,1.291,1.31,complete_sequence_rewarded,True,True,True,1.144,0.147,0.019,complete_sequence_rewarded,True,True
Generalization,m100,m100_GenLight_400,1,1,41,1766922752.423,8.056,2,4,10,0.809,10.598,7.491,NaN,cue_poke_lick_no_reward,True,True,False,0.809,6.682,NaN,complete_sequence_rewarded,True,True
Generalization,m100,m100_GenLight_400,1,1,42,1766922803.159,3.806,1,3,15,3.664,10.035,3.793,3.812,complete_sequence_rewarded,True,True,True,3.664,0.129,0.019,cue_poke_lick_no_reward,False,True
Generalization,m100,m100_GenLight_400,1,1,43,1766922845.995,4.262,1,4,21,3.937,11.215,4.24,4.269,complete_sequence_rewarded,True,True,True,3.937,0.303,0.029,complete_sequence_rewarded,True,True
Generalization,m100,m100_GenLight_400,1,1,44,1766922901.843,0.422,1,1,17,0.204,8.101,0.403,0.427,complete_sequence_rewarded,True,True,True,0.204,0.199,0.025,complete_sequence_rewarded,True,True
Generalization,m100,m100_GenLight_400,1,1,45,1766922940.857,8.051,0,0,0,NaN,NaN,NaN,NaN,no_response,False,False,False,NaN,NaN,NaN,complete_sequence_rewarded,True,True
Generalization,m100,m100_GenLight_400,1,1,46,1766922982.995,8.061,0,0,0,NaN,NaN,NaN,NaN,no_response,False,False,False,NaN,NaN,NaN,no_response,False,False
Generalization,m100,m100_GenLight_400,1,1,47,1766923025.184,8.105,0,2,12,NaN,14.955,NaN,NaN,offcue_poke_only,False,False,False,NaN,NaN,NaN,no_response,False,False
Generalization,m100,m100_GenLight_400,1,1,48,1766923063.433,1.168,1,1,19,0.787,14.641,1.152,1.174,complete_sequence_rewarded,True,True,True,0.787,0.365,0.022,offcue_poke_only,False,False
Generalization,m100,m100_GenLight_400,1,1,49,1766923101.062,8.107,0,5,20,NaN,11.192,NaN,NaN,offcue_poke_only,False,False,False,NaN,NaN,NaN,complete_sequence_rewarded,True,True
Generalization,m100,m100_GenLight_400,1,1,50,1766923156.055,8.096,0,2,6,NaN,33.27,NaN,NaN,offcue_poke_only,False,False,False,NaN,NaN,NaN,offcue_poke_only,False,False
Generalization,m100,m100_GenLight_400,1,1,51,1766923203.613,8.132,1,6,27,8.0,14.292,8.107,8.14,complete_sequence_rewarded,True,True,True,8.0,0.107,0.034,offcue_poke_only,False,False
Generalization,m100,m100_GenLight_400,1,1,52,1766923269.992,2.229,1,3,21,1.835,8.72,2.21,2.235,complete_sequence_rewarded,True,True,True,1.835,0.375,0.025,complete_sequence_rewarded,True,True
Generalization,m100,m100_GenLight_400,1,1,53,1766923318.177,1.092,1,2,15,0.814,13.882,1.08,1.1,complete_sequence_rewarded,True,True,True,0.814,0.266,0.02,complete_sequence_rewarded,True,True
Generalization,m100,m100_GenLight_400,1,1,54,1766923361.06,6.833,1,3,17,6.592,19.063,6.804,6.839,complete_sequence_rewarded,True,True,True,6.592,0.212,0.035,complete_sequence_rewarded,True,True
Generalization,m100,m100_GenLight_400,1,1,55,1766923406.811,8.078,2,3,10,0.062,14.555,5.884,NaN,cue_poke_lick_no_reward,True,True,False,0.062,5.822,NaN,complete_sequence_rewarded,True,True
Generalization,m100,m100_GenLight_400,1,1,56,1766923456.186,0.765,1,2,17,0.522,9.698,0.752,0.771,complete_sequence_rewarded,True,True,True,0.522,0.23,0.019,cue_poke_lick_no_reward,False,True
Generalization,m100,m100_GenLight_400,1,1,57,1766923498.598,4.348,1,3,5,4.163,5.013,4.319,NaN,cue_poke_lick_no_reward,True,True,False,4.163,0.157,NaN,complete_sequence_rewarded,True,True
Generalization,m100,m100_GenLight_400,1,1,58,1766923542.362,8.073,0,2,2,NaN,13.471,NaN,NaN,offcue_poke_only,False,False,False,NaN,NaN,NaN,cue_poke_lick_no_reward,False,True
Generalization,m100,m100_GenLight_400,1,1,59,1766923586.115,1.2,1,0,7,0.841,NaN,1.176,1.206,complete_sequence_rewarded,True,True,True,0.841,0.335,0.03,offcue_poke_only,False,False
Generalization,m100,m100_GenLight_400,1,1,60,1766923625.346,7.041,1,2,5,6.879,27.757,7.024,7.047,complete_sequence_rewarded,True,True,True,6.879,0.145,0.023,complete_sequence_rewarded,True,True
Generalization,m100,m100_GenLight_400,1,1,61,1766923679.802,0.002,0,0,0,NaN,NaN,NaN,NaN,no_response,False,False,False,NaN,NaN,NaN,complete_sequence_rewarded,True,True
Generalization,m100,m100_GenLight_400,2,2,1,1767094524.706,5.585,1,15,61,5.433,9.115,5.566,5.592,complete_sequence_rewarded,True,True,True,5.433,0.132,0.026,,,
Generalization,m100,m100_GenLight_400,2,2,2,1767094628.829,1.094,1,3,15,0.897,3.089,1.071,1.1,complete_sequence_rewarded,True,True,True,0.897,0.174,0.03,complete_sequence_rewarded,True,True
Generalization,m100,m100_GenLight_400,2,2,3,1767094672.452,6.85,1,1,9,6.64,9.273,6.83,6.856,complete_sequence_rewarded,True,True,True,6.64,0.19,0.026,complete_sequence_rewarded,True,True
Generalization,m100,m100_GenLight_400,2,2,4,1767094709.285,6.907,1,10,71,6.735,9.643,6.883,6.915,complete_sequence_rewarded,True,True,True,6.735,0.148,0.031,complete_sequence_rewarded,True,True
Generalization,m100,m100_GenLight_400,2,2,5,1767094806.594,5.02,1,18,79,4.897,6.727,5.001,5.026,complete_sequence_rewarded,True,True,True,4.897,0.104,0.025,complete_sequence_rewarded,True,True
Generalization,m100,m100_GenLight_400,2,2,6,1767094912.863,3.467,1,12,43,3.277,11.925,3.448,3.476,complete_sequence_rewarded,True,True,True,3.277,0.171,0.028,complete_sequence_rewarded,True,True
Generalization,m100,m100_GenLight_400,2,2,7,1767094983.032,1.418,1,3,29,1.264,6.631,1.399,1.423,complete_sequence_rewarded,True,True,True,1.264,0.134,0.025,complete_sequence_rewarded,True,True
Generalization,m100,m100_GenLight_400,2,2,8,1767095026.566,1.935,1,4,17,1.707,5.452,1.916,1.94,complete_sequence_rewarded,True,True,True,1.707,0.209,0.025,complete_sequence_rewarded,True,True
Generalization,m100,m100_GenLight_400,2,2,9,1767095070.759,8.025,0,0,0,NaN,NaN,NaN,NaN,no_response,False,False,False,NaN,NaN,NaN,complete_sequence_rewarded,True,True
Generalization,m100,m100_GenLight_400,2,2,10,1767095106.899,0.938,1,7,45,0.816,5.745,0.924,0.945,complete_sequence_rewarded,True,True,True,0.816,0.108,0.021,no_response,False,False
Generalization,m100,m100_GenLight_400,2,2,11,1767095149.432,1.143,1,4,27,0.947,3.958,1.132,1.149,complete_sequence_rewarded,True,True,True,0.947,0.185,0.017,complete_sequence_rewarded,True,True
Generalization,m100,m100_GenLight_400,2,2,12,1767095199.369,1.123,1,5,21,0.962,1.989,1.095,1.129,complete_sequence_rewarded,True,True,True,0.962,0.132,0.034,complete_sequence_rewarded,True,True
Generalization,m100,m100_GenLight_400,2,2,13,1767095234.712,2.418,1,13,63,2.275,21.373,2.398,2.426,complete_sequence_rewarded,True,True,True,2.275,0.123,0.028,complete_sequence_rewarded,True,True
Generalization,m100,m100_GenLight_400,2,2,14,1767095335.341,2.675,1,8,47,2.415,7.972,2.647,2.681,complete_sequence_rewarded,True,True,True,2.415,0.232,0.034,complete_sequence_rewarded,True,True
Generalization,m100,m100_GenLight_400,2,2,15,1767095429.664,1.589,1,1,7,1.458,3.597,1.569,NaN,cue_poke_lick_no_reward,True,True,False,1.458,0.111,NaN,complete_sequence_rewarded,True,True
Generalization,m100,m100_GenLight_400,2,2,16,1767095471.285,8.077,0,0,0,NaN,NaN,NaN,NaN,no_response,False,False,False,NaN,NaN,NaN,cue_poke_lick_no_reward,False,True
Generalization,m100,m100_GenLight_400,2,2,17,1767095511.439,8.061,0,4,8,NaN,9.21,NaN,NaN,offcue_poke_only,False,False,False,NaN,NaN,NaN,no_response,False,False
Generalization,m100,m100_GenLight_400,2,2,18,1767095556.587,8.045,0,3,12,NaN,20.464,NaN,NaN,offcue_poke_only,False,False,False,NaN,NaN,NaN,offcue_poke_only,False,False
Generalization,m100,m100_GenLight_400,2,2,19,1767095608.215,8.083,0,1,6,NaN,29.409,NaN,NaN,offcue_poke_only,False,False,False,NaN,NaN,NaN,offcue_poke_only,False,False
Generalization,m100,m100_GenLight_400,2,2,20,1767095648.979,8.073,0,12,30,NaN,29.42,NaN,NaN,offcue_poke_only,False,False,False,NaN,NaN,NaN,offcue_poke_only,False,False
Generalization,m100,m100_GenLight_400,2,2,21,1767095774.953,0.282,1,2,23,0.143,10.15,0.267,0.288,complete_sequence_rewarded,True,True,True,0.143,0.124,0.021,offcue_poke_only,False,False
Generalization,m100,m100_GenLight_400,2,2,22,1767095818.999,8.021,0,7,26,NaN,23.043,NaN,NaN,offcue_poke_only,False,False,False,NaN,NaN,NaN,complete_sequence_rewarded,True,True
Generalization,m100,m100_GenLight_400,2,2,23,1767095914.151,0.946,1,1,11,0.797,17.959,0.932,NaN,cue_poke_lick_no_reward,True,True,False,0.797,0.136,NaN,offcue_poke_only,False,False
Generalization,m100,m100_GenLight_400,2,2,24,1767095955.809,1.311,1,7,29,1.088,5.747,1.295,1.32,complete_sequence_rewarded,True,True,True,1.088,0.207,0.025,cue_poke_lick_no_reward,False,True
Generalization,m100,m100_GenLight_400,2,2,25,1767096029.545,6.077,1,6,43,5.91,12.057,6.068,6.085,complete_sequence_rewarded,True,True,True,5.91,0.158,0.017,complete_sequence_rewarded,True,True
Generalization,m100,m100_GenLight_400,2,2,26,1767096121.14,7.756,1,1,25,7.611,24.722,7.741,7.762,complete_sequence_rewarded,True,True,True,7.611,0.13,0.021,complete_sequence_rewarded,True,True
Generalization,m100,m100_GenLight_400,2,2,27,1767096165.042,8.081,0,2,8,NaN,11.793,NaN,NaN,offcue_poke_only,False,False,False,NaN,NaN,NaN,complete_sequence_rewarded,True,True
Generalization,m100,m100_GenLight_400,2,2,28,1767096208.063,0.835,1,1,19,0.713,20.316,0.812,0.841,complete_sequence_rewarded,True,True,True,0.713,0.099,0.029,offcue_poke_only,False,False
Generalization,m100,m100_GenLight_400,2,2,29,1767096244.719,8.076,0,7,38,NaN,27.318,NaN,NaN,offcue_poke_only,False,False,False,NaN,NaN,NaN,complete_sequence_rewarded,True,True
Generalization,m100,m100_GenLight_400,2,2,30,1767096352.782,3.868,1,4,27,3.676,8.719,3.849,3.874,complete_sequence_rewarded,True,True,True,3.676,0.173,0.025,offcue_poke_only,False,False
Generalization,m100,m100_GenLight_400,2,2,31,1767096416.272,4.433,1,3,25,4.281,12.396,4.415,4.439,complete_sequence_rewarded,True,True,True,4.281,0.135,0.024,complete_sequence_rewarded,True,True
Generalization,m100,m100_GenLight_400,2,2,32,1767096470.877,2.714,1,6,35,2.502,10.548,2.701,2.72,complete_sequence_rewarded,True,True,True,2.502,0.199,0.019,complete_sequence_rewarded,True,True
Generalization,m100,m100_GenLight_400,2,2,33,1767096546.844,2.737,1,9,37,2.637,7.891,2.718,2.743,complete_sequence_rewarded,True,True,True,2.637,0.081,0.025,complete_sequence_rewarded,True,True
Generalization,m100,m100_GenLight_400,2,2,34,1767096674.95,0.573,1,2,13,0.427,4.96,0.558,0.579,complete_sequence_rewarded,True,True,True,0.427,0.131,0.021,complete_sequence_rewarded,True,True
Generalization,m100,m100_GenLight_400,2,2,35,1767096713.626,3.038,1,1,9,2.917,5.104,3.014,3.044,complete_sequence_rewarded,True,True,True,2.917,0.097,0.031,complete_sequence_rewarded,True,True
Generalization,m100,m100_GenLight_400,2,2,36,1767096746.705,8.049,0,5,16,NaN,18.048,NaN,NaN,offcue_poke_only,False,False,False,NaN,NaN,NaN,complete_sequence_rewarded,True,True
Generalization,m100,m100_GenLight_400,2,2,37,1767096817.011,6.64,1,0,13,6.42,NaN,6.617,6.646,complete_sequence_rewarded,True,True,True,6.42,0.196,0.029,offcue_poke_only,False,False
Generalization,m100,m100_GenLight_400,2,2,38,1767096861.529,8.069,0,0,0,NaN,NaN,NaN,NaN,no_response,False,False,False,NaN,NaN,NaN,complete_sequence_rewarded,True,True
Generalization,m100,m100_GenLight_400,2,2,39,1767096902.69,8.05,0,1,6,NaN,29.535,NaN,NaN,offcue_poke_only,False,False,False,NaN,NaN,NaN,no_response,False,False
Generalization,m100,m100_GenLight_400,2,2,40,1767096945.726,3.694,1,5,35,3.471,8.15,3.679,3.7,complete_sequence_rewarded,True,True,True,3.471,0.208,0.022,offcue_poke_only,False,False
Generalization,m100,m100_GenLight_400,2,2,41,1767097012.318,1.205,1,2,20,1.074,16.07,1.157,1.212,complete_sequence_rewarded,True,True,True,1.074,0.083,0.055,complete_sequence_rewarded,True,True
Generalization,m100,m100_GenLight_400,2,2,42,1767097058.635,5.111,1,3,27,4.888,10.42,5.098,5.117,complete_sequence_rewarded,True,True,True,4.888,0.21,0.019,complete_sequence_rewarded,True,True
Generalization,m100,m100_GenLight_400,2,2,43,1767097102.017,1.376,1,2,11,1.23,9.647,1.354,1.384,complete_sequence_rewarded,True,True,True,1.23,0.124,0.03,complete_sequence_rewarded,True,True
Generalization,m100,m100_GenLight_400,2,2,44,1767097143.242,2.471,1,2,15,2.295,13.81,2.451,2.476,complete_sequence_rewarded,True,True,True,2.295,0.156,0.025,complete_sequence_rewarded,True,True
Generalization,m100,m100_GenLight_400,2,2,45,1767097194.835,4.662,1,11,31,4.44,11.375,4.638,4.669,complete_sequence_rewarded,True,True,True,4.44,0.199,0.031,complete_sequence_rewarded,True,True
Generalization,m100,m100_GenLight_400,2,2,46,1767097301.673,8.119,2,6,0,2.468,23.231,NaN,NaN,cue_poke_no_lick,True,False,False,2.468,NaN,NaN,complete_sequence_rewarded,True,True
Generalization,m100,m100_GenLight_400,2,2,47,1767097362.158,8.093,1,3,0,5.061,26.488,NaN,NaN,cue_poke_no_lick,True,False,False,5.061,NaN,NaN,cue_poke_no_lick,False,True
Generalization,m100,m100_GenLight_400,2,2,48,1767097428.171,8.077,2,1,0,1.062,25.621,NaN,NaN,cue_poke_no_lick,True,False,False,1.062,NaN,NaN,cue_poke_no_lick,False,True
Generalization,m100,m100_GenLight_400,2,2,49,1767097466.641,8.07,1,2,0,1.477,8.441,NaN,NaN,cue_poke_no_lick,True,False,False,1.477,NaN,NaN,cue_poke_no_lick,False,True
Generalization,m100,m100_GenLight_400,2,2,50,1767097502.855,8.098,1,2,0,2.378,16.137,NaN,NaN,cue_poke_no_lick,True,False,False,2.378,NaN,NaN,cue_poke_no_lick,False,True
Generalization,m100,m100_GenLight_400,2,2,51,1767097546.468,8.109,2,2,0,6.278,21.568,NaN,NaN,cue_poke_no_lick,True,False,False,6.278,NaN,NaN,cue_poke_no_lick,False,True
Generalization,m100,m100_GenLight_400,2,2,52,1767097600.104,8.094,0,3,0,NaN,10.293,NaN,NaN,offcue_poke_only,False,False,False,NaN,NaN,NaN,cue_poke_no_lick,False,True
Generalization,m100,m100_GenLight_400,2,2,53,1767097654.818,8.066,1,2,0,1.871,17.807,NaN,NaN,cue_poke_no_lick,True,False,False,1.871,NaN,NaN,offcue_poke_only,False,False
Generalization,m100,m100_GenLight_400,2,2,54,1767097697.257,8.089,0,0,0,NaN,NaN,NaN,NaN,no_response,False,False,False,NaN,NaN,NaN,cue_poke_no_lick,False,True
Generalization,m100,m100_GenLight_400,2,2,55,1767097738.493,8.025,0,0,0,NaN,NaN,NaN,NaN,no_response,False,False,False,NaN,NaN,NaN,no_response,False,False
Generalization,m100,m100_GenLight_400,2,2,56,1767097779.602,8.066,1,0,0,0.828,NaN,NaN,NaN,cue_poke_no_lick,True,False,False,0.828,NaN,NaN,no_response,False,False
Generalization,m100,m100_GenLight_400,2,2,57,1767097819.588,8.129,1,4,0,2.4,23.875,NaN,NaN,cue_poke_no_lick,True,False,False,2.4,NaN,NaN,cue_poke_no_lick,False,True
Generalization,m100,m100_GenLight_400,2,2,58,1767097882.826,8.104,1,0,0,3.496,NaN,NaN,NaN,cue_poke_no_lick,True,False,False,3.496,NaN,NaN,cue_poke_no_lick,False,True
Generalization,m100,m100_GenLight_400,2,2,59,1767097921.487,8.076,1,1,0,6.841,23.419,NaN,NaN,cue_poke_no_lick,True,False,False,6.841,NaN,NaN,cue_poke_no_lick,False,True
Generalization,m100,m100_GenLight_400,2,2,60,1767097968.614,0.002,0,0,1,NaN,NaN,NaN,NaN,no_response,False,False,False,NaN,NaN,NaN,cue_poke_no_lick,False,True
Generalization,m100,m100_GenLight_400_2,1,3,1,1767270390.245,4.517,1,2,23,4.287,16.27,4.499,4.524,complete_sequence_rewarded,True,True,True,4.287,0.212,0.026,,,
Generalization,m100,m100_GenLight_400_2,1,3,2,1767270427.572,3.425,1,12,45,3.264,6.148,3.413,3.434,complete_sequence_rewarded,True,True,True,3.264,0.148,0.021,complete_sequence_rewarded,True,True
Generalization,m100,m100_GenLight_400_2,1,3,3,1767270515.432,3.904,1,10,57,3.769,23.256,3.879,3.909,complete_sequence_rewarded,True,True,True,3.769,0.11,0.03,complete_sequence_rewarded,True,True
Generalization,m100,m100_GenLight_400_2,1,3,4,1767270590.609,2.415,1,10,67,2.279,8.1,2.391,2.424,complete_sequence_rewarded,True,True,True,2.279,0.113,0.033,complete_sequence_rewarded,True,True
Generalization,m100,m100_GenLight_400_2,1,3,5,1767270699.613,3.814,1,0,7,3.654,NaN,3.791,3.82,complete_sequence_rewarded,True,True,True,3.654,0.137,0.029,complete_sequence_rewarded,True,True
Generalization,m100,m100_GenLight_400_2,1,3,6,1767270737.419,7.621,1,9,47,7.497,12.829,7.603,7.626,complete_sequence_rewarded,True,True,True,7.497,0.106,0.023,complete_sequence_rewarded,True,True
Generalization,m100,m100_GenLight_400_2,1,3,7,1767270813.066,3.987,1,3,25,3.832,17.265,3.969,3.993,complete_sequence_rewarded,True,True,True,3.832,0.137,0.024,complete_sequence_rewarded,True,True
Generalization,m100,m100_GenLight_400_2,1,3,8,1767270859.146,1.968,1,2,15,1.803,7.849,1.947,1.974,complete_sequence_rewarded,True,True,True,1.803,0.144,0.026,complete_sequence_rewarded,True,True
Generalization,m100,m100_GenLight_400_2,1,3,9,1767270894.553,3.751,1,8,45,3.613,15.213,3.733,3.756,complete_sequence_rewarded,True,True,True,3.613,0.12,0.023,complete_sequence_rewarded,True,True
Generalization,m100,m100_GenLight_400_2,1,3,10,1767270964.473,0.398,1,7,27,0.222,13.059,0.381,0.404,complete_sequence_rewarded,True,True,True,0.222,0.159,0.023,complete_sequence_rewarded,True,True
Generalization,m100,m100_GenLight_400_2,1,3,11,1767271007.679,2.025,1,14,91,1.849,4.766,2.005,2.031,complete_sequence_rewarded,True,True,True,1.849,0.156,0.025,complete_sequence_rewarded,True,True
Generalization,m100,m100_GenLight_400_2,1,3,12,1767271123.409,2.845,1,7,43,2.674,12.436,2.827,2.85,complete_sequence_rewarded,True,True,True,2.674,0.153,0.023,complete_sequence_rewarded,True,True
Generalization,m100,m100_GenLight_400_2,1,3,13,1767271191.429,4.611,1,1,13,4.464,31.599,4.59,4.616,complete_sequence_rewarded,True,True,True,4.464,0.126,0.026,complete_sequence_rewarded,True,True
Generalization,m100,m100_GenLight_400_2,1,3,14,1767271235.791,4.066,1,0,5,3.918,NaN,4.048,4.072,complete_sequence_rewarded,True,True,True,3.918,0.13,0.024,complete_sequence_rewarded,True,True
Generalization,m100,m100_GenLight_400_2,1,3,15,1767271274.885,1.814,1,3,19,1.636,16.167,1.798,1.819,complete_sequence_rewarded,True,True,True,1.636,0.162,0.021,complete_sequence_rewarded,True,True
Generalization,m100,m100_GenLight_400_2,1,3,16,1767271312.595,5.944,1,17,51,5.849,6.792,5.926,5.95,complete_sequence_rewarded,True,True,True,5.849,0.077,0.024,complete_sequence_rewarded,True,True
Generalization,m100,m100_GenLight_400_2,1,3,17,1767271433.031,1.035,1,0,11,0.913,NaN,1.016,1.043,complete_sequence_rewarded,True,True,True,0.913,0.103,0.027,complete_sequence_rewarded,True,True
Generalization,m100,m100_GenLight_400_2,1,3,18,1767271469.128,8.092,0,2,6,NaN,31.272,NaN,NaN,offcue_poke_only,False,False,False,NaN,NaN,NaN,complete_sequence_rewarded,True,True
Generalization,m100,m100_GenLight_400_2,1,3,19,1767271517.425,8.092,0,0,0,NaN,NaN,NaN,NaN,no_response,False,False,False,NaN,NaN,NaN,offcue_poke_only,False,False
Generalization,m100,m100_GenLight_400_2,1,3,20,1767271556.601,1.596,1,2,23,1.437,13.093,1.577,1.602,complete_sequence_rewarded,True,True,True,1.437,0.14,0.025,no_response,False,False
Generalization,m100,m100_GenLight_400_2,1,3,21,1767271592.622,4.629,1,5,19,4.458,11.459,4.608,4.635,complete_sequence_rewarded,True,True,True,4.458,0.15,0.026,complete_sequence_rewarded,True,True
Generalization,m100,m100_GenLight_400_2,1,3,22,1767271647.498,3.192,1,5,19,3.021,15.242,3.176,NaN,cue_poke_lick_no_reward,True,True,False,3.021,0.155,NaN,complete_sequence_rewarded,True,True
Generalization,m100,m100_GenLight_400_2,1,3,23,1767271710.477,1.006,1,3,19,0.762,21.319,0.984,1.021,complete_sequence_rewarded,True,True,True,0.762,0.222,0.037,cue_poke_lick_no_reward,False,True
Generalization,m100,m100_GenLight_400_2,1,3,24,1767271754.755,2.035,1,7,39,1.924,3.193,2.022,2.042,complete_sequence_rewarded,True,True,True,1.924,0.098,0.02,complete_sequence_rewarded,True,True
Generalization,m100,m100_GenLight_400_2,1,3,25,1767271843.088,1.85,1,2,25,1.692,16.134,1.82,1.855,complete_sequence_rewarded,True,True,True,1.692,0.128,0.036,complete_sequence_rewarded,True,True
Generalization,m100,m100_GenLight_400_2,1,3,26,1767271883.479,0.785,1,4,33,0.646,8.536,0.766,0.789,complete_sequence_rewarded,True,True,True,0.646,0.12,0.024,complete_sequence_rewarded,True,True
Generalization,m100,m100_GenLight_400_2,1,3,27,1767271939.529,0.803,1,9,43,0.645,9.1,0.783,0.808,complete_sequence_rewarded,True,True,True,0.645,0.138,0.025,complete_sequence_rewarded,True,True
Generalization,m100,m100_GenLight_400_2,1,3,28,1767272035.388,3.568,1,1,11,3.277,24.897,3.545,3.573,complete_sequence_rewarded,True,True,True,3.277,0.268,0.028,complete_sequence_rewarded,True,True
Generalization,m100,m100_GenLight_400_2,1,3,29,1767272070.997,1.633,1,0,5,1.481,NaN,1.611,NaN,cue_poke_lick_no_reward,True,True,False,1.481,0.13,NaN,complete_sequence_rewarded,True,True
Generalization,m100,m100_GenLight_400_2,1,3,30,1767272111.618,8.035,0,3,16,NaN,13.673,NaN,NaN,offcue_poke_only,False,False,False,NaN,NaN,NaN,cue_poke_lick_no_reward,False,True
Generalization,m100,m100_GenLight_400_2,1,3,31,1767272159.357,2.847,1,7,51,2.516,18.276,2.826,2.852,complete_sequence_rewarded,True,True,True,2.516,0.31,0.026,offcue_poke_only,False,False
Generalization,m100,m100_GenLight_400_2,1,3,32,1767272243.288,3.215,1,3,29,3.065,13.51,3.197,3.221,complete_sequence_rewarded,True,True,True,3.065,0.132,0.024,complete_sequence_rewarded,True,True
Generalization,m100,m100_GenLight_400_2,1,3,33,1767272288.931,0.378,1,9,39,0.318,13.929,0.36,0.384,complete_sequence_rewarded,True,True,True,0.318,0.042,0.024,complete_sequence_rewarded,True,True
Generalization,m100,m100_GenLight_400_2,1,3,34,1767272382.884,0.694,1,7,41,0.499,9.472,0.679,0.7,complete_sequence_rewarded,True,True,True,0.499,0.18,0.021,complete_sequence_rewarded,True,True
Generalization,m100,m100_GenLight_400_2,1,3,35,1767272471.181,0.602,1,9,41,0.432,7.587,0.584,0.609,complete_sequence_rewarded,True,True,True,0.432,0.151,0.025,complete_sequence_rewarded,True,True
Generalization,m100,m100_GenLight_400_2,1,3,36,1767272557.902,2.428,1,2,25,2.243,13.753,2.409,2.434,complete_sequence_rewarded,True,True,True,2.243,0.166,0.024,complete_sequence_rewarded,True,True
Generalization,m100,m100_GenLight_400_2,1,3,37,1767272602.651,2.273,1,1,17,2.138,14.827,2.255,2.279,complete_sequence_rewarded,True,True,True,2.138,0.117,0.024,complete_sequence_rewarded,True,True
Generalization,m100,m100_GenLight_400_2,1,3,38,1767272638.517,8.071,0,0,0,NaN,NaN,NaN,NaN,no_response,False,False,False,NaN,NaN,NaN,complete_sequence_rewarded,True,True
Generalization,m100,m100_GenLight_400_2,1,3,39,1767272676.675,8.078,0,5,16,NaN,15.783,NaN,NaN,offcue_poke_only,False,False,False,NaN,NaN,NaN,no_response,False,False
Generalization,m100,m100_GenLight_400_2,1,3,40,1767272741.63,1.22,1,2,15,1.125,16.728,1.206,NaN,cue_poke_lick_no_reward,True,True,False,1.125,0.081,NaN,offcue_poke_only,False,False
Generalization,m100,m100_GenLight_400_2,1,3,41,1767272790.786,0.749,1,4,25,0.48,15.581,0.721,0.755,complete_sequence_rewarded,True,True,True,0.48,0.24,0.034,cue_poke_lick_no_reward,False,True
Generalization,m100,m100_GenLight_400_2,1,3,42,1767272847.952,0.714,1,3,19,0.489,8.064,0.696,NaN,cue_poke_lick_no_reward,True,True,False,0.489,0.206,NaN,complete_sequence_rewarded,True,True
Generalization,m100,m100_GenLight_400_2,1,3,43,1767272889.611,0.368,1,1,15,0.187,10.703,0.347,0.375,complete_sequence_rewarded,True,True,True,0.187,0.16,0.028,cue_poke_lick_no_reward,False,True
Generalization,m100,m100_GenLight_400_2,1,3,44,1767272927.0,0.486,1,0,7,0.339,NaN,0.467,0.491,complete_sequence_rewarded,True,True,True,0.339,0.128,0.024,complete_sequence_rewarded,True,True
Generalization,m100,m100_GenLight_400_2,1,3,45,1767272961.479,8.084,0,0,0,NaN,NaN,NaN,NaN,no_response,False,False,False,NaN,NaN,NaN,complete_sequence_rewarded,True,True
Generalization,m100,m100_GenLight_400_2,1,3,46,1767273000.654,1.568,1,7,47,1.424,29.129,1.549,1.573,complete_sequence_rewarded,True,True,True,1.424,0.125,0.024,no_response,False,False
Generalization,m100,m100_GenLight_400_2,1,3,47,1767273086.651,1.859,1,10,59,1.707,18.177,1.836,1.863,complete_sequence_rewarded,True,True,True,1.707,0.13,0.027,complete_sequence_rewarded,True,True
Generalization,m100,m100_GenLight_400_2,1,3,48,1767273194.695,8.091,0,1,6,NaN,27.534,NaN,NaN,offcue_poke_only,False,False,False,NaN,NaN,NaN,complete_sequence_rewarded,True,True
Generalization,m100,m100_GenLight_400_2,1,3,49,1767273237.512,0.504,1,1,13,0.349,15.872,0.484,0.51,complete_sequence_rewarded,True,True,True,0.349,0.135,0.026,offcue_poke_only,False,False
Generalization,m100,m100_GenLight_400_2,1,3,50,1767273276.57,2.762,1,1,13,2.537,4.29,2.749,2.77,complete_sequence_rewarded,True,True,True,2.537,0.212,0.021,complete_sequence_rewarded,True,True
Generalization,m100,m100_GenLight_400_2,1,3,51,1767273314.274,5.661,2,3,17,5.383,14.491,5.647,5.666,complete_sequence_rewarded,True,True,True,5.383,0.263,0.019,complete_sequence_rewarded,True,True
Generalization,m100,m100_GenLight_400_2,1,3,52,1767273362.955,1.773,1,3,13,1.614,14.523,1.758,1.779,complete_sequence_rewarded,True,True,True,1.614,0.144,0.021,complete_sequence_rewarded,True,True
Generalization,m100,m100_GenLight_400_2,1,3,53,1767273402.427,1.224,1,2,29,1.094,18.535,1.21,1.23,complete_sequence_rewarded,True,True,True,1.094,0.117,0.02,complete_sequence_rewarded,True,True
Generalization,m100,m100_GenLight_400_2,1,3,54,1767273446.868,0.201,0,4,21,NaN,-0.003,NaN,0.208,offcue_poke_only,False,False,True,NaN,NaN,NaN,complete_sequence_rewarded,True,True
Generalization,m100,m100_GenLight_400_2,1,3,55,1767273496.178,0.688,1,12,51,0.485,17.174,0.668,0.692,complete_sequence_rewarded,True,True,True,0.485,0.183,0.024,offcue_poke_only,True,False
Generalization,m100,m100_GenLight_400_2,1,3,56,1767273612.237,1.149,1,2,15,0.967,19.912,1.131,1.155,complete_sequence_rewarded,True,True,True,0.967,0.164,0.024,complete_sequence_rewarded,True,True
Generalization,m100,m100_GenLight_400_2,1,3,57,1767273650.612,2.495,1,0,9,2.328,NaN,2.472,2.501,complete_sequence_rewarded,True,True,True,2.328,0.144,0.028,complete_sequence_rewarded,True,True
Generalization,m100,m100_GenLight_400_2,1,3,58,1767273684.095,2.39,1,6,25,2.188,15.285,2.372,2.396,complete_sequence_rewarded,True,True,True,2.188,0.184,0.024,complete_sequence_rewarded,True,True
Generalization,m100,m100_GenLight_400_2,1,3,59,1767273754.983,0.411,1,4,37,0.134,9.219,0.398,0.417,complete_sequence_rewarded,True,True,True,0.134,0.264,0.019,complete_sequence_rewarded,True,True
Generalization,m100,m100_GenLight_400_2,1,3,60,1767273810.589,0.711,1,5,39,0.54,14.196,0.692,0.716,complete_sequence_rewarded,True,True,True,0.54,0.151,0.024,complete_sequence_rewarded,True,True
Generalization,m100,m100_GenLight_400_2,1,3,61,1767273875.231,0.003,0,1,0,NaN,0.08,NaN,NaN,offcue_poke_only,False,False,False,NaN,NaN,NaN,complete_sequence_rewarded,True,True
Generalization,m100,m100_GenLight_400_2,2,4,1,1767602937.518,2.368,1,2,21,2.206,13.552,2.35,2.375,complete_sequence_rewarded,True,True,True,2.206,0.144,0.024,,,
Generalization,m100,m100_GenLight_400_2,2,4,2,1767602975.08,8.095,0,1,2,NaN,14.009,NaN,NaN,offcue_poke_only,False,False,False,NaN,NaN,NaN,complete_sequence_rewarded,True,True
Generalization,m100,m100_GenLight_400_2,2,4,3,1767603014.893,1.705,1,6,39,1.535,13.661,1.682,1.71,complete_sequence_rewarded,True,True,True,1.535,0.147,0.028,offcue_poke_only,False,False
Generalization,m100,m100_GenLight_400_2,2,4,4,1767603063.521,1.26,1,7,31,1.127,9.508,1.235,1.265,complete_sequence_rewarded,True,True,True,1.127,0.109,0.03,complete_sequence_rewarded,True,True
Generalization,m100,m100_GenLight_400_2,2,4,5,1767603125.786,0.538,1,6,25,0.357,11.819,0.513,0.545,complete_sequence_rewarded,True,True,True,0.357,0.157,0.032,complete_sequence_rewarded,True,True
Generalization,m100,m100_GenLight_400_2,2,4,6,1767603169.369,5.786,1,1,21,5.598,20.182,5.762,5.791,complete_sequence_rewarded,True,True,True,5.598,0.164,0.029,complete_sequence_rewarded,True,True
Generalization,m100,m100_GenLight_400_2,2,4,7,1767603213.902,8.048,0,3,14,NaN,11.346,NaN,NaN,offcue_poke_only,False,False,False,NaN,NaN,NaN,complete_sequence_rewarded,True,True
Generalization,m100,m100_GenLight_400_2,2,4,8,1767603262.374,1.981,1,2,17,1.741,12.056,1.952,1.987,complete_sequence_rewarded,True,True,True,1.741,0.211,0.035,offcue_poke_only,False,False
Generalization,m100,m100_GenLight_400_2,2,4,9,1767603305.788,1.726,1,15,83,1.528,8.656,1.71,1.733,complete_sequence_rewarded,True,True,True,1.528,0.183,0.023,complete_sequence_rewarded,True,True
Generalization,m100,m100_GenLight_400_2,2,4,10,1767603457.11,3.189,1,1,19,2.984,12.733,3.174,3.195,complete_sequence_rewarded,True,True,True,2.984,0.19,0.021,complete_sequence_rewarded,True,True
Generalization,m100,m100_GenLight_400_2,2,4,11,1767603494.407,8.078,0,2,6,NaN,22.833,NaN,NaN,offcue_poke_only,False,False,False,NaN,NaN,NaN,complete_sequence_rewarded,True,True
Generalization,m100,m100_GenLight_400_2,2,4,12,1767603542.184,5.451,1,2,29,5.236,23.252,5.437,5.456,complete_sequence_rewarded,True,True,True,5.236,0.201,0.019,offcue_poke_only,False,False
Generalization,m100,m100_GenLight_400_2,2,4,13,1767603591.639,1.689,1,2,21,1.477,15.203,1.667,1.694,complete_sequence_rewarded,True,True,True,1.477,0.191,0.026,complete_sequence_rewarded,True,True
Generalization,m100,m100_GenLight_400_2,2,4,14,1767603629.577,2.121,1,3,25,1.99,13.535,2.103,2.132,complete_sequence_rewarded,True,True,True,1.99,0.112,0.029,complete_sequence_rewarded,True,True
Generalization,m100,m100_GenLight_400_2,2,4,15,1767603681.33,2.129,1,1,13,1.871,10.06,2.113,2.141,complete_sequence_rewarded,True,True,True,1.871,0.241,0.028,complete_sequence_rewarded,True,True
Generalization,m100,m100_GenLight_400_2,2,4,16,1767603720.023,8.087,0,2,14,NaN,20.553,NaN,NaN,offcue_poke_only,False,False,False,NaN,NaN,NaN,complete_sequence_rewarded,True,True
Generalization,m100,m100_GenLight_400_2,2,4,17,1767603763.545,3.446,1,1,19,3.273,20.064,3.427,3.453,complete_sequence_rewarded,True,True,True,3.273,0.154,0.026,offcue_poke_only,False,False
Generalization,m100,m100_GenLight_400_2,2,4,18,1767603803.987,3.833,1,2,21,3.705,16.036,3.814,3.838,complete_sequence_rewarded,True,True,True,3.705,0.109,0.024,complete_sequence_rewarded,True,True
Generalization,m100,m100_GenLight_400_2,2,4,19,1767603848.072,1.417,1,12,39,1.283,14.68,1.401,1.424,complete_sequence_rewarded,True,True,True,1.283,0.119,0.023,complete_sequence_rewarded,True,True
Generalization,m100,m100_GenLight_400_2,2,4,20,1767603961.793,5.414,1,2,7,5.213,5.956,5.399,5.419,complete_sequence_rewarded,True,True,True,5.213,0.186,0.02,complete_sequence_rewarded,True,True
Generalization,m100,m100_GenLight_400_2,2,4,21,1767603999.728,0.484,1,3,25,0.32,11.219,0.471,0.49,complete_sequence_rewarded,True,True,True,0.32,0.151,0.019,complete_sequence_rewarded,True,True
Generalization,m100,m100_GenLight_400_2,2,4,22,1767604051.225,2.178,1,1,15,2.038,19.473,2.146,2.184,complete_sequence_rewarded,True,True,True,2.038,0.108,0.038,complete_sequence_rewarded,True,True
Generalization,m100,m100_GenLight_400_2,2,4,23,1767604088.119,1.869,1,2,23,1.737,12.639,1.851,1.875,complete_sequence_rewarded,True,True,True,1.737,0.114,0.024,complete_sequence_rewarded,True,True
Generalization,m100,m100_GenLight_400_2,2,4,24,1767604127.186,1.94,1,0,7,1.763,NaN,1.925,1.947,complete_sequence_rewarded,True,True,True,1.763,0.162,0.021,complete_sequence_rewarded,True,True
Generalization,m100,m100_GenLight_400_2,2,4,25,1767604159.116,8.059,0,2,8,NaN,20.031,NaN,NaN,offcue_poke_only,False,False,False,NaN,NaN,NaN,complete_sequence_rewarded,True,True
Generalization,m100,m100_GenLight_400_2,2,4,26,1767604200.695,0.66,1,5,31,0.439,5.271,0.645,0.665,complete_sequence_rewarded,True,True,True,0.439,0.207,0.019,offcue_poke_only,False,False
Generalization,m100,m100_GenLight_400_2,2,4,27,1767604271.567,0.878,1,2,17,0.71,1.964,0.864,0.884,complete_sequence_rewarded,True,True,True,0.71,0.154,0.02,complete_sequence_rewarded,True,True
Generalization,m100,m100_GenLight_400_2,2,4,28,1767604311.365,0.834,1,2,19,0.611,9.333,0.82,0.839,complete_sequence_rewarded,True,True,True,0.611,0.209,0.018,complete_sequence_rewarded,True,True
Generalization,m100,m100_GenLight_400_2,2,4,29,1767604349.149,4.782,1,0,7,4.64,NaN,4.768,4.788,complete_sequence_rewarded,True,True,True,4.64,0.128,0.02,complete_sequence_rewarded,True,True
Generalization,m100,m100_GenLight_400_2,2,4,30,1767604389.907,8.098,0,0,0,NaN,NaN,NaN,NaN,no_response,False,False,False,NaN,NaN,NaN,complete_sequence_rewarded,True,True
Generalization,m100,m100_GenLight_400_2,2,4,31,1767604425.128,7.842,1,1,25,7.672,25.238,7.827,7.847,complete_sequence_rewarded,True,True,True,7.672,0.155,0.02,no_response,False,False
Generalization,m100,m100_GenLight_400_2,2,4,32,1767604466.455,3.052,1,2,19,2.931,16.622,3.037,3.058,complete_sequence_rewarded,True,True,True,2.931,0.106,0.021,complete_sequence_rewarded,True,True
Generalization,m100,m100_GenLight_400_2,2,4,33,1767604514.998,0.53,1,1,7,0.273,9.883,0.512,0.536,complete_sequence_rewarded,True,True,True,0.273,0.239,0.023,complete_sequence_rewarded,True,True
Generalization,m100,m100_GenLight_400_2,2,4,34,1767604551.06,2.615,1,4,25,2.41,22.121,2.594,2.621,complete_sequence_rewarded,True,True,True,2.41,0.184,0.027,complete_sequence_rewarded,True,True
Generalization,m100,m100_GenLight_400_2,2,4,35,1767604620.303,6.962,1,2,29,6.726,10.133,6.944,6.967,complete_sequence_rewarded,True,True,True,6.726,0.218,0.023,complete_sequence_rewarded,True,True
Generalization,m100,m100_GenLight_400_2,2,4,36,1767604669.182,0.999,1,1,11,0.874,19.711,0.975,NaN,cue_poke_lick_no_reward,True,True,False,0.874,0.101,NaN,complete_sequence_rewarded,True,True
Generalization,m100,m100_GenLight_400_2,2,4,37,1767604709.741,0.547,1,1,11,0.424,31.885,0.528,0.553,complete_sequence_rewarded,True,True,True,0.424,0.104,0.025,cue_poke_lick_no_reward,False,True
Generalization,m100,m100_GenLight_400_2,2,4,38,1767604752.64,6.067,1,0,9,5.895,NaN,6.055,6.076,complete_sequence_rewarded,True,True,True,5.895,0.16,0.022,complete_sequence_rewarded,True,True
Generalization,m100,m100_GenLight_400_2,2,4,39,1767604798.662,5.356,1,0,5,5.129,NaN,5.338,5.362,complete_sequence_rewarded,True,True,True,5.129,0.209,0.024,complete_sequence_rewarded,True,True
Generalization,m100,m100_GenLight_400_2,2,4,40,1767604841.939,1.902,1,0,13,1.676,NaN,1.883,1.908,complete_sequence_rewarded,True,True,True,1.676,0.207,0.025,complete_sequence_rewarded,True,True
Generalization,m100,m100_GenLight_400_2,2,4,41,1767604873.736,0.732,1,2,11,0.441,1.569,0.715,0.739,complete_sequence_rewarded,True,True,True,0.441,0.274,0.024,complete_sequence_rewarded,True,True
Generalization,m100,m100_GenLight_400_2,2,4,42,1767604917.038,8.071,0,2,4,NaN,24.213,NaN,NaN,offcue_poke_only,False,False,False,NaN,NaN,NaN,complete_sequence_rewarded,True,True
Generalization,m100,m100_GenLight_400_2,2,4,43,1767604958.678,4.154,1,0,5,3.95,NaN,4.14,NaN,cue_poke_lick_no_reward,True,True,False,3.95,0.19,NaN,offcue_poke_only,False,False
Generalization,m100,m100_GenLight_400_2,2,4,44,1767605000.795,6.031,1,2,13,5.834,15.376,6.016,6.038,complete_sequence_rewarded,True,True,True,5.834,0.182,0.022,cue_poke_lick_no_reward,False,True
Generalization,m100,m100_GenLight_400_2,2,4,45,1767605047.264,1.359,1,0,7,1.119,NaN,1.346,1.364,complete_sequence_rewarded,True,True,True,1.119,0.227,0.018,complete_sequence_rewarded,True,True
Generalization,m100,m100_GenLight_400_2,2,4,46,1767605084.519,1.956,1,0,11,1.732,NaN,1.938,1.961,complete_sequence_rewarded,True,True,True,1.732,0.206,0.023,complete_sequence_rewarded,True,True
Generalization,m100,m100_GenLight_400_2,2,4,47,1767605122.404,5.332,1,3,15,5.125,35.557,5.313,5.338,complete_sequence_rewarded,True,True,True,5.125,0.188,0.024,complete_sequence_rewarded,True,True
Generalization,m100,m100_GenLight_400_2,2,4,48,1767605172.26,8.103,0,0,0,NaN,NaN,NaN,NaN,no_response,False,False,False,NaN,NaN,NaN,complete_sequence_rewarded,True,True
Generalization,m100,m100_GenLight_400_2,2,4,49,1767605211.436,8.063,0,0,0,NaN,NaN,NaN,NaN,no_response,False,False,False,NaN,NaN,NaN,no_response,False,False
Generalization,m100,m100_GenLight_400_2,2,4,50,1767605254.577,7.285,1,1,7,7.033,35.808,7.267,7.291,complete_sequence_rewarded,True,True,True,7.033,0.234,0.024,no_response,False,False
Generalization,m100,m100_GenLight_400_2,2,4,51,1767605305.317,0.78,1,0,9,0.506,NaN,0.761,0.785,complete_sequence_rewarded,True,True,True,0.506,0.255,0.024,complete_sequence_rewarded,True,True
Generalization,m100,m100_GenLight_400_2,2,4,52,1767605345.979,0.955,1,1,5,0.515,29.595,0.93,NaN,cue_poke_lick_no_reward,True,True,False,0.515,0.415,NaN,complete_sequence_rewarded,True,True
Generalization,m100,m100_GenLight_400_2,2,4,53,1767605385.83,8.066,0,1,6,NaN,8.317,NaN,NaN,offcue_poke_only,False,False,False,NaN,NaN,NaN,cue_poke_lick_no_reward,False,True
Generalization,m100,m100_GenLight_400_2,2,4,54,1767605430.342,1.946,1,0,7,1.784,NaN,1.927,1.951,complete_sequence_rewarded,True,True,True,1.784,0.143,0.024,offcue_poke_only,False,False
Generalization,m100,m100_GenLight_400_2,2,4,55,1767605467.298,8.099,0,0,0,NaN,NaN,NaN,NaN,no_response,False,False,False,NaN,NaN,NaN,complete_sequence_rewarded,True,True
Generalization,m100,m100_GenLight_400_2,2,4,56,1767605508.479,3.369,1,0,13,3.152,NaN,3.355,3.374,complete_sequence_rewarded,True,True,True,3.152,0.204,0.019,no_response,False,False
Generalization,m100,m100_GenLight_400_2,2,4,57,1767605547.81,1.349,1,1,7,1.21,20.904,1.336,1.354,complete_sequence_rewarded,True,True,True,1.21,0.126,0.019,complete_sequence_rewarded,True,True
Generalization,m100,m100_GenLight_400_2,2,4,58,1767605583.457,8.091,2,2,2,3.7,14.485,16.252,NaN,cue_poke_lick_no_reward,True,True,False,3.7,12.552,NaN,complete_sequence_rewarded,True,True
Generalization,m100,m100_GenLight_400_2,2,4,59,1767605628.596,0.744,1,2,17,0.519,1.384,0.725,0.749,complete_sequence_rewarded,True,True,True,0.519,0.207,0.024,cue_poke_lick_no_reward,False,True
Generalization,m100,m100_GenLight_400_2,2,4,60,1767605674.598,8.083,0,1,0,NaN,16.663,NaN,NaN,offcue_poke_only,False,False,False,NaN,NaN,NaN,complete_sequence_rewarded,True,True
Generalization,m100,m100_GenLight_400_2,2,4,61,1767605709.022,0.382,0,1,0,NaN,0.613,NaN,NaN,offcue_poke_only,False,False,False,NaN,NaN,NaN,offcue_poke_only,False,False
Generalization,m101,m101_GenLight_400,1,1,1,1766924320.769,8.044,0,0,0,NaN,NaN,NaN,NaN,no_response,False,False,False,NaN,NaN,NaN,,,
Generalization,m101,m101_GenLight_400,1,1,2,1766924353.928,6.77,1,3,31,6.277,28.776,6.744,6.775,complete_sequence_rewarded,True,True,True,6.277,0.467,0.03,no_response,False,False
Generalization,m101,m101_GenLight_400,1,1,3,1766924402.341,8.071,0,1,6,NaN,9.696,NaN,NaN,offcue_poke_only,False,False,False,NaN,NaN,NaN,complete_sequence_rewarded,True,True
Generalization,m101,m101_GenLight_400,1,1,4,1766924439.249,5.087,1,5,43,4.873,11.472,5.061,5.093,complete_sequence_rewarded,True,True,True,4.873,0.188,0.033,offcue_poke_only,False,False
Generalization,m101,m101_GenLight_400,1,1,5,1766924492.756,8.044,0,1,14,NaN,35.483,NaN,NaN,offcue_poke_only,False,False,False,NaN,NaN,NaN,complete_sequence_rewarded,True,True
Generalization,m101,m101_GenLight_400,1,1,6,1766924539.745,8.085,0,6,40,NaN,14.208,NaN,NaN,offcue_poke_only,False,False,False,NaN,NaN,NaN,offcue_poke_only,False,False
Generalization,m101,m101_GenLight_400,1,1,7,1766924602.234,8.096,0,0,0,NaN,NaN,NaN,NaN,no_response,False,False,False,NaN,NaN,NaN,offcue_poke_only,False,False
Generalization,m101,m101_GenLight_400,1,1,8,1766924638.457,5.749,1,3,27,5.416,20.45,5.736,5.755,complete_sequence_rewarded,True,True,True,5.416,0.32,0.019,no_response,False,False
Generalization,m101,m101_GenLight_400,1,1,9,1766924687.308,8.071,0,2,2,NaN,8.084,NaN,NaN,offcue_poke_only,False,False,False,NaN,NaN,NaN,complete_sequence_rewarded,True,True
Generalization,m101,m101_GenLight_400,1,1,10,1766924727.858,8.105,0,3,10,NaN,23.259,NaN,NaN,offcue_poke_only,False,False,False,NaN,NaN,NaN,offcue_poke_only,False,False
Generalization,m101,m101_GenLight_400,1,1,11,1766924782.447,8.058,0,1,12,NaN,8.613,NaN,NaN,offcue_poke_only,False,False,False,NaN,NaN,NaN,offcue_poke_only,False,False
Generalization,m101,m101_GenLight_400,1,1,12,1766924823.827,8.056,0,0,0,NaN,NaN,NaN,NaN,no_response,False,False,False,NaN,NaN,NaN,offcue_poke_only,False,False
Generalization,m101,m101_GenLight_400,1,1,13,1766924858.98,8.064,0,3,12,NaN,35.182,NaN,NaN,offcue_poke_only,False,False,False,NaN,NaN,NaN,no_response,False,False
Generalization,m101,m101_GenLight_400,1,1,14,1766924917.778,8.097,0,0,0,NaN,NaN,NaN,NaN,no_response,False,False,False,NaN,NaN,NaN,offcue_poke_only,False,False
Generalization,m101,m101_GenLight_400,1,1,15,1766924959.976,8.091,0,4,22,NaN,8.104,NaN,NaN,offcue_poke_only,False,False,False,NaN,NaN,NaN,no_response,False,False
Generalization,m101,m101_GenLight_400,1,1,16,1766925010.073,8.079,0,9,20,NaN,8.563,NaN,NaN,offcue_poke_only,False,False,False,NaN,NaN,NaN,offcue_poke_only,False,False
Generalization,m101,m101_GenLight_400,1,1,17,1766925097.521,8.098,0,1,4,NaN,29.98,NaN,NaN,offcue_poke_only,False,False,False,NaN,NaN,NaN,offcue_poke_only,False,False
Generalization,m101,m101_GenLight_400,1,1,18,1766925143.839,8.093,0,0,0,NaN,NaN,NaN,NaN,no_response,False,False,False,NaN,NaN,NaN,offcue_poke_only,False,False
Generalization,m101,m101_GenLight_400,1,1,19,1766925187.035,8.111,0,0,0,NaN,NaN,NaN,NaN,no_response,False,False,False,NaN,NaN,NaN,no_response,False,False
Generalization,m101,m101_GenLight_400,1,1,20,1766925227.234,8.093,0,0,0,NaN,NaN,NaN,NaN,no_response,False,False,False,NaN,NaN,NaN,no_response,False,False
Generalization,m101,m101_GenLight_400,1,1,21,1766925267.443,8.082,0,0,0,NaN,NaN,NaN,NaN,no_response,False,False,False,NaN,NaN,NaN,no_response,False,False
Generalization,m101,m101_GenLight_400,1,1,22,1766925304.633,8.093,0,0,0,NaN,NaN,NaN,NaN,no_response,False,False,False,NaN,NaN,NaN,no_response,False,False
Generalization,m101,m101_GenLight_400,1,1,23,1766925344.818,8.121,0,0,0,NaN,NaN,NaN,NaN,no_response,False,False,False,NaN,NaN,NaN,no_response,False,False
Generalization,m101,m101_GenLight_400,1,1,24,1766925379.989,8.071,0,0,0,NaN,NaN,NaN,NaN,no_response,False,False,False,NaN,NaN,NaN,no_response,False,False
Generalization,m101,m101_GenLight_400,1,1,25,1766925413.166,8.078,0,0,0,NaN,NaN,NaN,NaN,no_response,False,False,False,NaN,NaN,NaN,no_response,False,False
Generalization,m101,m101_GenLight_400,1,1,26,1766925456.326,8.031,0,0,0,NaN,NaN,NaN,NaN,no_response,False,False,False,NaN,NaN,NaN,no_response,False,False
Generalization,m101,m101_GenLight_400,1,1,27,1766925491.452,8.095,0,0,0,NaN,NaN,NaN,NaN,no_response,False,False,False,NaN,NaN,NaN,no_response,False,False
Generalization,m101,m101_GenLight_400,1,1,28,1766925531.628,8.065,0,0,0,NaN,NaN,NaN,NaN,no_response,False,False,False,NaN,NaN,NaN,no_response,False,False
Generalization,m101,m101_GenLight_400,1,1,29,1766925572.855,8.079,0,0,0,NaN,NaN,NaN,NaN,no_response,False,False,False,NaN,NaN,NaN,no_response,False,False
Generalization,m101,m101_GenLight_400,1,1,30,1766925607.07,8.087,0,0,0,NaN,NaN,NaN,NaN,no_response,False,False,False,NaN,NaN,NaN,no_response,False,False
Generalization,m101,m101_GenLight_400,1,1,31,1766925643.238,8.076,0,1,4,NaN,20.411,NaN,NaN,offcue_poke_only,False,False,False,NaN,NaN,NaN,no_response,False,False
Generalization,m101,m101_GenLight_400,1,1,32,1766925679.579,8.077,0,0,0,NaN,NaN,NaN,NaN,no_response,False,False,False,NaN,NaN,NaN,offcue_poke_only,False,False
Generalization,m101,m101_GenLight_400,1,1,33,1766925721.746,3.502,1,6,41,3.13,12.547,3.479,3.509,complete_sequence_rewarded,True,True,True,3.13,0.35,0.03,no_response,False,False
Generalization,m101,m101_GenLight_400,1,1,34,1766925795.25,4.457,2,1,17,3.106,12.835,4.418,4.463,complete_sequence_rewarded,True,True,True,3.106,1.311,0.045,complete_sequence_rewarded,True,True
Generalization,m101,m101_GenLight_400,1,1,35,1766925830.773,8.108,0,2,4,NaN,20.851,NaN,NaN,offcue_poke_only,False,False,False,NaN,NaN,NaN,complete_sequence_rewarded,True,True
Generalization,m101,m101_GenLight_400,1,1,36,1766925874.552,1.607,1,1,13,1.352,19.649,1.582,1.613,complete_sequence_rewarded,True,True,True,1.352,0.23,0.03,offcue_poke_only,False,False
Generalization,m101,m101_GenLight_400,1,1,37,1766925908.62,8.063,0,0,0,NaN,NaN,NaN,NaN,no_response,False,False,False,NaN,NaN,NaN,complete_sequence_rewarded,True,True
Generalization,m101,m101_GenLight_400,1,1,38,1766925948.772,8.071,0,1,10,NaN,31.095,NaN,NaN,offcue_poke_only,False,False,False,NaN,NaN,NaN,no_response,False,False
Generalization,m101,m101_GenLight_400,1,1,39,1766925990.954,0.759,1,8,45,0.53,17.812,0.736,0.765,complete_sequence_rewarded,True,True,True,0.53,0.206,0.029,offcue_poke_only,False,False
Generalization,m101,m101_GenLight_400,1,1,40,1766926059.414,2.873,1,1,15,2.427,22.112,2.84,2.88,complete_sequence_rewarded,True,True,True,2.427,0.413,0.04,complete_sequence_rewarded,True,True
Generalization,m101,m101_GenLight_400,1,1,41,1766926100.663,5.247,1,2,17,5.046,14.662,5.233,NaN,cue_poke_lick_no_reward,True,True,False,5.046,0.187,NaN,complete_sequence_rewarded,True,True
Generalization,m101,m101_GenLight_400,1,1,42,1766926155.894,8.106,0,1,2,NaN,19.762,NaN,NaN,offcue_poke_only,False,False,False,NaN,NaN,NaN,cue_poke_lick_no_reward,False,True
Generalization,m101,m101_GenLight_400,1,1,43,1766926195.231,8.06,0,0,0,NaN,NaN,NaN,NaN,no_response,False,False,False,NaN,NaN,NaN,offcue_poke_only,False,False
Generalization,m101,m101_GenLight_400,1,1,44,1766926230.35,8.088,0,0,0,NaN,NaN,NaN,NaN,no_response,False,False,False,NaN,NaN,NaN,no_response,False,False
Generalization,m101,m101_GenLight_400,1,1,45,1766926263.53,8.071,0,0,0,NaN,NaN,NaN,NaN,no_response,False,False,False,NaN,NaN,NaN,no_response,False,False
Generalization,m101,m101_GenLight_400,1,1,46,1766926303.693,0.882,1,2,19,0.651,17.477,0.863,0.887,complete_sequence_rewarded,True,True,True,0.651,0.212,0.024,no_response,False,False
Generalization,m101,m101_GenLight_400,1,1,47,1766926344.943,2.913,1,2,35,2.62,16.065,2.892,2.918,complete_sequence_rewarded,True,True,True,2.62,0.271,0.027,complete_sequence_rewarded,True,True
Generalization,m101,m101_GenLight_400,1,1,48,1766926395.165,4.98,1,0,13,4.734,NaN,4.971,4.986,complete_sequence_rewarded,True,True,True,4.734,0.236,0.015,complete_sequence_rewarded,True,True
Generalization,m101,m101_GenLight_400,1,1,49,1766926434.057,8.071,0,0,0,NaN,NaN,NaN,NaN,no_response,False,False,False,NaN,NaN,NaN,complete_sequence_rewarded,True,True
Generalization,m101,m101_GenLight_400,1,1,50,1766926468.214,8.056,0,1,10,NaN,8.782,NaN,NaN,offcue_poke_only,False,False,False,NaN,NaN,NaN,no_response,False,False
Generalization,m101,m101_GenLight_400,1,1,51,1766926503.359,8.071,0,1,12,NaN,36.825,NaN,NaN,offcue_poke_only,False,False,False,NaN,NaN,NaN,offcue_poke_only,False,False
Generalization,m101,m101_GenLight_400,1,1,52,1766926552.979,8.087,0,4,14,NaN,21.378,NaN,NaN,offcue_poke_only,False,False,False,NaN,NaN,NaN,offcue_poke_only,False,False
Generalization,m101,m101_GenLight_400,1,1,53,1766926605.175,8.044,0,0,0,NaN,NaN,NaN,NaN,no_response,False,False,False,NaN,NaN,NaN,offcue_poke_only,False,False
Generalization,m101,m101_GenLight_400,1,1,54,1766926647.297,8.11,0,2,0,NaN,37.377,NaN,NaN,offcue_poke_only,False,False,False,NaN,NaN,NaN,no_response,False,False
Generalization,m101,m101_GenLight_400,1,1,55,1766926705.952,8.102,0,7,36,NaN,28.346,NaN,NaN,offcue_poke_only,False,False,False,NaN,NaN,NaN,offcue_poke_only,False,False
Generalization,m101,m101_GenLight_400,1,1,56,1766926789.711,8.113,0,4,6,NaN,13.021,NaN,NaN,offcue_poke_only,False,False,False,NaN,NaN,NaN,offcue_poke_only,False,False
Generalization,m101,m101_GenLight_400,1,1,57,1766926830.206,8.103,1,2,12,7.509,19.083,19.38,NaN,cue_poke_lick_no_reward,True,True,False,7.509,11.87,NaN,offcue_poke_only,False,False
Generalization,m101,m101_GenLight_400,1,1,58,1766926877.294,2.933,2,8,35,2.123,6.257,2.919,2.94,complete_sequence_rewarded,True,True,True,2.123,0.796,0.021,cue_poke_lick_no_reward,False,True
Generalization,m101,m101_GenLight_400,1,1,59,1766926925.463,8.078,0,0,0,NaN,NaN,NaN,NaN,no_response,False,False,False,NaN,NaN,NaN,complete_sequence_rewarded,True,True
Generalization,m101,m101_GenLight_400,1,1,60,1766926965.607,8.052,0,0,0,NaN,NaN,NaN,NaN,no_response,False,False,False,NaN,NaN,NaN,no_response,False,False
Generalization,m101,m101_GenLight_400,1,1,61,1766927009.069,0.003,0,0,0,NaN,NaN,NaN,NaN,no_response,False,False,False,NaN,NaN,NaN,no_response,False,False
Generalization,m101,m101_GenLight_400,2,2,1,1767099224.619,3.859,1,3,25,3.453,6.03,3.845,3.865,complete_sequence_rewarded,True,True,True,3.453,0.392,0.02,,,
Generalization,m101,m101_GenLight_400,2,2,2,1767099263.749,6.824,1,7,31,6.48,7.077,6.802,6.829,complete_sequence_rewarded,True,True,True,6.48,0.322,0.028,complete_sequence_rewarded,True,True
Generalization,m101,m101_GenLight_400,2,2,3,1767099302.38,8.083,0,7,18,NaN,27.377,NaN,NaN,offcue_poke_only,False,False,False,NaN,NaN,NaN,complete_sequence_rewarded,True,True
Generalization,m101,m101_GenLight_400,2,2,4,1767099344.657,8.092,0,14,112,NaN,12.468,NaN,NaN,offcue_poke_only,False,False,False,NaN,NaN,NaN,offcue_poke_only,False,False
Generalization,m101,m101_GenLight_400,2,2,5,1767099435.521,8.075,0,0,0,NaN,NaN,NaN,NaN,no_response,False,False,False,NaN,NaN,NaN,offcue_poke_only,False,False
Generalization,m101,m101_GenLight_400,2,2,6,1767099469.685,8.068,0,8,20,NaN,9.584,NaN,NaN,offcue_poke_only,False,False,False,NaN,NaN,NaN,no_response,False,False
Generalization,m101,m101_GenLight_400,2,2,7,1767099521.502,8.087,0,3,12,NaN,19.424,NaN,NaN,offcue_poke_only,False,False,False,NaN,NaN,NaN,offcue_poke_only,False,False
Generalization,m101,m101_GenLight_400,2,2,8,1767099562.533,4.579,1,0,23,4.149,NaN,4.569,4.585,complete_sequence_rewarded,True,True,True,4.149,0.42,0.015,offcue_poke_only,False,False
Generalization,m101,m101_GenLight_400,2,2,9,1767099596.819,8.051,0,1,16,NaN,34.269,NaN,NaN,offcue_poke_only,False,False,False,NaN,NaN,NaN,complete_sequence_rewarded,True,True
Generalization,m101,m101_GenLight_400,2,2,10,1767099644.627,8.075,0,2,14,NaN,22.688,NaN,NaN,offcue_poke_only,False,False,False,NaN,NaN,NaN,offcue_poke_only,False,False
Generalization,m101,m101_GenLight_400,2,2,11,1767099688.179,5.246,1,13,95,5.055,8.157,5.226,5.25,complete_sequence_rewarded,True,True,True,5.055,0.171,0.024,offcue_poke_only,False,False
Generalization,m101,m101_GenLight_400,2,2,12,1767099787.512,8.093,0,7,46,NaN,15.656,NaN,NaN,offcue_poke_only,False,False,False,NaN,NaN,NaN,complete_sequence_rewarded,True,True
Generalization,m101,m101_GenLight_400,2,2,13,1767099859.066,8.072,0,5,22,NaN,9.342,NaN,NaN,offcue_poke_only,False,False,False,NaN,NaN,NaN,offcue_poke_only,False,False
Generalization,m101,m101_GenLight_400,2,2,14,1767099915.956,8.092,0,7,24,NaN,24.712,NaN,NaN,offcue_poke_only,False,False,False,NaN,NaN,NaN,offcue_poke_only,False,False
Generalization,m101,m101_GenLight_400,2,2,15,1767099980.621,8.08,0,1,6,NaN,10.921,NaN,NaN,offcue_poke_only,False,False,False,NaN,NaN,NaN,offcue_poke_only,False,False
Generalization,m101,m101_GenLight_400,2,2,16,1767100023.988,8.098,0,4,14,NaN,21.003,NaN,NaN,offcue_poke_only,False,False,False,NaN,NaN,NaN,offcue_poke_only,False,False
Generalization,m101,m101_GenLight_400,2,2,17,1767100075.459,8.082,0,2,4,NaN,14.446,NaN,NaN,offcue_poke_only,False,False,False,NaN,NaN,NaN,offcue_poke_only,False,False
Generalization,m101,m101_GenLight_400,2,2,18,1767100116.703,8.079,0,0,0,NaN,NaN,NaN,NaN,no_response,False,False,False,NaN,NaN,NaN,offcue_poke_only,False,False
Generalization,m101,m101_GenLight_400,2,2,19,1767100158.848,8.097,0,1,2,NaN,17.116,NaN,NaN,offcue_poke_only,False,False,False,NaN,NaN,NaN,no_response,False,False
Generalization,m101,m101_GenLight_400,2,2,20,1767100195.509,3.59,1,24,67,3.217,16.27,3.57,3.596,complete_sequence_rewarded,True,True,True,3.217,0.353,0.026,offcue_poke_only,False,False
Generalization,m101,m101_GenLight_400,2,2,21,1767100277.014,1.06,1,4,31,0.844,4.26,1.047,1.068,complete_sequence_rewarded,True,True,True,0.844,0.203,0.021,complete_sequence_rewarded,True,True
Generalization,m101,m101_GenLight_400,2,2,22,1767100332.936,8.097,0,3,22,NaN,8.309,NaN,NaN,offcue_poke_only,False,False,False,NaN,NaN,NaN,complete_sequence_rewarded,True,True
Generalization,m101,m101_GenLight_400,2,2,23,1767100377.565,4.145,2,11,51,3.248,8.518,4.126,4.152,complete_sequence_rewarded,True,True,True,3.248,0.878,0.026,offcue_poke_only,False,False
Generalization,m101,m101_GenLight_400,2,2,24,1767100447.738,5.562,1,8,51,5.339,15.108,5.538,5.569,complete_sequence_rewarded,True,True,True,5.339,0.198,0.031,complete_sequence_rewarded,True,True
Generalization,m101,m101_GenLight_400,2,2,25,1767100500.882,8.061,0,0,0,NaN,NaN,NaN,NaN,no_response,False,False,False,NaN,NaN,NaN,complete_sequence_rewarded,True,True
Generalization,m101,m101_GenLight_400,2,2,26,1767100537.0,8.091,0,0,0,NaN,NaN,NaN,NaN,no_response,False,False,False,NaN,NaN,NaN,no_response,False,False
Generalization,m101,m101_GenLight_400,2,2,27,1767100574.179,8.082,0,8,18,NaN,16.507,NaN,NaN,offcue_poke_only,False,False,False,NaN,NaN,NaN,no_response,False,False
Generalization,m101,m101_GenLight_400,2,2,28,1767100635.864,4.456,4,0,3,1.534,NaN,4.434,NaN,cue_poke_lick_no_reward,True,True,False,1.534,2.9,NaN,offcue_poke_only,False,False
Generalization,m101,m101_GenLight_400,2,2,29,1767100674.553,3.08,1,4,31,2.838,5.752,3.066,3.085,complete_sequence_rewarded,True,True,True,2.838,0.227,0.019,cue_poke_lick_no_reward,False,True
Generalization,m101,m101_GenLight_400,2,2,30,1767100729.866,1.027,1,3,25,0.678,20.627,1.008,NaN,cue_poke_lick_no_reward,True,True,False,0.678,0.33,NaN,complete_sequence_rewarded,True,True
Generalization,m101,m101_GenLight_400,2,2,31,1767100772.231,0.797,1,1,11,0.512,15.854,0.785,NaN,cue_poke_lick_no_reward,True,True,False,0.512,0.272,NaN,cue_poke_lick_no_reward,False,True
Generalization,m101,m101_GenLight_400,2,2,32,1767100805.126,8.083,0,0,0,NaN,NaN,NaN,NaN,no_response,False,False,False,NaN,NaN,NaN,cue_poke_lick_no_reward,False,True
Generalization,m101,m101_GenLight_400,2,2,33,1767100844.323,8.078,0,0,0,NaN,NaN,NaN,NaN,no_response,False,False,False,NaN,NaN,NaN,no_response,False,False
Generalization,m101,m101_GenLight_400,2,2,34,1767100882.485,8.078,0,0,0,NaN,NaN,NaN,NaN,no_response,False,False,False,NaN,NaN,NaN,no_response,False,False
Generalization,m101,m101_GenLight_400,2,2,35,1767100916.654,7.926,1,7,63,6.839,9.559,7.891,7.934,complete_sequence_rewarded,True,True,True,6.839,1.052,0.042,no_response,False,False
Generalization,m101,m101_GenLight_400,2,2,36,1767100985.367,8.087,0,1,6,NaN,28.739,NaN,NaN,offcue_poke_only,False,False,False,NaN,NaN,NaN,complete_sequence_rewarded,True,True
Generalization,m101,m101_GenLight_400,2,2,37,1767101027.057,3.711,1,1,9,0.999,15.419,3.688,NaN,cue_poke_lick_no_reward,True,True,False,0.999,2.689,NaN,offcue_poke_only,False,False
Generalization,m101,m101_GenLight_400,2,2,38,1767101068.142,3.814,1,5,39,3.649,6.469,3.795,3.82,complete_sequence_rewarded,True,True,True,3.649,0.145,0.025,cue_poke_lick_no_reward,False,True
Generalization,m101,m101_GenLight_400,2,2,39,1767101124.429,8.063,0,11,58,NaN,9.212,NaN,NaN,offcue_poke_only,False,False,False,NaN,NaN,NaN,complete_sequence_rewarded,True,True
Generalization,m101,m101_GenLight_400,2,2,40,1767101225.446,0.756,1,3,29,0.596,4.85,0.742,0.761,complete_sequence_rewarded,True,True,True,0.596,0.146,0.019,offcue_poke_only,False,False
Generalization,m101,m101_GenLight_400,2,2,41,1767101271.256,8.08,0,1,2,NaN,14.499,NaN,NaN,offcue_poke_only,False,False,False,NaN,NaN,NaN,complete_sequence_rewarded,True,True
Generalization,m101,m101_GenLight_400,2,2,42,1767101314.973,8.086,0,7,14,NaN,14.497,NaN,NaN,offcue_poke_only,False,False,False,NaN,NaN,NaN,offcue_poke_only,False,False
Generalization,m101,m101_GenLight_400,2,2,43,1767101371.789,0.72,1,6,35,0.381,3.413,0.705,0.725,complete_sequence_rewarded,True,True,True,0.381,0.325,0.02,offcue_poke_only,False,False
Generalization,m101,m101_GenLight_400,2,2,44,1767101422.024,8.054,0,0,0,NaN,NaN,NaN,NaN,no_response,False,False,False,NaN,NaN,NaN,complete_sequence_rewarded,True,True
Generalization,m101,m101_GenLight_400,2,2,45,1767101463.152,8.093,0,0,0,NaN,NaN,NaN,NaN,no_response,False,False,False,NaN,NaN,NaN,no_response,False,False
Generalization,m101,m101_GenLight_400,2,2,46,1767101502.328,8.067,4,1,4,0.55,30.458,6.285,NaN,cue_poke_lick_no_reward,True,True,False,0.55,5.735,NaN,no_response,False,False
Generalization,m101,m101_GenLight_400,2,2,47,1767101543.674,6.864,1,3,23,6.635,9.737,6.845,6.869,complete_sequence_rewarded,True,True,True,6.635,0.209,0.025,cue_poke_lick_no_reward,False,True
Generalization,m101,m101_GenLight_400,2,2,48,1767101582.971,4.882,1,4,27,4.826,6.007,4.869,4.888,complete_sequence_rewarded,True,True,True,4.826,0.043,0.018,complete_sequence_rewarded,True,True
Generalization,m101,m101_GenLight_400,2,2,49,1767101639.592,8.046,0,4,14,NaN,20.277,NaN,NaN,offcue_poke_only,False,False,False,NaN,NaN,NaN,complete_sequence_rewarded,True,True
Generalization,m101,m101_GenLight_400,2,2,50,1767101690.754,2.17,1,2,31,1.93,17.446,2.151,2.176,complete_sequence_rewarded,True,True,True,1.93,0.222,0.025,offcue_poke_only,False,False
Generalization,m101,m101_GenLight_400,2,2,51,1767101729.294,7.821,1,5,37,7.637,10.582,7.793,7.827,complete_sequence_rewarded,True,True,True,7.637,0.155,0.034,complete_sequence_rewarded,True,True
Generalization,m101,m101_GenLight_400,2,2,52,1767101783.374,0.61,2,9,29,0.142,1.035,0.592,0.616,complete_sequence_rewarded,True,True,True,0.142,0.449,0.025,complete_sequence_rewarded,True,True
Generalization,m101,m101_GenLight_400,2,2,53,1767101852.336,1.375,3,2,25,0.753,9.423,1.363,1.383,complete_sequence_rewarded,True,True,True,0.753,0.61,0.02,complete_sequence_rewarded,True,True
Generalization,m101,m101_GenLight_400,2,2,54,1767101892.828,2.563,1,7,33,2.328,4.657,2.549,2.569,complete_sequence_rewarded,True,True,True,2.328,0.221,0.02,complete_sequence_rewarded,True,True
Generalization,m101,m101_GenLight_400,2,2,55,1767101952.788,8.11,0,1,2,NaN,20.21,NaN,NaN,offcue_poke_only,False,False,False,NaN,NaN,NaN,complete_sequence_rewarded,True,True
Generalization,m101,m101_GenLight_400,2,2,56,1767101992.324,7.611,1,0,13,7.19,NaN,7.592,7.616,complete_sequence_rewarded,True,True,True,7.19,0.402,0.024,offcue_poke_only,False,False
Generalization,m101,m101_GenLight_400,2,2,57,1767102032.671,0.709,1,2,17,0.023,17.896,0.689,0.715,complete_sequence_rewarded,True,True,True,0.023,0.666,0.025,complete_sequence_rewarded,True,True
Generalization,m101,m101_GenLight_400,2,2,58,1767102071.927,1.139,1,4,23,0.97,14.782,1.12,1.144,complete_sequence_rewarded,True,True,True,0.97,0.15,0.025,complete_sequence_rewarded,True,True
Generalization,m101,m101_GenLight_400,2,2,59,1767102117.864,8.087,0,0,0,NaN,NaN,NaN,NaN,no_response,False,False,False,NaN,NaN,NaN,complete_sequence_rewarded,True,True
Generalization,m101,m101_GenLight_400,2,2,60,1767102159.345,0.003,0,0,0,NaN,NaN,NaN,NaN,no_response,False,False,False,NaN,NaN,NaN,no_response,False,False
Generalization,m101,m101_GenLight_400_2,1,3,1,1767274434.798,8.113,4,8,20,4.488,9.267,14.058,NaN,cue_poke_lick_no_reward,True,True,False,4.488,9.57,NaN,,,
Generalization,m101,m101_GenLight_400_2,1,3,2,1767274486.136,7.749,1,4,43,7.503,13.216,7.726,7.757,complete_sequence_rewarded,True,True,True,7.503,0.224,0.031,cue_poke_lick_no_reward,False,True
Generalization,m101,m101_GenLight_400_2,1,3,3,1767274530.394,1.042,1,6,45,0.807,2.929,1.023,1.047,complete_sequence_rewarded,True,True,True,0.807,0.216,0.023,complete_sequence_rewarded,True,True
Generalization,m101,m101_GenLight_400_2,1,3,4,1767274574.432,4.128,3,4,15,1.647,6.948,4.1,4.134,complete_sequence_rewarded,True,True,True,1.647,2.453,0.034,complete_sequence_rewarded,True,True
Generalization,m101,m101_GenLight_400_2,1,3,5,1767274615.665,3.728,1,7,47,3.481,6.3,3.708,3.733,complete_sequence_rewarded,True,True,True,3.481,0.227,0.025,complete_sequence_rewarded,True,True
Generalization,m101,m101_GenLight_400_2,1,3,6,1767274673.425,8.08,0,2,8,NaN,33.623,NaN,NaN,offcue_poke_only,False,False,False,NaN,NaN,NaN,complete_sequence_rewarded,True,True
Generalization,m101,m101_GenLight_400_2,1,3,7,1767274723.614,8.107,0,3,20,NaN,22.197,NaN,NaN,offcue_poke_only,False,False,False,NaN,NaN,NaN,offcue_poke_only,False,False
Generalization,m101,m101_GenLight_400_2,1,3,8,1767274764.715,1.14,1,8,69,0.931,5.832,1.123,1.146,complete_sequence_rewarded,True,True,True,0.931,0.191,0.024,offcue_poke_only,False,False
Generalization,m101,m101_GenLight_400_2,1,3,9,1767274823.732,8.091,0,0,0,NaN,NaN,NaN,NaN,no_response,False,False,False,NaN,NaN,NaN,complete_sequence_rewarded,True,True
Generalization,m101,m101_GenLight_400_2,1,3,10,1767274862.949,8.066,0,0,0,NaN,NaN,NaN,NaN,no_response,False,False,False,NaN,NaN,NaN,no_response,False,False
Generalization,m101,m101_GenLight_400_2,1,3,11,1767274897.141,8.087,0,2,14,NaN,26.895,NaN,NaN,offcue_poke_only,False,False,False,NaN,NaN,NaN,no_response,False,False
Generalization,m101,m101_GenLight_400_2,1,3,12,1767274940.745,8.098,0,7,62,NaN,24.117,NaN,NaN,offcue_poke_only,False,False,False,NaN,NaN,NaN,offcue_poke_only,False,False
Generalization,m101,m101_GenLight_400_2,1,3,13,1767275014.47,1.112,1,5,85,0.728,13.329,1.09,1.12,complete_sequence_rewarded,True,True,True,0.728,0.362,0.03,offcue_poke_only,False,False
Generalization,m101,m101_GenLight_400_2,1,3,14,1767275085.748,0.889,1,12,103,0.669,14.736,0.864,0.895,complete_sequence_rewarded,True,True,True,0.669,0.195,0.031,complete_sequence_rewarded,True,True
Generalization,m101,m101_GenLight_400_2,1,3,15,1767275168.181,0.923,1,3,39,0.668,5.923,0.901,0.93,complete_sequence_rewarded,True,True,True,0.668,0.233,0.03,complete_sequence_rewarded,True,True
Generalization,m101,m101_GenLight_400_2,1,3,16,1767275211.21,8.068,0,1,4,NaN,17.656,NaN,NaN,offcue_poke_only,False,False,False,NaN,NaN,NaN,complete_sequence_rewarded,True,True
Generalization,m101,m101_GenLight_400_2,1,3,17,1767275253.349,1.324,1,4,63,1.009,7.876,1.296,1.33,complete_sequence_rewarded,True,True,True,1.009,0.287,0.034,offcue_poke_only,False,False
Generalization,m101,m101_GenLight_400_2,1,3,18,1767275313.83,2.199,1,9,63,1.855,12.401,2.176,2.205,complete_sequence_rewarded,True,True,True,1.855,0.321,0.029,complete_sequence_rewarded,True,True
Generalization,m101,m101_GenLight_400_2,1,3,19,1767275375.508,0.949,1,5,47,0.698,9.591,0.93,0.955,complete_sequence_rewarded,True,True,True,0.698,0.232,0.025,complete_sequence_rewarded,True,True
Generalization,m101,m101_GenLight_400_2,1,3,20,1767275429.853,7.309,1,1,19,7.054,8.937,7.292,7.315,complete_sequence_rewarded,True,True,True,7.054,0.237,0.023,complete_sequence_rewarded,True,True
Generalization,m101,m101_GenLight_400_2,1,3,21,1767275471.071,8.101,0,0,0,NaN,NaN,NaN,NaN,no_response,False,False,False,NaN,NaN,NaN,complete_sequence_rewarded,True,True
Generalization,m101,m101_GenLight_400_2,1,3,22,1767275512.212,8.091,0,0,0,NaN,NaN,NaN,NaN,no_response,False,False,False,NaN,NaN,NaN,no_response,False,False
Generalization,m101,m101_GenLight_400_2,1,3,23,1767275554.414,4.788,1,2,19,4.497,13.622,4.762,NaN,cue_poke_lick_no_reward,True,True,False,4.497,0.265,NaN,no_response,False,False
Generalization,m101,m101_GenLight_400_2,1,3,24,1767275593.284,5.977,1,6,43,5.78,8.767,5.955,5.983,complete_sequence_rewarded,True,True,True,5.78,0.175,0.028,cue_poke_lick_no_reward,False,True
Generalization,m101,m101_GenLight_400_2,1,3,25,1767275656.07,8.091,0,4,16,NaN,10.069,NaN,NaN,offcue_poke_only,False,False,False,NaN,NaN,NaN,complete_sequence_rewarded,True,True
Generalization,m101,m101_GenLight_400_2,1,3,26,1767275699.152,0.841,1,1,21,0.609,19.644,0.822,0.846,complete_sequence_rewarded,True,True,True,0.609,0.213,0.024,offcue_poke_only,False,False
Generalization,m101,m101_GenLight_400_2,1,3,27,1767275730.581,1.121,1,5,35,0.939,8.555,1.102,1.126,complete_sequence_rewarded,True,True,True,0.939,0.163,0.024,complete_sequence_rewarded,True,True
Generalization,m101,m101_GenLight_400_2,1,3,28,1767275779.815,8.076,0,0,0,NaN,NaN,NaN,NaN,no_response,False,False,False,NaN,NaN,NaN,complete_sequence_rewarded,True,True
Generalization,m101,m101_GenLight_400_2,1,3,29,1767275821.994,8.07,0,2,6,NaN,42.21,NaN,NaN,offcue_poke_only,False,False,False,NaN,NaN,NaN,no_response,False,False
Generalization,m101,m101_GenLight_400_2,1,3,30,1767275885.613,5.453,1,6,27,5.303,7.298,5.434,5.462,complete_sequence_rewarded,True,True,True,5.303,0.132,0.028,offcue_poke_only,False,False
Generalization,m101,m101_GenLight_400_2,1,3,31,1767275943.552,0.412,1,3,31,0.226,7.371,0.393,0.418,complete_sequence_rewarded,True,True,True,0.226,0.167,0.025,complete_sequence_rewarded,True,True
Generalization,m101,m101_GenLight_400_2,1,3,32,1767275993.044,0.893,1,3,55,0.28,19.471,0.875,0.898,complete_sequence_rewarded,True,True,True,0.28,0.595,0.023,complete_sequence_rewarded,True,True
Generalization,m101,m101_GenLight_400_2,1,3,33,1767276053.751,8.078,0,2,20,NaN,13.046,NaN,NaN,offcue_poke_only,False,False,False,NaN,NaN,NaN,complete_sequence_rewarded,True,True
Generalization,m101,m101_GenLight_400_2,1,3,34,1767276098.486,8.065,0,3,8,NaN,11.025,NaN,NaN,offcue_poke_only,False,False,False,NaN,NaN,NaN,offcue_poke_only,False,False
Generalization,m101,m101_GenLight_400_2,1,3,35,1767276145.985,0.825,1,2,19,0.498,6.622,0.805,0.83,complete_sequence_rewarded,True,True,True,0.498,0.307,0.024,offcue_poke_only,False,False
Generalization,m101,m101_GenLight_400_2,1,3,36,1767276187.441,4.63,1,4,49,4.233,11.066,4.611,4.635,complete_sequence_rewarded,True,True,True,4.233,0.378,0.024,complete_sequence_rewarded,True,True
Generalization,m101,m101_GenLight_400_2,1,3,37,1767276242.971,0.636,1,3,19,0.429,3.917,0.607,0.643,complete_sequence_rewarded,True,True,True,0.429,0.177,0.036,complete_sequence_rewarded,True,True
Generalization,m101,m101_GenLight_400_2,1,3,38,1767276286.387,1.51,1,4,23,1.249,12.805,1.492,NaN,cue_poke_lick_no_reward,True,True,False,1.249,0.242,NaN,complete_sequence_rewarded,True,True
Generalization,m101,m101_GenLight_400_2,1,3,39,1767276336.173,1.161,1,6,49,0.952,14.922,1.139,1.167,complete_sequence_rewarded,True,True,True,0.952,0.187,0.028,cue_poke_lick_no_reward,False,True
Generalization,m101,m101_GenLight_400_2,1,3,40,1767276406.826,1.669,1,2,25,1.465,5.054,1.654,1.673,complete_sequence_rewarded,True,True,True,1.465,0.189,0.02,complete_sequence_rewarded,True,True
Generalization,m101,m101_GenLight_400_2,1,3,41,1767276446.356,2.616,1,3,29,2.326,10.112,2.595,2.626,complete_sequence_rewarded,True,True,True,2.326,0.269,0.031,complete_sequence_rewarded,True,True
Generalization,m101,m101_GenLight_400_2,1,3,42,1767276496.669,1.319,1,3,17,0.779,6.315,1.307,1.325,complete_sequence_rewarded,True,True,True,0.779,0.528,0.018,complete_sequence_rewarded,True,True
Generalization,m101,m101_GenLight_400_2,1,3,43,1767276542.693,8.065,0,0,0,NaN,NaN,NaN,NaN,no_response,False,False,False,NaN,NaN,NaN,complete_sequence_rewarded,True,True
Generalization,m101,m101_GenLight_400_2,1,3,44,1767276582.844,8.101,0,0,0,NaN,NaN,NaN,NaN,no_response,False,False,False,NaN,NaN,NaN,no_response,False,False
Generalization,m101,m101_GenLight_400_2,1,3,45,1767276626.031,8.093,0,0,0,NaN,NaN,NaN,NaN,no_response,False,False,False,NaN,NaN,NaN,no_response,False,False
Generalization,m101,m101_GenLight_400_2,1,3,46,1767276665.177,8.001,1,1,21,7.595,37.972,7.986,8.007,complete_sequence_rewarded,True,True,True,7.595,0.392,0.021,no_response,False,False
Generalization,m101,m101_GenLight_400_2,1,3,47,1767276716.781,3.024,1,3,25,2.552,11.471,3.006,3.029,complete_sequence_rewarded,True,True,True,2.552,0.454,0.023,complete_sequence_rewarded,True,True
Generalization,m101,m101_GenLight_400_2,1,3,48,1767276772.124,2.358,1,3,21,2.037,12.538,2.345,NaN,cue_poke_lick_no_reward,True,True,False,2.037,0.309,NaN,complete_sequence_rewarded,True,True
Generalization,m101,m101_GenLight_400_2,1,3,49,1767276822.953,1.214,1,3,35,1.044,5.08,1.195,1.219,complete_sequence_rewarded,True,True,True,1.044,0.15,0.025,cue_poke_lick_no_reward,False,True
Generalization,m101,m101_GenLight_400_2,1,3,50,1767276873.29,1.045,1,6,37,0.876,13.189,1.014,1.053,complete_sequence_rewarded,True,True,True,0.876,0.139,0.038,complete_sequence_rewarded,True,True
Generalization,m101,m101_GenLight_400_2,1,3,51,1767276936.051,0.666,1,4,35,0.447,7.36,0.648,0.672,complete_sequence_rewarded,True,True,True,0.447,0.201,0.023,complete_sequence_rewarded,True,True
Generalization,m101,m101_GenLight_400_2,1,3,52,1767276981.821,0.817,1,11,33,0.631,1.353,0.792,0.823,complete_sequence_rewarded,True,True,True,0.631,0.161,0.031,complete_sequence_rewarded,True,True
Generalization,m101,m101_GenLight_400_2,1,3,53,1767277056.025,4.224,1,5,13,4.014,16.707,4.206,4.229,complete_sequence_rewarded,True,True,True,4.014,0.192,0.023,complete_sequence_rewarded,True,True
Generalization,m101,m101_GenLight_400_2,1,3,54,1767277099.836,0.466,1,3,15,0.282,3.61,0.452,0.472,complete_sequence_rewarded,True,True,True,0.282,0.171,0.019,complete_sequence_rewarded,True,True
Generalization,m101,m101_GenLight_400_2,1,3,55,1767277135.498,8.076,0,4,20,NaN,8.609,NaN,NaN,offcue_poke_only,False,False,False,NaN,NaN,NaN,complete_sequence_rewarded,True,True
Generalization,m101,m101_GenLight_400_2,1,3,56,1767277190.78,1.846,1,7,33,1.641,13.226,1.831,1.854,complete_sequence_rewarded,True,True,True,1.641,0.191,0.022,offcue_poke_only,False,False
Generalization,m101,m101_GenLight_400_2,1,3,57,1767277260.459,1.076,1,2,21,0.878,9.071,1.05,1.082,complete_sequence_rewarded,True,True,True,0.878,0.172,0.032,complete_sequence_rewarded,True,True
Generalization,m101,m101_GenLight_400_2,1,3,58,1767277304.175,5.889,1,0,5,5.719,NaN,5.875,5.895,complete_sequence_rewarded,True,True,True,5.719,0.157,0.019,complete_sequence_rewarded,True,True
Generalization,m101,m101_GenLight_400_2,1,3,59,1767277346.065,8.088,0,0,0,NaN,NaN,NaN,NaN,no_response,False,False,False,NaN,NaN,NaN,complete_sequence_rewarded,True,True
Generalization,m101,m101_GenLight_400_2,1,3,60,1767277387.233,1.125,1,3,3,0.31,3.807,1.101,1.129,complete_sequence_rewarded,True,True,True,0.31,0.791,0.028,no_response,False,False
Generalization,m101,m101_GenLight_400_2,1,3,61,1767277424.978,0.002,0,0,0,NaN,NaN,NaN,NaN,no_response,False,False,False,NaN,NaN,NaN,complete_sequence_rewarded,True,True
Generalization,m101,m101_GenLight_400_2,2,4,1,1767606306.016,8.062,0,7,52,NaN,10.817,NaN,NaN,offcue_poke_only,False,False,False,NaN,NaN,NaN,,,
Generalization,m101,m101_GenLight_400_2,2,4,2,1767606371.448,6.431,1,7,47,6.274,24.08,6.411,6.437,complete_sequence_rewarded,True,True,True,6.274,0.136,0.026,offcue_poke_only,False,False
Generalization,m101,m101_GenLight_400_2,2,4,3,1767606434.42,8.045,0,1,8,NaN,31.227,NaN,NaN,offcue_poke_only,False,False,False,NaN,NaN,NaN,complete_sequence_rewarded,True,True
Generalization,m101,m101_GenLight_400_2,2,4,4,1767606476.624,0.781,1,3,29,0.628,4.624,0.762,0.786,complete_sequence_rewarded,True,True,True,0.628,0.134,0.025,offcue_poke_only,False,False
Generalization,m101,m101_GenLight_400_2,2,4,5,1767606520.569,8.086,0,0,0,NaN,NaN,NaN,NaN,no_response,False,False,False,NaN,NaN,NaN,complete_sequence_rewarded,True,True
Generalization,m101,m101_GenLight_400_2,2,4,6,1767606553.768,5.477,1,5,37,5.272,7.353,5.458,5.483,complete_sequence_rewarded,True,True,True,5.272,0.186,0.025,no_response,False,False
Generalization,m101,m101_GenLight_400_2,2,4,7,1767606615.216,6.828,1,17,63,6.642,7.333,6.806,6.835,complete_sequence_rewarded,True,True,True,6.642,0.164,0.029,complete_sequence_rewarded,True,True
Generalization,m101,m101_GenLight_400_2,2,4,8,1767606689.287,1.7,1,11,41,1.516,3.513,1.686,1.707,complete_sequence_rewarded,True,True,True,1.516,0.17,0.021,complete_sequence_rewarded,True,True
Generalization,m101,m101_GenLight_400_2,2,4,9,1767606736.725,0.485,1,2,31,0.361,1.539,0.462,0.491,complete_sequence_rewarded,True,True,True,0.361,0.101,0.029,complete_sequence_rewarded,True,True
Generalization,m101,m101_GenLight_400_2,2,4,10,1767606770.3,5.839,1,2,23,5.662,10.104,5.814,5.845,complete_sequence_rewarded,True,True,True,5.662,0.152,0.03,complete_sequence_rewarded,True,True
Generalization,m101,m101_GenLight_400_2,2,4,11,1767606809.45,8.071,0,0,0,NaN,NaN,NaN,NaN,no_response,False,False,False,NaN,NaN,NaN,complete_sequence_rewarded,True,True
Generalization,m101,m101_GenLight_400_2,2,4,12,1767606843.55,8.072,0,35,86,NaN,14.943,NaN,NaN,offcue_poke_only,False,False,False,NaN,NaN,NaN,no_response,False,False
Generalization,m101,m101_GenLight_400_2,2,4,13,1767607044.242,6.252,4,2,19,2.528,7.979,6.243,6.256,complete_sequence_rewarded,True,True,True,2.528,3.715,0.014,offcue_poke_only,False,False
Generalization,m101,m101_GenLight_400_2,2,4,14,1767607079.983,8.09,0,0,0,NaN,NaN,NaN,NaN,no_response,False,False,False,NaN,NaN,NaN,complete_sequence_rewarded,True,True
Generalization,m101,m101_GenLight_400_2,2,4,15,1767607116.143,8.1,0,0,0,NaN,NaN,NaN,NaN,no_response,False,False,False,NaN,NaN,NaN,no_response,False,False
Generalization,m101,m101_GenLight_400_2,2,4,16,1767607154.339,8.082,0,3,16,NaN,30.846,NaN,NaN,offcue_poke_only,False,False,False,NaN,NaN,NaN,no_response,False,False
Generalization,m101,m101_GenLight_400_2,2,4,17,1767607207.087,8.077,0,0,0,NaN,NaN,NaN,NaN,no_response,False,False,False,NaN,NaN,NaN,offcue_poke_only,False,False
Generalization,m101,m101_GenLight_400_2,2,4,18,1767607240.259,6.087,1,2,13,6.067,6.167,6.1,6.095,complete_sequence_rewarded,True,True,True,6.067,0.033,-0.004,no_response,False,False
Generalization,m101,m101_GenLight_400_2,2,4,19,1767607279.471,8.057,0,0,0,NaN,NaN,NaN,NaN,no_response,False,False,False,NaN,NaN,NaN,complete_sequence_rewarded,True,True
Generalization,m101,m101_GenLight_400_2,2,4,20,1767607318.62,8.081,0,2,10,NaN,25.252,NaN,NaN,offcue_poke_only,False,False,False,NaN,NaN,NaN,no_response,False,False
Generalization,m101,m101_GenLight_400_2,2,4,21,1767607367.511,4.066,1,1,19,3.825,21.177,4.043,4.072,complete_sequence_rewarded,True,True,True,3.825,0.218,0.029,offcue_poke_only,False,False
Generalization,m101,m101_GenLight_400_2,2,4,22,1767607411.642,8.098,0,1,6,NaN,8.724,NaN,NaN,offcue_poke_only,False,False,False,NaN,NaN,NaN,complete_sequence_rewarded,True,True
Generalization,m101,m101_GenLight_400_2,2,4,23,1767607454.637,8.098,0,0,0,NaN,NaN,NaN,NaN,no_response,False,False,False,NaN,NaN,NaN,offcue_poke_only,False,False
Generalization,m101,m101_GenLight_400_2,2,4,24,1767607491.785,7.6,1,3,43,7.222,30.687,7.582,7.605,complete_sequence_rewarded,True,True,True,7.222,0.36,0.023,no_response,False,False
Generalization,m101,m101_GenLight_400_2,2,4,25,1767607546.693,0.854,1,21,105,0.465,6.657,0.841,0.86,complete_sequence_rewarded,True,True,True,0.465,0.375,0.019,complete_sequence_rewarded,True,True
Generalization,m101,m101_GenLight_400_2,2,4,26,1767607931.406,1.353,1,6,23,0.881,1.678,1.335,1.359,complete_sequence_rewarded,True,True,True,0.881,0.453,0.024,complete_sequence_rewarded,True,True
Generalization,m101,m101_GenLight_400_2,2,4,27,1767607974.81,3.087,1,1,7,2.926,11.142,3.064,NaN,cue_poke_lick_no_reward,True,True,False,2.926,0.138,NaN,complete_sequence_rewarded,True,True
Generalization,m101,m101_GenLight_400_2,2,4,28,1767608009.771,8.051,0,1,4,NaN,12.255,NaN,NaN,offcue_poke_only,False,False,False,NaN,NaN,NaN,cue_poke_lick_no_reward,False,True
Generalization,m101,m101_GenLight_400_2,2,4,29,1767608046.683,8.071,0,0,0,NaN,NaN,NaN,NaN,no_response,False,False,False,NaN,NaN,NaN,offcue_poke_only,False,False
Generalization,m101,m101_GenLight_400_2,2,4,30,1767608083.879,8.073,0,0,0,NaN,NaN,NaN,NaN,no_response,False,False,False,NaN,NaN,NaN,no_response,False,False
Generalization,m101,m101_GenLight_400_2,2,4,31,1767608125.043,8.097,0,2,4,NaN,17.215,NaN,NaN,offcue_poke_only,False,False,False,NaN,NaN,NaN,no_response,False,False
Generalization,m101,m101_GenLight_400_2,2,4,32,1767608162.877,2.83,1,0,5,2.717,NaN,2.811,2.835,complete_sequence_rewarded,True,True,True,2.717,0.094,0.024,offcue_poke_only,False,False
Generalization,m101,m101_GenLight_400_2,2,4,33,1767608205.74,2.47,1,1,17,2.324,6.864,2.453,2.477,complete_sequence_rewarded,True,True,True,2.324,0.129,0.025,complete_sequence_rewarded,True,True
Generalization,m101,m101_GenLight_400_2,2,4,34,1767608247.499,0.184,1,0,13,0.03,NaN,0.163,0.189,complete_sequence_rewarded,True,True,True,0.03,0.133,0.026,complete_sequence_rewarded,True,True
Generalization,m101,m101_GenLight_400_2,2,4,35,1767608282.657,1.867,1,1,7,1.708,12.418,1.846,NaN,cue_poke_lick_no_reward,True,True,False,1.708,0.139,NaN,complete_sequence_rewarded,True,True
Generalization,m101,m101_GenLight_400_2,2,4,36,1767608317.11,8.056,0,5,20,NaN,10.626,NaN,NaN,offcue_poke_only,False,False,False,NaN,NaN,NaN,cue_poke_lick_no_reward,False,True
Generalization,m101,m101_GenLight_400_2,2,4,37,1767608375.076,0.728,1,15,73,0.501,4.697,0.711,0.734,complete_sequence_rewarded,True,True,True,0.501,0.209,0.023,offcue_poke_only,False,False
Generalization,m101,m101_GenLight_400_2,2,4,38,1767608568.758,8.041,1,4,2,5.819,8.604,63.407,NaN,cue_poke_lick_no_reward,True,True,False,5.819,57.588,NaN,complete_sequence_rewarded,True,True
Generalization,m101,m101_GenLight_400_2,2,4,39,1767608675.446,1.091,1,6,25,0.898,1.27,1.076,1.098,complete_sequence_rewarded,True,True,True,0.898,0.178,0.022,cue_poke_lick_no_reward,False,True
Generalization,m101,m101_GenLight_400_2,2,4,40,1767608710.199,8.081,0,3,8,NaN,22.269,NaN,NaN,offcue_poke_only,False,False,False,NaN,NaN,NaN,complete_sequence_rewarded,True,True
Generalization,m101,m101_GenLight_400_2,2,4,41,1767608764.46,3.977,1,0,9,3.744,NaN,3.964,3.983,complete_sequence_rewarded,True,True,True,3.744,0.22,0.018,offcue_poke_only,False,False
Generalization,m101,m101_GenLight_400_2,2,4,42,1767608799.348,3.257,1,0,9,1.721,NaN,3.234,3.263,complete_sequence_rewarded,True,True,True,1.721,1.513,0.029,complete_sequence_rewarded,True,True
Generalization,m101,m101_GenLight_400_2,2,4,43,1767608835.214,1.839,1,1,19,1.297,5.457,1.82,1.846,complete_sequence_rewarded,True,True,True,1.297,0.523,0.026,complete_sequence_rewarded,True,True
Generalization,m101,m101_GenLight_400_2,2,4,44,1767608873.162,8.065,0,1,4,NaN,12.363,NaN,NaN,offcue_poke_only,False,False,False,NaN,NaN,NaN,complete_sequence_rewarded,True,True
Generalization,m101,m101_GenLight_400_2,2,4,45,1767608909.274,8.044,0,0,0,NaN,NaN,NaN,NaN,no_response,False,False,False,NaN,NaN,NaN,offcue_poke_only,False,False
Generalization,m101,m101_GenLight_400_2,2,4,46,1767608946.405,8.085,0,0,0,NaN,NaN,NaN,NaN,no_response,False,False,False,NaN,NaN,NaN,no_response,False,False
Generalization,m101,m101_GenLight_400_2,2,4,47,1767608985.575,8.112,0,2,10,NaN,27.1,NaN,NaN,offcue_poke_only,False,False,False,NaN,NaN,NaN,no_response,False,False
Generalization,m101,m101_GenLight_400_2,2,4,48,1767609032.142,3.085,1,5,19,2.946,4.619,3.073,3.091,complete_sequence_rewarded,True,True,True,2.946,0.126,0.018,offcue_poke_only,False,False
Generalization,m101,m101_GenLight_400_2,2,4,49,1767609080.172,8.097,0,3,20,NaN,8.501,NaN,NaN,offcue_poke_only,False,False,False,NaN,NaN,NaN,complete_sequence_rewarded,True,True
Generalization,m101,m101_GenLight_400_2,2,4,50,1767609133.291,8.066,0,2,14,NaN,26.069,NaN,NaN,offcue_poke_only,False,False,False,NaN,NaN,NaN,offcue_poke_only,False,False
Generalization,m101,m101_GenLight_400_2,2,4,51,1767609183.878,0.799,1,3,13,0.473,2.799,0.786,0.805,complete_sequence_rewarded,True,True,True,0.473,0.314,0.019,offcue_poke_only,False,False
Generalization,m101,m101_GenLight_400_2,2,4,52,1767609223.508,8.083,0,1,4,NaN,10.009,NaN,NaN,offcue_poke_only,False,False,False,NaN,NaN,NaN,complete_sequence_rewarded,True,True
Generalization,m101,m101_GenLight_400_2,2,4,53,1767609257.49,0.812,1,1,13,0.638,2.288,0.789,0.818,complete_sequence_rewarded,True,True,True,0.638,0.151,0.029,offcue_poke_only,False,False
Generalization,m101,m101_GenLight_400_2,2,4,54,1767609294.274,0.983,1,2,29,0.603,25.764,0.966,0.989,complete_sequence_rewarded,True,True,True,0.603,0.362,0.024,complete_sequence_rewarded,True,True
Generalization,m101,m101_GenLight_400_2,2,4,55,1767609337.178,3.81,1,1,11,3.56,7.935,3.789,3.816,complete_sequence_rewarded,True,True,True,3.56,0.23,0.027,complete_sequence_rewarded,True,True
Generalization,m101,m101_GenLight_400_2,2,4,56,1767609377.896,3.275,1,4,11,3.167,5.405,3.258,3.28,complete_sequence_rewarded,True,True,True,3.167,0.091,0.022,complete_sequence_rewarded,True,True
Generalization,m101,m101_GenLight_400_2,2,4,57,1767609440.259,1.024,1,3,19,0.814,18.543,1.01,1.033,complete_sequence_rewarded,True,True,True,0.814,0.196,0.023,complete_sequence_rewarded,True,True
Generalization,m101,m101_GenLight_400_2,2,4,58,1767609491.469,0.62,1,0,3,0.501,NaN,0.592,0.626,complete_sequence_rewarded,True,True,True,0.501,0.091,0.034,complete_sequence_rewarded,True,True
Generalization,m101,m101_GenLight_400_2,2,4,59,1767609524.086,1.377,1,0,7,1.197,NaN,1.358,1.382,complete_sequence_rewarded,True,True,True,1.197,0.16,0.025,complete_sequence_rewarded,True,True
Generalization,m101,m101_GenLight_400_2,2,4,60,1767609555.435,0.843,1,1,17,0.279,21.601,0.815,0.85,complete_sequence_rewarded,True,True,True,0.279,0.535,0.036,complete_sequence_rewarded,True,True
Generalization,m101,m101_GenLight_400_2,2,4,61,1767609587.813,0.293,0,0,0,NaN,NaN,NaN,NaN,no_response,False,False,False,NaN,NaN,NaN,complete_sequence_rewarded,True,True
Generalization,m102,m102_GenLight_400,1,1,1,1766927598.814,0.577,1,8,23,0.398,2.323,0.562,0.584,complete_sequence_rewarded,True,True,True,0.398,0.164,0.022,,,
Generalization,m102,m102_GenLight_400,1,1,2,1766927647.863,1.972,1,3,25,1.796,22.703,1.954,1.978,complete_sequence_rewarded,True,True,True,1.796,0.157,0.025,complete_sequence_rewarded,True,True
Generalization,m102,m102_GenLight_400,1,1,3,1766927697.125,8.09,0,2,2,NaN,23.464,NaN,NaN,offcue_poke_only,False,False,False,NaN,NaN,NaN,complete_sequence_rewarded,True,True
Generalization,m102,m102_GenLight_400,1,1,4,1766927733.98,0.486,1,3,27,0.256,18.503,0.465,0.492,complete_sequence_rewarded,True,True,True,0.256,0.209,0.027,offcue_poke_only,False,False
Generalization,m102,m102_GenLight_400,1,1,5,1766927771.467,4.597,1,9,27,4.446,6.874,4.579,4.602,complete_sequence_rewarded,True,True,True,4.446,0.133,0.024,complete_sequence_rewarded,True,True
Generalization,m102,m102_GenLight_400,1,1,6,1766927827.655,5.358,1,2,21,5.165,9.016,5.342,5.364,complete_sequence_rewarded,True,True,True,5.165,0.177,0.022,complete_sequence_rewarded,True,True
Generalization,m102,m102_GenLight_400,1,1,7,1766927865.685,8.071,0,0,0,NaN,NaN,NaN,NaN,no_response,False,False,False,NaN,NaN,NaN,complete_sequence_rewarded,True,True
Generalization,m102,m102_GenLight_400,1,1,8,1766927907.891,0.461,1,6,25,0.234,3.931,0.443,0.465,complete_sequence_rewarded,True,True,True,0.234,0.209,0.022,no_response,False,False
Generalization,m102,m102_GenLight_400,1,1,9,1766927958.992,8.085,0,3,14,NaN,11.362,NaN,NaN,offcue_poke_only,False,False,False,NaN,NaN,NaN,complete_sequence_rewarded,True,True
Generalization,m102,m102_GenLight_400,1,1,10,1766928005.799,8.101,0,3,8,NaN,11.595,NaN,NaN,offcue_poke_only,False,False,False,NaN,NaN,NaN,offcue_poke_only,False,False
Generalization,m102,m102_GenLight_400,1,1,11,1766928051.041,8.066,0,0,0,NaN,NaN,NaN,NaN,no_response,False,False,False,NaN,NaN,NaN,offcue_poke_only,False,False
Generalization,m102,m102_GenLight_400,1,1,12,1766928091.241,8.086,0,0,0,NaN,NaN,NaN,NaN,no_response,False,False,False,NaN,NaN,NaN,no_response,False,False
Generalization,m102,m102_GenLight_400,1,1,13,1766928129.434,8.095,0,0,0,NaN,NaN,NaN,NaN,no_response,False,False,False,NaN,NaN,NaN,no_response,False,False
Generalization,m102,m102_GenLight_400,1,1,14,1766928166.655,3.8,1,2,17,3.554,5.322,3.776,3.806,complete_sequence_rewarded,True,True,True,3.554,0.222,0.03,no_response,False,False
Generalization,m102,m102_GenLight_400,1,1,15,1766928209.303,5.316,1,3,23,5.153,7.743,5.297,5.322,complete_sequence_rewarded,True,True,True,5.153,0.144,0.024,complete_sequence_rewarded,True,True
Generalization,m102,m102_GenLight_400,1,1,16,1766928249.88,1.926,1,2,19,1.795,17.406,1.913,1.932,complete_sequence_rewarded,True,True,True,1.795,0.119,0.019,complete_sequence_rewarded,True,True
Generalization,m102,m102_GenLight_400,1,1,17,1766928288.825,8.09,0,38,66,NaN,14.701,NaN,NaN,offcue_poke_only,False,False,False,NaN,NaN,NaN,complete_sequence_rewarded,True,True
Generalization,m102,m102_GenLight_400,1,1,18,1766928467.853,1.546,1,2,9,1.462,3.456,1.533,1.552,complete_sequence_rewarded,True,True,True,1.462,0.071,0.019,offcue_poke_only,False,False
Generalization,m102,m102_GenLight_400,1,1,19,1766928509.266,8.075,0,0,0,NaN,NaN,NaN,NaN,no_response,False,False,False,NaN,NaN,NaN,complete_sequence_rewarded,True,True
Generalization,m102,m102_GenLight_400,1,1,20,1766928543.426,8.116,0,0,0,NaN,NaN,NaN,NaN,no_response,False,False,False,NaN,NaN,NaN,no_response,False,False
Generalization,m102,m102_GenLight_400,1,1,21,1766928585.622,2.212,1,5,21,2.044,7.538,2.201,2.221,complete_sequence_rewarded,True,True,True,2.044,0.157,0.02,no_response,False,False
Generalization,m102,m102_GenLight_400,1,1,22,1766928634.638,1.726,1,4,15,1.59,19.43,1.708,1.731,complete_sequence_rewarded,True,True,True,1.59,0.118,0.023,complete_sequence_rewarded,True,True
Generalization,m102,m102_GenLight_400,1,1,23,1766928689.739,6.678,1,4,13,6.529,8.494,6.659,6.684,complete_sequence_rewarded,True,True,True,6.529,0.13,0.025,complete_sequence_rewarded,True,True
Generalization,m102,m102_GenLight_400,1,1,24,1766928736.78,1.124,1,59,41,0.889,2.398,1.111,1.132,complete_sequence_rewarded,True,True,True,0.889,0.223,0.021,complete_sequence_rewarded,True,True
Generalization,m102,m102_GenLight_400,1,1,25,1766928964.935,2.613,1,4,23,2.45,15.269,2.594,2.619,complete_sequence_rewarded,True,True,True,2.45,0.143,0.026,complete_sequence_rewarded,True,True
Generalization,m102,m102_GenLight_400,1,1,26,1766929009.614,1.865,1,3,21,1.7,9.538,1.846,1.871,complete_sequence_rewarded,True,True,True,1.7,0.146,0.025,complete_sequence_rewarded,True,True
Generalization,m102,m102_GenLight_400,1,1,27,1766929055.447,4.383,1,0,7,4.23,NaN,4.37,4.389,complete_sequence_rewarded,True,True,True,4.23,0.14,0.02,complete_sequence_rewarded,True,True
Generalization,m102,m102_GenLight_400,1,1,28,1766929099.852,8.088,0,1,6,NaN,36.598,NaN,NaN,offcue_poke_only,False,False,False,NaN,NaN,NaN,complete_sequence_rewarded,True,True
Generalization,m102,m102_GenLight_400,1,1,29,1766929147.911,2.355,1,6,25,2.204,11.521,2.339,NaN,cue_poke_lick_no_reward,True,True,False,2.204,0.135,NaN,offcue_poke_only,False,False
Generalization,m102,m102_GenLight_400,1,1,30,1766929202.091,3.765,1,4,9,3.591,4.862,3.731,3.771,complete_sequence_rewarded,True,True,True,3.591,0.141,0.039,cue_poke_lick_no_reward,False,True
Generalization,m102,m102_GenLight_400,1,1,31,1766929240.36,5.893,1,4,23,5.749,22.058,5.875,5.899,complete_sequence_rewarded,True,True,True,5.749,0.126,0.024,complete_sequence_rewarded,True,True
Generalization,m102,m102_GenLight_400,1,1,32,1766929303.165,1.635,1,0,9,1.413,NaN,1.616,1.64,complete_sequence_rewarded,True,True,True,1.413,0.203,0.024,complete_sequence_rewarded,True,True
Generalization,m102,m102_GenLight_400,1,1,33,1766929335.73,1.196,1,1,19,0.88,26.036,1.168,1.202,complete_sequence_rewarded,True,True,True,0.88,0.288,0.034,complete_sequence_rewarded,True,True
Generalization,m102,m102_GenLight_400,1,1,34,1766929373.909,0.691,1,8,37,0.542,8.62,0.671,0.697,complete_sequence_rewarded,True,True,True,0.542,0.129,0.026,complete_sequence_rewarded,True,True
Generalization,m102,m102_GenLight_400,1,1,35,1766929455.131,8.07,0,0,0,NaN,NaN,NaN,NaN,no_response,False,False,False,NaN,NaN,NaN,complete_sequence_rewarded,True,True
Generalization,m102,m102_GenLight_400,1,1,36,1766929497.28,0.764,1,2,17,0.682,9.201,0.746,0.77,complete_sequence_rewarded,True,True,True,0.682,0.064,0.024,no_response,False,False
Generalization,m102,m102_GenLight_400,1,1,37,1766929537.146,3.992,1,3,21,3.81,18.892,3.973,3.997,complete_sequence_rewarded,True,True,True,3.81,0.164,0.024,complete_sequence_rewarded,True,True
Generalization,m102,m102_GenLight_400,1,1,38,1766929590.031,8.108,1,1,9,7.947,31.624,8.096,8.141,complete_sequence_rewarded,True,True,True,7.947,0.15,0.045,complete_sequence_rewarded,True,True
Generalization,m102,m102_GenLight_400,1,1,39,1766929635.806,8.084,0,2,0,NaN,8.309,NaN,NaN,offcue_poke_only,False,False,False,NaN,NaN,NaN,complete_sequence_rewarded,True,True
Generalization,m102,m102_GenLight_400,1,1,40,1766929669.743,8.056,1,4,2,7.47,8.697,39.59,NaN,cue_poke_lick_no_reward,True,True,False,7.47,32.12,NaN,offcue_poke_only,False,False
Generalization,m102,m102_GenLight_400,1,1,41,1766929721.639,1.09,1,1,13,0.913,24.838,1.066,1.097,complete_sequence_rewarded,True,True,True,0.913,0.153,0.031,cue_poke_lick_no_reward,False,True
Generalization,m102,m102_GenLight_400,1,1,42,1766929757.161,7.953,1,2,7,7.772,23.277,7.928,NaN,cue_poke_lick_no_reward,True,True,False,7.772,0.156,NaN,complete_sequence_rewarded,True,True
Generalization,m102,m102_GenLight_400,1,1,43,1766929803.12,2.327,1,2,7,2.115,3.026,2.313,2.333,complete_sequence_rewarded,True,True,True,2.115,0.198,0.019,cue_poke_lick_no_reward,False,True
Generalization,m102,m102_GenLight_400,1,1,44,1766929842.397,3.167,1,2,9,2.97,4.238,3.149,3.173,complete_sequence_rewarded,True,True,True,2.97,0.179,0.024,complete_sequence_rewarded,True,True
Generalization,m102,m102_GenLight_400,1,1,45,1766929876.033,5.884,1,1,3,5.721,6.585,5.859,5.889,complete_sequence_rewarded,True,True,True,5.721,0.138,0.031,complete_sequence_rewarded,True,True
Generalization,m102,m102_GenLight_400,1,1,46,1766929919.937,8.084,0,0,0,NaN,NaN,NaN,NaN,no_response,False,False,False,NaN,NaN,NaN,complete_sequence_rewarded,True,True
Generalization,m102,m102_GenLight_400,1,1,47,1766929962.097,6.773,1,2,13,6.61,26.105,6.758,6.778,complete_sequence_rewarded,True,True,True,6.61,0.148,0.02,no_response,False,False
Generalization,m102,m102_GenLight_400,1,1,48,1766930015.475,2.765,1,1,9,2.354,21.462,2.746,2.772,complete_sequence_rewarded,True,True,True,2.354,0.392,0.026,complete_sequence_rewarded,True,True
Generalization,m102,m102_GenLight_400,1,1,49,1766930050.152,8.089,1,4,16,8.034,19.09,8.168,8.196,complete_sequence_rewarded,True,True,True,8.034,0.134,0.029,complete_sequence_rewarded,True,True
Generalization,m102,m102_GenLight_400,1,1,50,1766930102.194,0.975,1,2,13,0.704,13.654,0.952,0.981,complete_sequence_rewarded,True,True,True,0.704,0.249,0.029,complete_sequence_rewarded,True,True
Generalization,m102,m102_GenLight_400,1,1,51,1766930135.698,8.072,0,3,16,NaN,14.211,NaN,NaN,offcue_poke_only,False,False,False,NaN,NaN,NaN,complete_sequence_rewarded,True,True
Generalization,m102,m102_GenLight_400,1,1,52,1766930179.882,3.11,1,1,7,2.939,21.951,3.087,NaN,cue_poke_lick_no_reward,True,True,False,2.939,0.148,NaN,offcue_poke_only,False,False
Generalization,m102,m102_GenLight_400,1,1,53,1766930222.252,8.093,1,2,6,7.156,32.936,33.174,NaN,cue_poke_lick_no_reward,True,True,False,7.156,26.018,NaN,cue_poke_lick_no_reward,False,True
Generalization,m102,m102_GenLight_400,1,1,54,1766930271.252,8.104,0,1,0,NaN,30.871,NaN,NaN,offcue_poke_only,False,False,False,NaN,NaN,NaN,cue_poke_lick_no_reward,False,True
Generalization,m102,m102_GenLight_400,1,1,55,1766930315.599,1.848,1,1,11,1.701,13.795,1.836,1.855,complete_sequence_rewarded,True,True,True,1.701,0.135,0.019,offcue_poke_only,False,False
Generalization,m102,m102_GenLight_400,1,1,56,1766930357.13,3.666,1,2,17,3.481,11.88,3.647,3.671,complete_sequence_rewarded,True,True,True,3.481,0.167,0.024,complete_sequence_rewarded,True,True
Generalization,m102,m102_GenLight_400,1,1,57,1766930407.305,8.098,0,1,6,NaN,20.732,NaN,NaN,offcue_poke_only,False,False,False,NaN,NaN,NaN,complete_sequence_rewarded,True,True
Generalization,m102,m102_GenLight_400,1,1,58,1766930441.723,8.11,1,2,4,1.052,20.943,21.146,NaN,cue_poke_lick_no_reward,True,True,False,1.052,20.094,NaN,offcue_poke_only,False,False
Generalization,m102,m102_GenLight_400,1,1,59,1766930488.989,8.087,0,1,0,NaN,32.862,NaN,NaN,offcue_poke_only,False,False,False,NaN,NaN,NaN,cue_poke_lick_no_reward,False,True
Generalization,m102,m102_GenLight_400,1,1,60,1766930534.226,5.545,1,0,3,5.329,NaN,5.525,5.551,complete_sequence_rewarded,True,True,True,5.329,0.197,0.026,offcue_poke_only,False,False
Generalization,m102,m102_GenLight_400,1,1,61,1766930570.008,0.002,0,0,0,NaN,NaN,NaN,NaN,no_response,False,False,False,NaN,NaN,NaN,complete_sequence_rewarded,True,True
Generalization,m102,m102_GenLight_400,2,2,1,1767102862.62,8.104,1,3,8,2.013,9.11,9.283,NaN,cue_poke_lick_no_reward,True,True,False,2.013,7.269,NaN,,,
Generalization,m102,m102_GenLight_400,2,2,2,1767102901.606,8.097,0,2,4,NaN,36.999,NaN,NaN,offcue_poke_only,False,False,False,NaN,NaN,NaN,cue_poke_lick_no_reward,False,True
Generalization,m102,m102_GenLight_400,2,2,3,1767102949.263,5.338,1,12,35,5.093,6.366,5.318,5.344,complete_sequence_rewarded,True,True,True,5.093,0.225,0.026,offcue_poke_only,False,False
Generalization,m102,m102_GenLight_400,2,2,4,1767102993.937,3.579,1,13,33,3.347,4.861,3.565,3.584,complete_sequence_rewarded,True,True,True,3.347,0.218,0.02,complete_sequence_rewarded,True,True
Generalization,m102,m102_GenLight_400,2,2,5,1767103042.682,0.144,1,6,31,0.026,1.312,0.13,0.15,complete_sequence_rewarded,True,True,True,0.026,0.104,0.02,complete_sequence_rewarded,True,True
Generalization,m102,m102_GenLight_400,2,2,6,1767103081.441,3.466,1,19,45,3.297,3.881,3.453,3.472,complete_sequence_rewarded,True,True,True,3.297,0.156,0.019,complete_sequence_rewarded,True,True
Generalization,m102,m102_GenLight_400,2,2,7,1767103154.599,2.182,1,17,43,2.005,3.336,2.163,2.189,complete_sequence_rewarded,True,True,True,2.005,0.158,0.026,complete_sequence_rewarded,True,True
Generalization,m102,m102_GenLight_400,2,2,8,1767103227.117,8.061,0,0,0,NaN,NaN,NaN,NaN,no_response,False,False,False,NaN,NaN,NaN,complete_sequence_rewarded,True,True
Generalization,m102,m102_GenLight_400,2,2,9,1767103261.256,0.766,1,14,49,0.624,3.051,0.746,0.772,complete_sequence_rewarded,True,True,True,0.624,0.122,0.026,no_response,False,False
Generalization,m102,m102_GenLight_400,2,2,10,1767103333.819,2.598,1,17,63,2.484,5.629,2.574,2.603,complete_sequence_rewarded,True,True,True,2.484,0.091,0.029,complete_sequence_rewarded,True,True
Generalization,m102,m102_GenLight_400,2,2,11,1767103430.561,1.136,1,23,35,1.009,2.181,1.114,1.143,complete_sequence_rewarded,True,True,True,1.009,0.105,0.03,complete_sequence_rewarded,True,True
Generalization,m102,m102_GenLight_400,2,2,12,1767103526.443,0.647,1,7,23,0.491,2.0,0.629,0.652,complete_sequence_rewarded,True,True,True,0.491,0.138,0.023,complete_sequence_rewarded,True,True
Generalization,m102,m102_GenLight_400,2,2,13,1767103567.249,1.04,1,5,17,0.924,2.086,1.022,1.05,complete_sequence_rewarded,True,True,True,0.924,0.098,0.028,complete_sequence_rewarded,True,True
Generalization,m102,m102_GenLight_400,2,2,14,1767103606.195,8.106,0,12,28,NaN,18.418,NaN,NaN,offcue_poke_only,False,False,False,NaN,NaN,NaN,complete_sequence_rewarded,True,True
Generalization,m102,m102_GenLight_400,2,2,15,1767103692.419,6.665,1,7,27,6.396,6.994,6.636,6.671,complete_sequence_rewarded,True,True,True,6.396,0.239,0.035,offcue_poke_only,False,False
Generalization,m102,m102_GenLight_400,2,2,16,1767103737.541,2.196,1,14,41,2.062,3.198,2.168,2.202,complete_sequence_rewarded,True,True,True,2.062,0.106,0.035,complete_sequence_rewarded,True,True
Generalization,m102,m102_GenLight_400,2,2,17,1767103816.59,0.509,1,20,41,0.367,0.925,0.483,0.514,complete_sequence_rewarded,True,True,True,0.367,0.116,0.031,complete_sequence_rewarded,True,True
Generalization,m102,m102_GenLight_400,2,2,18,1767103925.846,0.761,1,41,93,0.511,3.356,0.749,0.767,complete_sequence_rewarded,True,True,True,0.511,0.238,0.018,complete_sequence_rewarded,True,True
Generalization,m102,m102_GenLight_400,2,2,19,1767104083.151,0.673,1,68,105,0.611,1.105,0.659,0.679,complete_sequence_rewarded,True,True,True,0.611,0.048,0.019,complete_sequence_rewarded,True,True
Generalization,m102,m102_GenLight_400,2,2,20,1767104328.696,1.131,1,50,99,0.946,3.804,1.119,1.137,complete_sequence_rewarded,True,True,True,0.946,0.173,0.018,complete_sequence_rewarded,True,True
Generalization,m102,m102_GenLight_400,2,2,21,1767104554.717,4.761,1,20,55,4.575,5.234,4.741,4.765,complete_sequence_rewarded,True,True,True,4.575,0.166,0.024,complete_sequence_rewarded,True,True
Generalization,m102,m102_GenLight_400,2,2,22,1767104645.78,1.933,1,5,23,1.806,3.259,1.895,1.938,complete_sequence_rewarded,True,True,True,1.806,0.088,0.043,complete_sequence_rewarded,True,True
Generalization,m102,m102_GenLight_400,2,2,23,1767104689.144,8.074,0,0,0,NaN,NaN,NaN,NaN,no_response,False,False,False,NaN,NaN,NaN,complete_sequence_rewarded,True,True
Generalization,m102,m102_GenLight_400,2,2,24,1767104731.326,7.894,1,5,21,7.813,8.513,7.881,7.9,complete_sequence_rewarded,True,True,True,7.813,0.068,0.019,no_response,False,False
Generalization,m102,m102_GenLight_400,2,2,25,1767104791.319,3.371,1,16,33,3.187,4.487,3.348,3.377,complete_sequence_rewarded,True,True,True,3.187,0.161,0.029,complete_sequence_rewarded,True,True
Generalization,m102,m102_GenLight_400,2,2,26,1767104887.89,7.861,1,11,27,7.758,19.778,7.842,7.867,complete_sequence_rewarded,True,True,True,7.758,0.084,0.025,complete_sequence_rewarded,True,True
Generalization,m102,m102_GenLight_400,2,2,27,1767104979.499,0.743,1,6,23,0.628,2.206,0.716,0.749,complete_sequence_rewarded,True,True,True,0.628,0.088,0.033,complete_sequence_rewarded,True,True
Generalization,m102,m102_GenLight_400,2,2,28,1767105031.663,1.158,1,26,59,1.055,13.859,1.141,1.165,complete_sequence_rewarded,True,True,True,1.055,0.085,0.024,complete_sequence_rewarded,True,True
Generalization,m102,m102_GenLight_400,2,2,29,1767105171.586,3.387,1,16,35,3.261,4.026,3.365,NaN,cue_poke_lick_no_reward,True,True,False,3.261,0.104,NaN,complete_sequence_rewarded,True,True
Generalization,m102,m102_GenLight_400,2,2,30,1767105266.105,0.498,1,21,51,0.389,1.572,0.483,0.504,complete_sequence_rewarded,True,True,True,0.389,0.094,0.02,cue_poke_lick_no_reward,False,True
Generalization,m102,m102_GenLight_400,2,2,31,1767105393.293,7.534,1,1,9,7.482,8.547,7.518,7.54,complete_sequence_rewarded,True,True,True,7.482,0.037,0.022,complete_sequence_rewarded,True,True
Generalization,m102,m102_GenLight_400,2,2,32,1767105432.897,8.103,0,0,0,NaN,NaN,NaN,NaN,no_response,False,False,False,NaN,NaN,NaN,complete_sequence_rewarded,True,True
Generalization,m102,m102_GenLight_400,2,2,33,1767105467.08,1.557,1,11,47,1.457,2.704,1.544,1.563,complete_sequence_rewarded,True,True,True,1.457,0.087,0.019,no_response,False,False
Generalization,m102,m102_GenLight_400,2,2,34,1767105542.81,0.887,1,7,23,0.755,3.652,0.859,0.893,complete_sequence_rewarded,True,True,True,0.755,0.104,0.034,complete_sequence_rewarded,True,True
Generalization,m102,m102_GenLight_400,2,2,35,1767105609.471,0.853,1,44,101,0.751,2.626,0.834,0.858,complete_sequence_rewarded,True,True,True,0.751,0.083,0.025,complete_sequence_rewarded,True,True
Generalization,m102,m102_GenLight_400,2,2,36,1767105892.674,2.803,1,15,35,2.682,13.804,2.777,2.809,complete_sequence_rewarded,True,True,True,2.682,0.095,0.032,complete_sequence_rewarded,True,True
Generalization,m102,m102_GenLight_400,2,2,37,1767105995.704,1.552,1,6,19,1.429,10.238,1.54,1.558,complete_sequence_rewarded,True,True,True,1.429,0.111,0.018,complete_sequence_rewarded,True,True
Generalization,m102,m102_GenLight_400,2,2,38,1767106040.039,2.114,1,1,13,1.99,4.686,2.094,2.122,complete_sequence_rewarded,True,True,True,1.99,0.105,0.027,complete_sequence_rewarded,True,True
Generalization,m102,m102_GenLight_400,2,2,39,1767106080.182,1.847,1,33,55,1.78,5.131,1.827,1.855,complete_sequence_rewarded,True,True,True,1.78,0.048,0.028,complete_sequence_rewarded,True,True
Generalization,m102,m102_GenLight_400,2,2,40,1767106270.06,1.872,1,5,21,1.76,17.453,1.859,1.879,complete_sequence_rewarded,True,True,True,1.76,0.1,0.02,complete_sequence_rewarded,True,True
Generalization,m102,m102_GenLight_400,2,2,41,1767106324.477,0.526,1,6,27,0.433,7.677,0.509,0.531,complete_sequence_rewarded,True,True,True,0.433,0.076,0.023,complete_sequence_rewarded,True,True
Generalization,m102,m102_GenLight_400,2,2,42,1767106378.555,2.331,1,13,31,2.219,8.214,2.311,2.337,complete_sequence_rewarded,True,True,True,2.219,0.092,0.026,complete_sequence_rewarded,True,True
Generalization,m102,m102_GenLight_400,2,2,43,1767106469.151,2.115,1,22,31,1.996,9.309,2.1,2.122,complete_sequence_rewarded,True,True,True,1.996,0.104,0.022,complete_sequence_rewarded,True,True
Generalization,m102,m102_GenLight_400,2,2,44,1767106616.798,0.902,1,6,19,0.762,1.851,0.873,0.908,complete_sequence_rewarded,True,True,True,0.762,0.111,0.034,complete_sequence_rewarded,True,True
Generalization,m102,m102_GenLight_400,2,2,45,1767106672.255,0.645,1,7,23,0.528,1.729,0.625,0.65,complete_sequence_rewarded,True,True,True,0.528,0.097,0.025,complete_sequence_rewarded,True,True
Generalization,m102,m102_GenLight_400,2,2,46,1767106721.956,1.789,1,6,25,1.694,15.135,1.772,1.796,complete_sequence_rewarded,True,True,True,1.694,0.078,0.024,complete_sequence_rewarded,True,True
Generalization,m102,m102_GenLight_400,2,2,47,1767106779.351,8.078,0,4,12,NaN,24.036,NaN,NaN,offcue_poke_only,False,False,False,NaN,NaN,NaN,complete_sequence_rewarded,True,True
Generalization,m102,m102_GenLight_400,2,2,48,1767106832.131,1.108,1,5,13,1.009,2.282,1.089,1.114,complete_sequence_rewarded,True,True,True,1.009,0.081,0.025,offcue_poke_only,False,False
Generalization,m102,m102_GenLight_400,2,2,49,1767106876.606,0.866,1,3,15,0.762,7.503,0.849,0.872,complete_sequence_rewarded,True,True,True,0.762,0.087,0.024,complete_sequence_rewarded,True,True
Generalization,m102,m102_GenLight_400,2,2,50,1767106917.89,1.015,1,2,13,0.89,15.224,1.0,1.024,complete_sequence_rewarded,True,True,True,0.89,0.11,0.024,complete_sequence_rewarded,True,True
Generalization,m102,m102_GenLight_400,2,2,51,1767106956.593,1.412,1,2,7,1.278,10.16,1.388,NaN,cue_poke_lick_no_reward,True,True,False,1.278,0.11,NaN,complete_sequence_rewarded,True,True
Generalization,m102,m102_GenLight_400,2,2,52,1767106995.46,3.34,1,4,15,3.209,3.954,3.306,3.346,complete_sequence_rewarded,True,True,True,3.209,0.097,0.04,cue_poke_lick_no_reward,False,True
Generalization,m102,m102_GenLight_400,2,2,53,1767107031.739,1.957,1,13,33,1.859,3.126,1.938,1.962,complete_sequence_rewarded,True,True,True,1.859,0.079,0.024,complete_sequence_rewarded,True,True
Generalization,m102,m102_GenLight_400,2,2,54,1767107115.813,0.679,1,14,37,0.621,13.366,0.671,0.685,complete_sequence_rewarded,True,True,True,0.621,0.05,0.014,complete_sequence_rewarded,True,True
Generalization,m102,m102_GenLight_400,2,2,55,1767107220.514,0.631,1,26,47,0.525,2.265,0.618,0.637,complete_sequence_rewarded,True,True,True,0.525,0.092,0.019,complete_sequence_rewarded,True,True
Generalization,m102,m102_GenLight_400,2,2,56,1767107361.389,1.186,1,4,11,1.065,14.198,1.173,1.191,complete_sequence_rewarded,True,True,True,1.065,0.108,0.018,complete_sequence_rewarded,True,True
Generalization,m102,m102_GenLight_400,2,2,57,1767107400.445,0.607,1,15,21,0.4,9.904,0.568,0.613,complete_sequence_rewarded,True,True,True,0.4,0.168,0.045,complete_sequence_rewarded,True,True
Generalization,m102,m102_GenLight_400,2,2,58,1767107459.222,1.993,1,16,21,1.878,2.795,1.968,1.998,complete_sequence_rewarded,True,True,True,1.878,0.09,0.031,complete_sequence_rewarded,True,True
Generalization,m102,m102_GenLight_400,2,2,59,1767107523.492,1.299,1,6,27,1.145,9.59,1.287,1.305,complete_sequence_rewarded,True,True,True,1.145,0.142,0.018,complete_sequence_rewarded,True,True
Generalization,m102,m102_GenLight_400,2,2,60,1767107587.885,0.002,0,0,0,NaN,NaN,NaN,NaN,no_response,False,False,False,NaN,NaN,NaN,complete_sequence_rewarded,True,True
Generalization,m102,m102_GenLight_400_2,1,3,1,1767277946.672,3.266,1,21,77,3.015,5.005,3.256,3.273,complete_sequence_rewarded,True,True,True,3.015,0.241,0.017,,,
Generalization,m102,m102_GenLight_400_2,1,3,2,1767278068.651,1.177,1,39,75,0.924,3.677,1.144,1.183,complete_sequence_rewarded,True,True,True,0.924,0.22,0.039,complete_sequence_rewarded,True,True
Generalization,m102,m102_GenLight_400_2,1,3,3,1767278208.996,1.661,1,15,49,1.501,5.061,1.645,1.669,complete_sequence_rewarded,True,True,True,1.501,0.144,0.024,complete_sequence_rewarded,True,True
Generalization,m102,m102_GenLight_400_2,1,3,4,1767278335.324,0.393,1,22,67,0.195,2.698,0.374,0.398,complete_sequence_rewarded,True,True,True,0.195,0.179,0.024,complete_sequence_rewarded,True,True
Generalization,m102,m102_GenLight_400_2,1,3,5,1767278461.267,0.724,1,12,27,0.549,11.9,0.698,0.729,complete_sequence_rewarded,True,True,True,0.549,0.149,0.032,complete_sequence_rewarded,True,True
Generalization,m102,m102_GenLight_400_2,1,3,6,1767278547.9,0.928,1,45,73,0.621,2.846,0.914,0.934,complete_sequence_rewarded,True,True,True,0.621,0.293,0.02,complete_sequence_rewarded,True,True
Generalization,m102,m102_GenLight_400_2,1,3,7,1767278793.413,1.311,1,6,30,0.653,6.15,1.292,1.316,complete_sequence_rewarded,True,True,True,0.653,0.639,0.024,complete_sequence_rewarded,True,True
Generalization,m102,m102_GenLight_400_2,1,3,8,1767278843.959,0.844,1,6,19,0.669,1.935,0.826,0.85,complete_sequence_rewarded,True,True,True,0.669,0.156,0.025,complete_sequence_rewarded,True,True
Generalization,m102,m102_GenLight_400_2,1,3,9,1767278890.852,4.387,1,55,109,4.257,5.573,4.369,4.394,complete_sequence_rewarded,True,True,True,4.257,0.112,0.024,complete_sequence_rewarded,True,True
Generalization,m102,m102_GenLight_400_2,1,3,10,1767279151.54,0.714,1,27,87,0.621,2.152,0.694,0.72,complete_sequence_rewarded,True,True,True,0.621,0.074,0.025,complete_sequence_rewarded,True,True
Generalization,m102,m102_GenLight_400_2,1,3,11,1767279299.257,0.704,1,8,19,0.56,8.16,0.691,0.71,complete_sequence_rewarded,True,True,True,0.56,0.131,0.019,complete_sequence_rewarded,True,True
Generalization,m102,m102_GenLight_400_2,1,3,12,1767279360.449,0.724,1,38,61,0.474,9.464,0.703,0.728,complete_sequence_rewarded,True,True,True,0.474,0.229,0.025,complete_sequence_rewarded,True,True
Generalization,m102,m102_GenLight_400_2,1,3,13,1767279521.775,2.384,1,36,63,2.233,12.311,2.364,2.391,complete_sequence_rewarded,True,True,True,2.233,0.13,0.027,complete_sequence_rewarded,True,True
Generalization,m102,m102_GenLight_400_2,1,3,14,1767279728.643,0.607,1,37,85,0.418,1.794,0.589,0.612,complete_sequence_rewarded,True,True,True,0.418,0.17,0.024,complete_sequence_rewarded,True,True
Generalization,m102,m102_GenLight_400_2,1,3,15,1767279917.838,0.703,1,7,35,0.527,7.119,0.684,0.708,complete_sequence_rewarded,True,True,True,0.527,0.157,0.024,complete_sequence_rewarded,True,True
Generalization,m102,m102_GenLight_400_2,1,3,16,1767279969.511,2.056,1,54,93,1.826,9.454,2.026,2.061,complete_sequence_rewarded,True,True,True,1.826,0.2,0.035,complete_sequence_rewarded,True,True
Generalization,m102,m102_GenLight_400_2,1,3,17,1767280175.414,4.007,1,2,15,3.832,12.337,3.987,4.015,complete_sequence_rewarded,True,True,True,3.832,0.155,0.028,complete_sequence_rewarded,True,True
Generalization,m102,m102_GenLight_400_2,1,3,18,1767280212.913,8.076,0,31,50,NaN,26.906,NaN,NaN,offcue_poke_only,False,False,False,NaN,NaN,NaN,complete_sequence_rewarded,True,True
Generalization,m102,m102_GenLight_400_2,1,3,19,1767280414.448,0.702,1,17,39,0.569,16.097,0.689,0.708,complete_sequence_rewarded,True,True,True,0.569,0.121,0.019,offcue_poke_only,False,False
Generalization,m102,m102_GenLight_400_2,1,3,20,1767280546.962,2.579,1,7,17,2.459,18.442,2.56,2.584,complete_sequence_rewarded,True,True,True,2.459,0.1,0.025,complete_sequence_rewarded,True,True
Generalization,m102,m102_GenLight_400_2,1,3,21,1767280590.812,0.709,1,20,45,0.476,7.175,0.695,0.715,complete_sequence_rewarded,True,True,True,0.476,0.219,0.02,complete_sequence_rewarded,True,True
Generalization,m102,m102_GenLight_400_2,1,3,22,1767280712.565,0.539,1,9,35,0.348,14.693,0.521,0.544,complete_sequence_rewarded,True,True,True,0.348,0.173,0.023,complete_sequence_rewarded,True,True
Generalization,m102,m102_GenLight_400_2,1,3,23,1767280783.223,0.985,1,6,17,0.852,9.415,0.97,0.991,complete_sequence_rewarded,True,True,True,0.852,0.118,0.021,complete_sequence_rewarded,True,True
Generalization,m102,m102_GenLight_400_2,1,3,24,1767280831.822,1.293,1,31,73,1.168,8.845,1.266,1.303,complete_sequence_rewarded,True,True,True,1.168,0.098,0.037,complete_sequence_rewarded,True,True
Generalization,m102,m102_GenLight_400_2,1,3,25,1767281053.826,0.562,1,10,43,0.379,12.989,0.542,0.569,complete_sequence_rewarded,True,True,True,0.379,0.163,0.027,complete_sequence_rewarded,True,True
Generalization,m102,m102_GenLight_400_2,1,3,26,1767281132.604,0.844,1,4,23,0.74,4.823,0.831,0.851,complete_sequence_rewarded,True,True,True,0.74,0.091,0.02,complete_sequence_rewarded,True,True
Generalization,m102,m102_GenLight_400_2,1,3,27,1767281172.229,8.067,0,15,36,NaN,38.754,NaN,NaN,offcue_poke_only,False,False,False,NaN,NaN,NaN,complete_sequence_rewarded,True,True
Generalization,m102,m102_GenLight_400_2,1,3,28,1767281307.931,0.595,1,7,39,0.466,8.111,0.582,0.6,complete_sequence_rewarded,True,True,True,0.466,0.116,0.018,offcue_poke_only,False,False
Generalization,m102,m102_GenLight_400_2,1,3,29,1767281368.436,2.958,1,30,75,2.818,6.331,2.935,2.964,complete_sequence_rewarded,True,True,True,2.818,0.117,0.028,complete_sequence_rewarded,True,True
Generalization,m102,m102_GenLight_400_2,1,3,30,1767281557.87,0.817,1,14,37,0.672,8.589,0.803,0.822,complete_sequence_rewarded,True,True,True,0.672,0.131,0.019,complete_sequence_rewarded,True,True
Generalization,m102,m102_GenLight_400_2,1,3,31,1767281673.204,0.574,1,11,39,0.403,4.227,0.562,0.579,complete_sequence_rewarded,True,True,True,0.403,0.158,0.017,complete_sequence_rewarded,True,True
Generalization,m102,m102_GenLight_400_2,1,3,32,1767281753.867,0.664,1,9,31,0.448,5.819,0.626,0.67,complete_sequence_rewarded,True,True,True,0.448,0.179,0.044,complete_sequence_rewarded,True,True
Generalization,m102,m102_GenLight_400_2,1,3,33,1767281806.702,0.647,1,2,17,0.507,8.104,0.624,0.653,complete_sequence_rewarded,True,True,True,0.507,0.116,0.029,complete_sequence_rewarded,True,True
Generalization,m102,m102_GenLight_400_2,1,3,34,1767281842.618,0.902,1,25,63,0.806,7.3,0.884,0.907,complete_sequence_rewarded,True,True,True,0.806,0.078,0.023,complete_sequence_rewarded,True,True
Generalization,m102,m102_GenLight_400_2,1,3,35,1767282004.051,0.725,1,2,17,0.549,9.802,0.707,0.729,complete_sequence_rewarded,True,True,True,0.549,0.158,0.023,complete_sequence_rewarded,True,True
Generalization,m102,m102_GenLight_400_2,1,3,36,1767282047.535,3.468,1,10,21,3.318,5.049,3.441,3.474,complete_sequence_rewarded,True,True,True,3.318,0.122,0.034,complete_sequence_rewarded,True,True
Generalization,m102,m102_GenLight_400_2,1,3,37,1767282113.777,0.674,1,28,57,0.446,11.279,0.655,0.679,complete_sequence_rewarded,True,True,True,0.446,0.209,0.024,complete_sequence_rewarded,True,True
Generalization,m102,m102_GenLight_400_2,1,3,38,1767282249.625,0.509,1,6,31,0.309,10.631,0.485,0.516,complete_sequence_rewarded,True,True,True,0.309,0.176,0.031,complete_sequence_rewarded,True,True
Generalization,m102,m102_GenLight_400_2,1,3,39,1767282295.771,0.716,1,2,19,0.509,13.554,0.691,0.721,complete_sequence_rewarded,True,True,True,0.509,0.182,0.03,complete_sequence_rewarded,True,True
Generalization,m102,m102_GenLight_400_2,1,3,40,1767282337.383,0.545,1,4,15,0.38,8.47,0.532,0.55,complete_sequence_rewarded,True,True,True,0.38,0.152,0.018,complete_sequence_rewarded,True,True
Generalization,m102,m102_GenLight_400_2,1,3,41,1767282379.192,0.53,1,39,59,0.403,8.876,0.517,0.535,complete_sequence_rewarded,True,True,True,0.403,0.114,0.018,complete_sequence_rewarded,True,True
Generalization,m102,m102_GenLight_400_2,1,3,42,1767282550.664,0.707,1,1,19,0.438,4.56,0.688,0.711,complete_sequence_rewarded,True,True,True,0.438,0.25,0.023,complete_sequence_rewarded,True,True
Generalization,m102,m102_GenLight_400_2,1,3,43,1767282583.571,0.758,1,4,23,0.669,16.391,0.735,0.763,complete_sequence_rewarded,True,True,True,0.669,0.066,0.028,complete_sequence_rewarded,True,True
Generalization,m102,m102_GenLight_400_2,1,3,44,1767282618.899,2.971,1,3,17,2.853,20.741,2.952,2.977,complete_sequence_rewarded,True,True,True,2.853,0.098,0.025,complete_sequence_rewarded,True,True
Generalization,m102,m102_GenLight_400_2,1,3,45,1767282659.275,8.044,0,4,12,NaN,15.911,NaN,NaN,offcue_poke_only,False,False,False,NaN,NaN,NaN,complete_sequence_rewarded,True,True
Generalization,m102,m102_GenLight_400_2,1,3,46,1767282701.316,1.938,1,0,9,1.781,NaN,1.924,1.944,complete_sequence_rewarded,True,True,True,1.781,0.143,0.02,offcue_poke_only,False,False
Generalization,m102,m102_GenLight_400_2,1,3,47,1767282735.255,8.077,0,0,0,NaN,NaN,NaN,NaN,no_response,False,False,False,NaN,NaN,NaN,complete_sequence_rewarded,True,True
Generalization,m102,m102_GenLight_400_2,1,3,48,1767282774.423,3.524,1,2,19,3.378,16.993,3.497,3.53,complete_sequence_rewarded,True,True,True,3.378,0.119,0.033,no_response,False,False
Generalization,m102,m102_GenLight_400_2,1,3,49,1767282814.284,0.611,1,11,29,0.534,31.905,0.595,0.616,complete_sequence_rewarded,True,True,True,0.534,0.061,0.021,complete_sequence_rewarded,True,True
Generalization,m102,m102_GenLight_400_2,1,3,50,1767282937.963,0.509,1,2,23,0.364,12.098,0.495,0.514,complete_sequence_rewarded,True,True,True,0.364,0.131,0.02,complete_sequence_rewarded,True,True
Generalization,m102,m102_GenLight_400_2,1,3,51,1767282985.319,0.737,1,2,21,0.525,13.473,0.709,0.743,complete_sequence_rewarded,True,True,True,0.525,0.185,0.034,complete_sequence_rewarded,True,True
Generalization,m102,m102_GenLight_400_2,1,3,52,1767283023.382,0.515,1,3,19,0.349,6.124,0.498,0.52,complete_sequence_rewarded,True,True,True,0.349,0.149,0.023,complete_sequence_rewarded,True,True
Generalization,m102,m102_GenLight_400_2,1,3,53,1767283065.594,4.279,1,10,33,3.779,8.878,4.266,4.285,complete_sequence_rewarded,True,True,True,3.779,0.487,0.019,complete_sequence_rewarded,True,True
Generalization,m102,m102_GenLight_400_2,1,3,54,1767283155.938,0.505,1,4,29,0.23,1.555,0.485,0.511,complete_sequence_rewarded,True,True,True,0.23,0.256,0.026,complete_sequence_rewarded,True,True
Generalization,m102,m102_GenLight_400_2,1,3,55,1767283195.727,0.656,1,5,31,0.449,1.833,0.632,0.662,complete_sequence_rewarded,True,True,True,0.449,0.182,0.031,complete_sequence_rewarded,True,True
Generalization,m102,m102_GenLight_400_2,1,3,56,1767283243.823,0.614,1,2,17,0.46,1.736,0.601,0.62,complete_sequence_rewarded,True,True,True,0.46,0.141,0.019,complete_sequence_rewarded,True,True
Generalization,m102,m102_GenLight_400_2,1,3,57,1767283277.611,0.627,1,1,13,0.438,1.82,0.603,0.633,complete_sequence_rewarded,True,True,True,0.438,0.165,0.03,complete_sequence_rewarded,True,True
Generalization,m102,m102_GenLight_400_2,1,3,58,1767283308.199,2.047,1,0,9,1.733,NaN,2.025,2.054,complete_sequence_rewarded,True,True,True,1.733,0.291,0.029,complete_sequence_rewarded,True,True
Generalization,m102,m102_GenLight_400_2,1,3,59,1767283350.09,2.363,1,1,17,2.194,9.751,2.339,2.37,complete_sequence_rewarded,True,True,True,2.194,0.145,0.031,complete_sequence_rewarded,True,True
Generalization,m102,m102_GenLight_400_2,1,3,60,1767283387.991,1.114,1,3,17,0.937,12.161,1.101,1.12,complete_sequence_rewarded,True,True,True,0.937,0.164,0.019,complete_sequence_rewarded,True,True
Generalization,m102,m102_GenLight_400_2,1,3,61,1767283435.932,0.003,0,0,0,NaN,NaN,NaN,NaN,no_response,False,False,False,NaN,NaN,NaN,complete_sequence_rewarded,True,True
Generalization,m102,m102_GenLight_400_2,2,4,1,1767610157.157,2.129,1,4,15,1.907,3.612,2.116,2.136,complete_sequence_rewarded,True,True,True,1.907,0.209,0.02,,,
Generalization,m102,m102_GenLight_400_2,2,4,2,1767610205.401,3.201,1,2,21,3.074,18.739,3.176,3.206,complete_sequence_rewarded,True,True,True,3.074,0.103,0.03,complete_sequence_rewarded,True,True
Generalization,m102,m102_GenLight_400_2,2,4,3,1767610247.489,1.243,1,1,15,1.112,18.059,1.223,1.249,complete_sequence_rewarded,True,True,True,1.112,0.111,0.026,complete_sequence_rewarded,True,True
Generalization,m102,m102_GenLight_400_2,2,4,4,1767610286.446,4.32,1,4,9,4.103,5.282,4.297,4.326,complete_sequence_rewarded,True,True,True,4.103,0.194,0.029,complete_sequence_rewarded,True,True
Generalization,m102,m102_GenLight_400_2,2,4,5,1767610338.699,1.134,1,2,9,1.044,1.48,1.111,1.14,complete_sequence_rewarded,True,True,True,1.044,0.067,0.03,complete_sequence_rewarded,True,True
Generalization,m102,m102_GenLight_400_2,2,4,6,1767610371.028,1.629,1,3,7,1.507,2.674,1.609,1.634,complete_sequence_rewarded,True,True,True,1.507,0.102,0.026,complete_sequence_rewarded,True,True
Generalization,m102,m102_GenLight_400_2,2,4,7,1767610410.236,1.641,1,4,11,1.502,2.624,1.628,1.647,complete_sequence_rewarded,True,True,True,1.502,0.126,0.019,complete_sequence_rewarded,True,True
Generalization,m102,m102_GenLight_400_2,2,4,8,1767610450.778,8.113,1,2,6,8.018,9.442,8.172,8.188,complete_sequence_rewarded,True,True,True,8.018,0.154,0.016,complete_sequence_rewarded,True,True
Generalization,m102,m102_GenLight_400_2,2,4,9,1767610501.817,3.405,1,4,5,3.192,4.394,3.39,3.41,complete_sequence_rewarded,True,True,True,3.192,0.198,0.02,complete_sequence_rewarded,True,True
Generalization,m102,m102_GenLight_400_2,2,4,10,1767610554.933,0.563,1,4,15,0.336,7.497,0.543,NaN,cue_poke_lick_no_reward,True,True,False,0.336,0.207,NaN,complete_sequence_rewarded,True,True
Generalization,m102,m102_GenLight_400_2,2,4,11,1767610606.621,1.403,1,2,3,1.293,21.806,1.389,NaN,cue_poke_lick_no_reward,True,True,False,1.293,0.097,NaN,cue_poke_lick_no_reward,False,True
Generalization,m102,m102_GenLight_400_2,2,4,12,1767610645.35,1.917,1,0,19,1.767,NaN,1.888,1.923,complete_sequence_rewarded,True,True,True,1.767,0.12,0.035,cue_poke_lick_no_reward,False,True
Generalization,m102,m102_GenLight_400_2,2,4,13,1767610678.254,0.701,1,0,11,0.503,NaN,0.684,0.705,complete_sequence_rewarded,True,True,True,0.503,0.18,0.021,complete_sequence_rewarded,True,True
Generalization,m102,m102_GenLight_400_2,2,4,14,1767610714.902,1.656,1,3,15,1.523,2.84,1.638,1.663,complete_sequence_rewarded,True,True,True,1.523,0.114,0.026,complete_sequence_rewarded,True,True
Generalization,m102,m102_GenLight_400_2,2,4,15,1767610762.303,3.805,1,1,7,3.687,34.711,3.787,3.811,complete_sequence_rewarded,True,True,True,3.687,0.1,0.024,complete_sequence_rewarded,True,True
Generalization,m102,m102_GenLight_400_2,2,4,16,1767610810.002,0.743,1,1,13,0.58,29.643,0.73,0.749,complete_sequence_rewarded,True,True,True,0.58,0.15,0.019,complete_sequence_rewarded,True,True
Generalization,m102,m102_GenLight_400_2,2,4,17,1767610852.021,2.062,1,1,7,1.991,3.086,2.043,2.069,complete_sequence_rewarded,True,True,True,1.991,0.052,0.025,complete_sequence_rewarded,True,True
Generalization,m102,m102_GenLight_400_2,2,4,18,1767610893.132,0.461,1,5,19,0.3,15.078,0.453,0.467,complete_sequence_rewarded,True,True,True,0.3,0.153,0.014,complete_sequence_rewarded,True,True
Generalization,m102,m102_GenLight_400_2,2,4,19,1767610946.524,0.584,1,7,9,0.421,2.446,0.55,0.591,complete_sequence_rewarded,True,True,True,0.421,0.13,0.041,complete_sequence_rewarded,True,True
Generalization,m102,m102_GenLight_400_2,2,4,20,1767611002.303,0.607,1,10,15,0.357,2.432,0.588,0.615,complete_sequence_rewarded,True,True,True,0.357,0.231,0.027,complete_sequence_rewarded,True,True
Generalization,m102,m102_GenLight_400_2,2,4,21,1767611056.942,2.608,1,3,7,2.509,2.879,2.587,2.613,complete_sequence_rewarded,True,True,True,2.509,0.078,0.026,complete_sequence_rewarded,True,True
Generalization,m102,m102_GenLight_400_2,2,4,22,1767611105.434,0.926,1,1,9,0.88,19.314,0.913,0.932,complete_sequence_rewarded,True,True,True,0.88,0.033,0.019,complete_sequence_rewarded,True,True
Generalization,m102,m102_GenLight_400_2,2,4,23,1767611137.776,1.656,1,4,13,1.538,22.228,1.639,1.662,complete_sequence_rewarded,True,True,True,1.538,0.101,0.023,complete_sequence_rewarded,True,True
Generalization,m102,m102_GenLight_400_2,2,4,24,1767611181.069,2.916,1,2,9,2.856,3.147,2.895,2.923,complete_sequence_rewarded,True,True,True,2.856,0.039,0.028,complete_sequence_rewarded,True,True
Generalization,m102,m102_GenLight_400_2,2,4,25,1767611218.08,1.481,1,1,7,1.284,2.056,1.457,1.486,complete_sequence_rewarded,True,True,True,1.284,0.173,0.029,complete_sequence_rewarded,True,True
Generalization,m102,m102_GenLight_400_2,2,4,26,1767611251.528,8.092,0,0,0,NaN,NaN,NaN,NaN,no_response,False,False,False,NaN,NaN,NaN,complete_sequence_rewarded,True,True
Generalization,m102,m102_GenLight_400_2,2,4,27,1767611284.698,2.382,1,3,13,2.232,21.398,2.365,NaN,cue_poke_lick_no_reward,True,True,False,2.232,0.133,NaN,no_response,False,False
Generalization,m102,m102_GenLight_400_2,2,4,28,1767611334.425,1.486,1,2,9,1.287,2.3,1.458,1.493,complete_sequence_rewarded,True,True,True,1.287,0.17,0.036,cue_poke_lick_no_reward,False,True
Generalization,m102,m102_GenLight_400_2,2,4,29,1767611371.129,5.257,1,4,5,5.147,6.362,5.233,5.262,complete_sequence_rewarded,True,True,True,5.147,0.086,0.029,complete_sequence_rewarded,True,True
Generalization,m102,m102_GenLight_400_2,2,4,30,1767611433.999,2.929,1,0,9,2.718,NaN,2.907,2.934,complete_sequence_rewarded,True,True,True,2.718,0.189,0.027,complete_sequence_rewarded,True,True
Generalization,m102,m102_GenLight_400_2,2,4,31,1767611469.865,0.554,1,5,5,0.331,1.507,0.54,0.559,complete_sequence_rewarded,True,True,True,0.331,0.209,0.019,complete_sequence_rewarded,True,True
Generalization,m102,m102_GenLight_400_2,2,4,32,1767611504.413,0.591,1,3,7,0.397,11.648,0.557,0.597,complete_sequence_rewarded,True,True,True,0.397,0.16,0.039,complete_sequence_rewarded,True,True
Generalization,m102,m102_GenLight_400_2,2,4,33,1767611548.559,0.494,1,4,11,0.376,11.707,0.471,0.5,complete_sequence_rewarded,True,True,True,0.376,0.095,0.029,complete_sequence_rewarded,True,True
Generalization,m102,m102_GenLight_400_2,2,4,34,1767611582.427,2.015,1,1,3,1.832,2.287,2.002,2.02,complete_sequence_rewarded,True,True,True,1.832,0.17,0.018,complete_sequence_rewarded,True,True
Generalization,m102,m102_GenLight_400_2,2,4,35,1767611621.394,0.917,1,2,7,0.487,13.515,0.888,0.922,complete_sequence_rewarded,True,True,True,0.487,0.401,0.034,complete_sequence_rewarded,True,True
Generalization,m102,m102_GenLight_400_2,2,4,36,1767611656.314,0.496,1,0,9,0.382,NaN,0.469,0.503,complete_sequence_rewarded,True,True,True,0.382,0.087,0.034,complete_sequence_rewarded,True,True
Generalization,m102,m102_GenLight_400_2,2,4,37,1767611692.843,1.469,1,2,9,1.156,2.579,1.445,1.473,complete_sequence_rewarded,True,True,True,1.156,0.289,0.028,complete_sequence_rewarded,True,True
Generalization,m102,m102_GenLight_400_2,2,4,38,1767611728.411,2.735,1,1,7,2.533,4.411,2.717,2.74,complete_sequence_rewarded,True,True,True,2.533,0.184,0.023,complete_sequence_rewarded,True,True
Generalization,m102,m102_GenLight_400_2,2,4,39,1767611765.087,2.949,1,2,11,2.839,3.33,2.939,2.955,complete_sequence_rewarded,True,True,True,2.839,0.101,0.016,complete_sequence_rewarded,True,True
Generalization,m102,m102_GenLight_400_2,2,4,40,1767611798.096,0.519,1,3,11,0.371,1.108,0.494,0.524,complete_sequence_rewarded,True,True,True,0.371,0.123,0.03,complete_sequence_rewarded,True,True
Generalization,m102,m102_GenLight_400_2,2,4,41,1767611834.604,1.429,1,3,5,1.253,11.032,1.405,NaN,cue_poke_lick_no_reward,True,True,False,1.253,0.152,NaN,complete_sequence_rewarded,True,True
Generalization,m102,m102_GenLight_400_2,2,4,42,1767611873.947,0.47,1,3,7,0.362,16.85,0.451,0.476,complete_sequence_rewarded,True,True,True,0.362,0.089,0.025,cue_poke_lick_no_reward,False,True
Generalization,m102,m102_GenLight_400_2,2,4,43,1767611909.042,0.667,1,1,9,0.46,1.632,0.643,0.673,complete_sequence_rewarded,True,True,True,0.46,0.183,0.029,complete_sequence_rewarded,True,True
Generalization,m102,m102_GenLight_400_2,2,4,44,1767611947.66,2.161,1,0,5,1.993,NaN,2.142,2.167,complete_sequence_rewarded,True,True,True,1.993,0.149,0.025,complete_sequence_rewarded,True,True
Generalization,m102,m102_GenLight_400_2,2,4,45,1767611986.813,0.618,1,0,7,0.518,NaN,0.598,0.624,complete_sequence_rewarded,True,True,True,0.518,0.08,0.025,complete_sequence_rewarded,True,True
Generalization,m102,m102_GenLight_400_2,2,4,46,1767612020.464,0.507,1,2,17,0.395,1.578,0.492,0.514,complete_sequence_rewarded,True,True,True,0.395,0.097,0.022,complete_sequence_rewarded,True,True
Generalization,m102,m102_GenLight_400_2,2,4,47,1767612052.587,0.578,1,1,7,0.367,1.499,0.558,0.583,complete_sequence_rewarded,True,True,True,0.367,0.191,0.024,complete_sequence_rewarded,True,True
Generalization,m102,m102_GenLight_400_2,2,4,48,1767612083.075,0.419,1,1,5,0.241,1.296,0.396,0.425,complete_sequence_rewarded,True,True,True,0.241,0.155,0.029,complete_sequence_rewarded,True,True
Generalization,m102,m102_GenLight_400_2,2,4,49,1767612117.489,6.662,1,1,15,6.171,28.736,6.649,6.668,complete_sequence_rewarded,True,True,True,6.171,0.478,0.019,complete_sequence_rewarded,True,True
Generalization,m102,m102_GenLight_400_2,2,4,50,1767612163.778,3.551,1,5,13,3.392,28.885,3.528,3.556,complete_sequence_rewarded,True,True,True,3.392,0.136,0.028,complete_sequence_rewarded,True,True
Generalization,m102,m102_GenLight_400_2,2,4,51,1767612220.133,1.883,1,4,11,1.641,2.154,1.859,1.889,complete_sequence_rewarded,True,True,True,1.641,0.218,0.03,complete_sequence_rewarded,True,True
Generalization,m102,m102_GenLight_400_2,2,4,52,1767612264.457,3.946,1,0,3,3.641,NaN,3.918,3.952,complete_sequence_rewarded,True,True,True,3.641,0.277,0.034,complete_sequence_rewarded,True,True
Generalization,m102,m102_GenLight_400_2,2,4,53,1767612301.251,2.54,1,4,13,2.418,3.073,2.521,2.546,complete_sequence_rewarded,True,True,True,2.418,0.104,0.024,complete_sequence_rewarded,True,True
Generalization,m102,m102_GenLight_400_2,2,4,54,1767612344.778,0.759,1,2,15,0.45,9.839,0.733,0.767,complete_sequence_rewarded,True,True,True,0.45,0.284,0.033,complete_sequence_rewarded,True,True
Generalization,m102,m102_GenLight_400_2,2,4,55,1767612376.632,2.094,1,1,5,1.628,2.943,2.073,2.101,complete_sequence_rewarded,True,True,True,1.628,0.445,0.028,complete_sequence_rewarded,True,True
Generalization,m102,m102_GenLight_400_2,2,4,56,1767612418.43,4.642,1,0,15,4.559,NaN,4.627,4.647,complete_sequence_rewarded,True,True,True,4.559,0.068,0.02,complete_sequence_rewarded,True,True
Generalization,m102,m102_GenLight_400_2,2,4,57,1767612457.095,5.167,1,0,5,4.891,NaN,5.142,5.171,complete_sequence_rewarded,True,True,True,4.891,0.251,0.029,complete_sequence_rewarded,True,True
Generalization,m102,m102_GenLight_400_2,2,4,58,1767612498.14,1.379,1,2,11,1.139,29.394,1.36,1.384,complete_sequence_rewarded,True,True,True,1.139,0.22,0.024,complete_sequence_rewarded,True,True
Generalization,m102,m102_GenLight_400_2,2,4,59,1767612540.48,3.287,1,0,7,2.88,NaN,3.262,3.292,complete_sequence_rewarded,True,True,True,2.88,0.381,0.03,complete_sequence_rewarded,True,True
Generalization,m102,m102_GenLight_400_2,2,4,60,1767612575.512,1.427,1,0,5,1.057,NaN,1.418,1.434,complete_sequence_rewarded,True,True,True,1.057,0.361,0.016,complete_sequence_rewarded,True,True
Generalization,m102,m102_GenLight_400_2,2,4,61,1767612608.027,0.003,0,0,0,NaN,NaN,NaN,NaN,no_response,False,False,False,NaN,NaN,NaN,complete_sequence_rewarded,True,True
Generalization,m103,m103_GenLight_400,1,1,1,1767003329.731,1.828,1,4,33,1.742,15.861,1.812,1.836,complete_sequence_rewarded,True,True,True,1.742,0.07,0.024,,,
Generalization,m103,m103_GenLight_400,1,1,2,1767003389.275,8.09,0,1,6,NaN,31.177,NaN,NaN,offcue_poke_only,False,False,False,NaN,NaN,NaN,complete_sequence_rewarded,True,True
Generalization,m103,m103_GenLight_400,1,1,3,1767003433.572,8.076,0,3,6,NaN,15.194,NaN,NaN,offcue_poke_only,False,False,False,NaN,NaN,NaN,offcue_poke_only,False,False
Generalization,m103,m103_GenLight_400,1,1,4,1767003479.677,8.086,0,6,24,NaN,16.732,NaN,NaN,offcue_poke_only,False,False,False,NaN,NaN,NaN,offcue_poke_only,False,False
Generalization,m103,m103_GenLight_400,1,1,5,1767003532.12,2.696,1,7,53,2.337,10.889,2.683,2.7,complete_sequence_rewarded,True,True,True,2.337,0.346,0.017,offcue_poke_only,False,False
Generalization,m103,m103_GenLight_400,1,1,6,1767003585.7,0.338,1,3,27,0.171,5.426,0.324,0.343,complete_sequence_rewarded,True,True,True,0.171,0.153,0.019,complete_sequence_rewarded,True,True
Generalization,m103,m103_GenLight_400,1,1,7,1767003636.801,2.743,1,2,29,2.443,5.259,2.713,2.748,complete_sequence_rewarded,True,True,True,2.443,0.271,0.034,complete_sequence_rewarded,True,True
Generalization,m103,m103_GenLight_400,1,1,8,1767003677.881,8.025,0,5,32,NaN,17.437,NaN,NaN,offcue_poke_only,False,False,False,NaN,NaN,NaN,complete_sequence_rewarded,True,True
Generalization,m103,m103_GenLight_400,1,1,9,1767003739.295,1.923,1,2,13,1.765,9.208,1.9,1.93,complete_sequence_rewarded,True,True,True,1.765,0.135,0.029,offcue_poke_only,False,False
Generalization,m103,m103_GenLight_400,1,1,10,1767003783.435,8.08,0,0,0,NaN,NaN,NaN,NaN,no_response,False,False,False,NaN,NaN,NaN,complete_sequence_rewarded,True,True
Generalization,m103,m103_GenLight_400,1,1,11,1767003819.603,4.014,1,2,23,3.833,29.283,3.976,4.019,complete_sequence_rewarded,True,True,True,3.833,0.143,0.043,no_response,False,False
Generalization,m103,m103_GenLight_400,1,1,12,1767003862.593,3.685,1,10,53,3.495,7.182,3.667,3.691,complete_sequence_rewarded,True,True,True,3.495,0.172,0.024,complete_sequence_rewarded,True,True
Generalization,m103,m103_GenLight_400,1,1,13,1767003936.313,1.962,1,6,33,1.821,21.893,1.943,1.967,complete_sequence_rewarded,True,True,True,1.821,0.121,0.024,complete_sequence_rewarded,True,True
Generalization,m103,m103_GenLight_400,1,1,14,1767003981.816,1.727,1,8,71,1.631,5.885,1.707,1.733,complete_sequence_rewarded,True,True,True,1.631,0.076,0.026,complete_sequence_rewarded,True,True
Generalization,m103,m103_GenLight_400,1,1,15,1767004048.491,0.254,1,8,49,0.125,13.389,0.234,0.259,complete_sequence_rewarded,True,True,True,0.125,0.109,0.025,complete_sequence_rewarded,True,True
Generalization,m103,m103_GenLight_400,1,1,16,1767004104.591,1.764,1,4,36,1.612,4.266,1.75,1.769,complete_sequence_rewarded,True,True,True,1.612,0.138,0.019,complete_sequence_rewarded,True,True
Generalization,m103,m103_GenLight_400,1,1,17,1767004146.062,8.06,0,0,0,NaN,NaN,NaN,NaN,no_response,False,False,False,NaN,NaN,NaN,complete_sequence_rewarded,True,True
Generalization,m103,m103_GenLight_400,1,1,18,1767004185.22,8.068,0,9,44,NaN,14.315,NaN,NaN,offcue_poke_only,False,False,False,NaN,NaN,NaN,no_response,False,False
Generalization,m103,m103_GenLight_400,1,1,19,1767004280.296,3.738,1,4,47,3.625,18.529,3.7,3.743,complete_sequence_rewarded,True,True,True,3.625,0.074,0.044,offcue_poke_only,False,False
Generalization,m103,m103_GenLight_400,1,1,20,1767004329.808,1.369,1,2,31,1.245,14.803,1.345,1.376,complete_sequence_rewarded,True,True,True,1.245,0.1,0.031,complete_sequence_rewarded,True,True
Generalization,m103,m103_GenLight_400,1,1,21,1767004373.133,8.086,0,1,10,NaN,20.483,NaN,NaN,offcue_poke_only,False,False,False,NaN,NaN,NaN,complete_sequence_rewarded,True,True
Generalization,m103,m103_GenLight_400,1,1,22,1767004407.034,1.449,1,3,23,1.311,29.735,1.44,1.455,complete_sequence_rewarded,True,True,True,1.311,0.13,0.015,offcue_poke_only,False,False
Generalization,m103,m103_GenLight_400,1,1,23,1767004448.52,1.426,1,0,15,1.282,NaN,1.393,1.431,complete_sequence_rewarded,True,True,True,1.282,0.111,0.038,complete_sequence_rewarded,True,True
Generalization,m103,m103_GenLight_400,1,1,24,1767004488.916,8.074,0,0,0,NaN,NaN,NaN,NaN,no_response,False,False,False,NaN,NaN,NaN,complete_sequence_rewarded,True,True
Generalization,m103,m103_GenLight_400,1,1,25,1767004523.087,0.942,1,9,49,0.776,7.412,0.918,0.947,complete_sequence_rewarded,True,True,True,0.776,0.143,0.029,no_response,False,False
Generalization,m103,m103_GenLight_400,1,1,26,1767004577.406,3.156,1,7,39,2.921,16.288,3.138,3.16,complete_sequence_rewarded,True,True,True,2.921,0.217,0.022,complete_sequence_rewarded,True,True
Generalization,m103,m103_GenLight_400,1,1,27,1767004632.639,3.446,1,6,37,3.307,16.724,3.431,3.451,complete_sequence_rewarded,True,True,True,3.307,0.125,0.019,complete_sequence_rewarded,True,True
Generalization,m103,m103_GenLight_400,1,1,28,1767004693.37,7.865,1,9,63,7.691,10.038,7.846,7.871,complete_sequence_rewarded,True,True,True,7.691,0.155,0.026,complete_sequence_rewarded,True,True
Generalization,m103,m103_GenLight_400,1,1,29,1767004786.903,2.037,1,2,17,1.874,4.705,2.018,2.043,complete_sequence_rewarded,True,True,True,1.874,0.145,0.024,complete_sequence_rewarded,True,True
Generalization,m103,m103_GenLight_400,1,1,30,1767004825.943,8.109,0,4,24,NaN,34.239,NaN,NaN,offcue_poke_only,False,False,False,NaN,NaN,NaN,complete_sequence_rewarded,True,True
Generalization,m103,m103_GenLight_400,1,1,31,1767004883.282,0.954,1,1,21,0.849,16.212,0.94,0.961,complete_sequence_rewarded,True,True,True,0.849,0.091,0.021,offcue_poke_only,False,False
Generalization,m103,m103_GenLight_400,1,1,32,1767004916.562,1.836,1,1,15,1.624,21.623,1.812,1.842,complete_sequence_rewarded,True,True,True,1.624,0.188,0.03,complete_sequence_rewarded,True,True
Generalization,m103,m103_GenLight_400,1,1,33,1767004957.505,8.083,0,0,0,NaN,NaN,NaN,NaN,no_response,False,False,False,NaN,NaN,NaN,complete_sequence_rewarded,True,True
Generalization,m103,m103_GenLight_400,1,1,34,1767004993.684,8.108,0,3,28,NaN,27.67,NaN,NaN,offcue_poke_only,False,False,False,NaN,NaN,NaN,no_response,False,False
Generalization,m103,m103_GenLight_400,1,1,35,1767005052.925,4.23,1,9,55,4.043,16.045,4.211,NaN,cue_poke_lick_no_reward,True,True,False,4.043,0.169,NaN,offcue_poke_only,False,False
Generalization,m103,m103_GenLight_400,1,1,36,1767005133.477,0.821,1,12,76,0.302,7.691,0.802,0.827,complete_sequence_rewarded,True,True,True,0.302,0.5,0.024,cue_poke_lick_no_reward,False,True
Generalization,m103,m103_GenLight_400,1,1,37,1767005234.192,0.542,1,1,25,0.381,3.025,0.529,0.548,complete_sequence_rewarded,True,True,True,0.381,0.148,0.019,complete_sequence_rewarded,True,True
Generalization,m103,m103_GenLight_400,1,1,38,1767005268.691,8.084,0,3,16,NaN,24.315,NaN,NaN,offcue_poke_only,False,False,False,NaN,NaN,NaN,complete_sequence_rewarded,True,True
Generalization,m103,m103_GenLight_400,1,1,39,1767005316.66,0.26,1,10,75,0.096,16.344,0.24,0.266,complete_sequence_rewarded,True,True,True,0.096,0.144,0.026,offcue_poke_only,False,False
Generalization,m103,m103_GenLight_400,1,1,40,1767005397.538,2.256,1,1,17,2.129,6.267,2.241,2.264,complete_sequence_rewarded,True,True,True,2.129,0.113,0.023,complete_sequence_rewarded,True,True
Generalization,m103,m103_GenLight_400,1,1,41,1767005432.823,0.234,2,4,35,0.115,18.22,0.214,0.239,complete_sequence_rewarded,True,True,True,0.115,0.099,0.025,complete_sequence_rewarded,True,True
Generalization,m103,m103_GenLight_400,1,1,42,1767005481.835,0.667,1,4,33,0.441,19.289,0.648,0.673,complete_sequence_rewarded,True,True,True,0.441,0.207,0.025,complete_sequence_rewarded,True,True
Generalization,m103,m103_GenLight_400,1,1,43,1767005526.531,1.1,1,9,53,0.955,8.067,1.088,1.106,complete_sequence_rewarded,True,True,True,0.955,0.133,0.018,complete_sequence_rewarded,True,True
Generalization,m103,m103_GenLight_400,1,1,44,1767005641.746,0.992,1,27,119,0.824,14.479,0.978,0.999,complete_sequence_rewarded,True,True,True,0.824,0.155,0.021,complete_sequence_rewarded,True,True
Generalization,m103,m103_GenLight_400,1,1,45,1767005788.394,8.089,0,4,16,NaN,9.612,NaN,NaN,offcue_poke_only,False,False,False,NaN,NaN,NaN,complete_sequence_rewarded,True,True
Generalization,m103,m103_GenLight_400,1,1,46,1767005847.648,2.16,1,5,33,2.07,9.752,2.141,2.166,complete_sequence_rewarded,True,True,True,2.07,0.071,0.025,offcue_poke_only,False,False
Generalization,m103,m103_GenLight_400,1,1,47,1767005898.087,0.922,1,10,51,0.803,1.968,0.899,0.929,complete_sequence_rewarded,True,True,True,0.803,0.097,0.029,complete_sequence_rewarded,True,True
Generalization,m103,m103_GenLight_400,1,1,48,1767005956.033,1.31,1,0,15,1.197,NaN,1.292,1.316,complete_sequence_rewarded,True,True,True,1.197,0.095,0.024,complete_sequence_rewarded,True,True
Generalization,m103,m103_GenLight_400,1,1,49,1767005989.414,8.092,0,4,24,NaN,27.388,NaN,NaN,offcue_poke_only,False,False,False,NaN,NaN,NaN,complete_sequence_rewarded,True,True
Generalization,m103,m103_GenLight_400,1,1,50,1767006047.405,1.634,1,4,31,1.362,26.156,1.62,1.64,complete_sequence_rewarded,True,True,True,1.362,0.258,0.019,offcue_poke_only,False,False
Generalization,m103,m103_GenLight_400,1,1,51,1767006113.441,3.192,1,16,81,3.057,8.162,3.173,3.196,complete_sequence_rewarded,True,True,True,3.057,0.116,0.024,complete_sequence_rewarded,True,True
Generalization,m103,m103_GenLight_400,1,1,52,1767006233.599,8.072,0,5,22,NaN,27.846,NaN,NaN,offcue_poke_only,False,False,False,NaN,NaN,NaN,complete_sequence_rewarded,True,True
Generalization,m103,m103_GenLight_400,1,1,53,1767006302.127,5.188,1,2,23,4.823,19.969,5.174,5.193,complete_sequence_rewarded,True,True,True,4.823,0.351,0.019,offcue_poke_only,False,False
Generalization,m103,m103_GenLight_400,1,1,54,1767006347.844,4.447,1,8,39,4.239,12.892,4.418,4.453,complete_sequence_rewarded,True,True,True,4.239,0.179,0.035,complete_sequence_rewarded,True,True
Generalization,m103,m103_GenLight_400,1,1,55,1767006403.106,7.624,1,2,23,7.451,21.935,7.61,7.629,complete_sequence_rewarded,True,True,True,7.451,0.159,0.019,complete_sequence_rewarded,True,True
Generalization,m103,m103_GenLight_400,1,1,56,1767006451.587,8.082,0,0,0,NaN,NaN,NaN,NaN,no_response,False,False,False,NaN,NaN,NaN,complete_sequence_rewarded,True,True
Generalization,m103,m103_GenLight_400,1,1,57,1767006493.747,8.066,0,3,24,NaN,11.023,NaN,NaN,offcue_poke_only,False,False,False,NaN,NaN,NaN,no_response,False,False
Generalization,m103,m103_GenLight_400,1,1,58,1767006537.365,8.087,0,2,8,NaN,19.285,NaN,NaN,offcue_poke_only,False,False,False,NaN,NaN,NaN,offcue_poke_only,False,False
Generalization,m103,m103_GenLight_400,1,1,59,1767006576.91,1.846,1,2,7,1.59,7.822,1.815,NaN,cue_poke_lick_no_reward,True,True,False,1.59,0.225,NaN,offcue_poke_only,False,False
Generalization,m103,m103_GenLight_400,1,1,60,1767006614.239,8.063,0,0,0,NaN,NaN,NaN,NaN,no_response,False,False,False,NaN,NaN,NaN,cue_poke_lick_no_reward,False,True
Generalization,m103,m103_GenLight_400,1,1,61,1767006648.68,0.002,0,0,0,NaN,NaN,NaN,NaN,no_response,False,False,False,NaN,NaN,NaN,no_response,False,False
Generalization,m103,m103_GenLight_400_2,1,2,1,1767187359.519,4.222,1,5,41,4.115,5.662,4.202,4.228,complete_sequence_rewarded,True,True,True,4.115,0.087,0.026,,,
Generalization,m103,m103_GenLight_400_2,1,2,2,1767187413.639,1.015,1,0,25,0.732,NaN,0.994,1.027,complete_sequence_rewarded,True,True,True,0.732,0.261,0.034,complete_sequence_rewarded,True,True
Generalization,m103,m103_GenLight_400_2,1,2,3,1767187448.47,8.048,0,8,30,NaN,8.131,NaN,NaN,offcue_poke_only,False,False,False,NaN,NaN,NaN,complete_sequence_rewarded,True,True
Generalization,m103,m103_GenLight_400_2,1,2,4,1767187494.275,1.861,1,14,51,1.771,2.721,1.838,1.867,complete_sequence_rewarded,True,True,True,1.771,0.066,0.029,offcue_poke_only,False,False
Generalization,m103,m103_GenLight_400_2,1,2,5,1767187573.641,6.704,1,12,51,6.528,11.962,6.688,6.71,complete_sequence_rewarded,True,True,True,6.528,0.16,0.022,complete_sequence_rewarded,True,True
Generalization,m103,m103_GenLight_400_2,1,2,6,1767187652.816,2.627,1,2,29,2.401,15.988,2.599,2.633,complete_sequence_rewarded,True,True,True,2.401,0.198,0.034,complete_sequence_rewarded,True,True
Generalization,m103,m103_GenLight_400_2,1,2,7,1767187704.714,8.078,0,1,4,NaN,34.794,NaN,NaN,offcue_poke_only,False,False,False,NaN,NaN,NaN,complete_sequence_rewarded,True,True
Generalization,m103,m103_GenLight_400_2,1,2,8,1767187752.973,8.097,0,1,8,NaN,12.252,NaN,NaN,offcue_poke_only,False,False,False,NaN,NaN,NaN,offcue_poke_only,False,False
Generalization,m103,m103_GenLight_400_2,1,2,9,1767187795.088,8.087,0,0,0,NaN,NaN,NaN,NaN,no_response,False,False,False,NaN,NaN,NaN,offcue_poke_only,False,False
Generalization,m103,m103_GenLight_400_2,1,2,10,1767187837.307,5.25,1,1,17,5.164,24.989,5.237,5.256,complete_sequence_rewarded,True,True,True,5.164,0.073,0.019,no_response,False,False
Generalization,m103,m103_GenLight_400_2,1,2,11,1767187879.19,3.588,1,3,21,3.413,4.628,3.574,3.593,complete_sequence_rewarded,True,True,True,3.413,0.161,0.019,complete_sequence_rewarded,True,True
Generalization,m103,m103_GenLight_400_2,1,2,12,1767187922.286,4.123,1,0,11,3.969,NaN,4.105,4.129,complete_sequence_rewarded,True,True,True,3.969,0.136,0.024,complete_sequence_rewarded,True,True
Generalization,m103,m103_GenLight_400_2,1,2,13,1767187956.401,2.355,1,7,45,2.202,27.731,2.337,2.363,complete_sequence_rewarded,True,True,True,2.202,0.135,0.026,complete_sequence_rewarded,True,True
Generalization,m103,m103_GenLight_400_2,1,2,14,1767188048.578,3.642,1,4,21,3.501,6.351,3.628,3.648,complete_sequence_rewarded,True,True,True,3.501,0.128,0.02,complete_sequence_rewarded,True,True
Generalization,m103,m103_GenLight_400_2,1,2,15,1767188089.513,7.476,1,4,37,7.32,8.843,7.463,7.483,complete_sequence_rewarded,True,True,True,7.32,0.142,0.021,complete_sequence_rewarded,True,True
Generalization,m103,m103_GenLight_400_2,1,2,16,1767188152.925,1.908,1,6,17,1.771,3.731,1.891,NaN,cue_poke_lick_no_reward,True,True,False,1.771,0.12,NaN,complete_sequence_rewarded,True,True
Generalization,m103,m103_GenLight_400_2,1,2,17,1767188207.495,2.446,1,1,7,2.248,7.143,2.42,NaN,cue_poke_lick_no_reward,True,True,False,2.248,0.172,NaN,cue_poke_lick_no_reward,False,True
Generalization,m103,m103_GenLight_400_2,1,2,18,1767188248.972,3.156,1,4,21,2.983,4.428,3.142,3.164,complete_sequence_rewarded,True,True,True,2.983,0.159,0.021,cue_poke_lick_no_reward,False,True
Generalization,m103,m103_GenLight_400_2,1,2,19,1767188289.389,3.202,1,3,17,3.108,10.247,3.182,3.208,complete_sequence_rewarded,True,True,True,3.108,0.074,0.027,complete_sequence_rewarded,True,True
Generalization,m103,m103_GenLight_400_2,1,2,20,1767188328.394,1.495,1,0,9,1.37,NaN,1.483,1.501,complete_sequence_rewarded,True,True,True,1.37,0.112,0.019,complete_sequence_rewarded,True,True
Generalization,m103,m103_GenLight_400_2,1,2,21,1767188368.928,1.429,1,4,23,1.327,2.974,1.417,1.435,complete_sequence_rewarded,True,True,True,1.327,0.09,0.018,complete_sequence_rewarded,True,True
Generalization,m103,m103_GenLight_400_2,1,2,22,1767188412.719,3.848,1,6,49,3.75,18.52,3.825,3.854,complete_sequence_rewarded,True,True,True,3.75,0.075,0.029,complete_sequence_rewarded,True,True
Generalization,m103,m103_GenLight_400_2,1,2,23,1767188496.709,0.847,1,2,23,0.643,9.957,0.834,0.853,complete_sequence_rewarded,True,True,True,0.643,0.191,0.019,complete_sequence_rewarded,True,True
Generalization,m103,m103_GenLight_400_2,1,2,24,1767188539.971,2.6,1,2,13,2.411,9.304,2.581,2.605,complete_sequence_rewarded,True,True,True,2.411,0.17,0.025,complete_sequence_rewarded,True,True
Generalization,m103,m103_GenLight_400_2,1,2,25,1767188586.905,3.433,1,4,25,3.205,4.18,3.41,3.439,complete_sequence_rewarded,True,True,True,3.205,0.205,0.029,complete_sequence_rewarded,True,True
Generalization,m103,m103_GenLight_400_2,1,2,26,1767188627.451,2.447,1,1,15,2.335,10.854,2.429,2.453,complete_sequence_rewarded,True,True,True,2.335,0.094,0.024,complete_sequence_rewarded,True,True
Generalization,m103,m103_GenLight_400_2,1,2,27,1767188667.123,8.07,0,9,26,NaN,23.098,NaN,NaN,offcue_poke_only,False,False,False,NaN,NaN,NaN,complete_sequence_rewarded,True,True
Generalization,m103,m103_GenLight_400_2,1,2,28,1767188751.245,2.873,1,2,11,2.711,14.261,2.854,2.879,complete_sequence_rewarded,True,True,True,2.711,0.143,0.025,offcue_poke_only,False,False
Generalization,m103,m103_GenLight_400_2,1,2,29,1767188787.728,8.082,0,0,0,NaN,NaN,NaN,NaN,no_response,False,False,False,NaN,NaN,NaN,complete_sequence_rewarded,True,True
Generalization,m103,m103_GenLight_400_2,1,2,30,1767188829.898,5.633,1,1,15,5.486,12.031,5.625,5.639,complete_sequence_rewarded,True,True,True,5.486,0.139,0.014,no_response,False,False
Generalization,m103,m103_GenLight_400_2,1,2,31,1767188872.829,2.715,1,2,17,2.466,18.513,2.7,2.72,complete_sequence_rewarded,True,True,True,2.466,0.234,0.02,complete_sequence_rewarded,True,True
Generalization,m103,m103_GenLight_400_2,1,2,32,1767188918.325,0.203,1,7,31,0.058,6.805,0.185,NaN,cue_poke_lick_no_reward,True,True,False,0.058,0.127,NaN,complete_sequence_rewarded,True,True
Generalization,m103,m103_GenLight_400_2,1,2,33,1767188969.579,5.176,1,8,21,4.978,9.455,5.164,5.182,complete_sequence_rewarded,True,True,True,4.978,0.186,0.018,cue_poke_lick_no_reward,False,True
Generalization,m103,m103_GenLight_400_2,1,2,34,1767189029.055,1.884,1,2,19,1.694,7.876,1.865,1.892,complete_sequence_rewarded,True,True,True,1.694,0.171,0.027,complete_sequence_rewarded,True,True
Generalization,m103,m103_GenLight_400_2,1,2,35,1767189070.129,0.385,1,15,51,0.188,9.072,0.371,0.39,complete_sequence_rewarded,True,True,True,0.188,0.183,0.019,complete_sequence_rewarded,True,True
Generalization,m103,m103_GenLight_400_2,1,2,36,1767189192.269,3.611,1,3,7,3.391,6.321,3.593,NaN,cue_poke_lick_no_reward,True,True,False,3.391,0.202,NaN,complete_sequence_rewarded,True,True
Generalization,m103,m103_GenLight_400_2,1,2,37,1767189237.95,1.261,1,4,29,1.218,4.925,1.248,1.267,complete_sequence_rewarded,True,True,True,1.218,0.03,0.019,cue_poke_lick_no_reward,False,True
Generalization,m103,m103_GenLight_400_2,1,2,38,1767189289.534,2.746,1,10,33,2.665,22.034,2.722,2.751,complete_sequence_rewarded,True,True,True,2.665,0.057,0.029,complete_sequence_rewarded,True,True
Generalization,m103,m103_GenLight_400_2,1,2,39,1767189361.121,6.835,1,2,15,6.737,16.382,6.81,6.84,complete_sequence_rewarded,True,True,True,6.737,0.073,0.03,complete_sequence_rewarded,True,True
Generalization,m103,m103_GenLight_400_2,1,2,40,1767189402.265,5.078,1,6,35,4.875,9.039,5.064,5.083,complete_sequence_rewarded,True,True,True,4.875,0.189,0.019,complete_sequence_rewarded,True,True
Generalization,m103,m103_GenLight_400_2,1,2,41,1767189459.106,3.285,1,1,15,3.152,10.959,3.263,3.29,complete_sequence_rewarded,True,True,True,3.152,0.111,0.027,complete_sequence_rewarded,True,True
Generalization,m103,m103_GenLight_400_2,1,2,42,1767189498.66,8.057,0,8,26,NaN,15.244,NaN,NaN,offcue_poke_only,False,False,False,NaN,NaN,NaN,complete_sequence_rewarded,True,True
Generalization,m103,m103_GenLight_400_2,1,2,43,1767189579.4,0.866,1,3,17,0.608,15.597,0.848,NaN,cue_poke_lick_no_reward,True,True,False,0.608,0.24,NaN,offcue_poke_only,False,False
Generalization,m103,m103_GenLight_400_2,1,2,44,1767189621.921,4.602,1,4,21,4.331,13.986,4.584,4.607,complete_sequence_rewarded,True,True,True,4.331,0.253,0.023,cue_poke_lick_no_reward,False,True
Generalization,m103,m103_GenLight_400_2,1,2,45,1767189667.365,3.272,1,1,15,3.018,18.904,3.243,3.279,complete_sequence_rewarded,True,True,True,3.018,0.225,0.036,complete_sequence_rewarded,True,True
Generalization,m103,m103_GenLight_400_2,1,2,46,1767189709.049,2.766,1,3,9,2.579,13.983,2.741,2.771,complete_sequence_rewarded,True,True,True,2.579,0.162,0.03,complete_sequence_rewarded,True,True
Generalization,m103,m103_GenLight_400_2,1,2,47,1767189751.2,0.835,1,6,25,0.726,2.084,0.815,0.84,complete_sequence_rewarded,True,True,True,0.726,0.089,0.026,complete_sequence_rewarded,True,True
Generalization,m103,m103_GenLight_400_2,1,2,48,1767189818.551,8.077,0,2,8,NaN,25.757,NaN,NaN,offcue_poke_only,False,False,False,NaN,NaN,NaN,complete_sequence_rewarded,True,True
Generalization,m103,m103_GenLight_400_2,1,2,49,1767189866.144,0.765,1,6,41,0.566,11.999,0.751,0.771,complete_sequence_rewarded,True,True,True,0.566,0.186,0.02,offcue_poke_only,False,False
Generalization,m103,m103_GenLight_400_2,1,2,50,1767189932.54,1.038,1,5,9,0.942,3.413,1.022,NaN,cue_poke_lick_no_reward,True,True,False,0.942,0.081,NaN,complete_sequence_rewarded,True,True
Generalization,m103,m103_GenLight_400_2,1,2,51,1767189985.755,2.734,1,4,23,2.615,3.845,2.72,2.74,complete_sequence_rewarded,True,True,True,2.615,0.105,0.019,cue_poke_lick_no_reward,False,True
Generalization,m103,m103_GenLight_400_2,1,2,52,1767190033.264,8.069,0,4,16,NaN,12.977,NaN,NaN,offcue_poke_only,False,False,False,NaN,NaN,NaN,complete_sequence_rewarded,True,True
Generalization,m103,m103_GenLight_400_2,1,2,53,1767190094.62,2.992,1,4,21,2.914,19.094,2.968,2.999,complete_sequence_rewarded,True,True,True,2.914,0.054,0.031,offcue_poke_only,False,False
Generalization,m103,m103_GenLight_400_2,1,2,54,1767190138.01,2.509,1,6,27,2.444,3.223,2.495,2.515,complete_sequence_rewarded,True,True,True,2.444,0.051,0.02,complete_sequence_rewarded,True,True
Generalization,m103,m103_GenLight_400_2,1,2,55,1767190199.02,8.083,0,7,20,NaN,22.459,NaN,NaN,offcue_poke_only,False,False,False,NaN,NaN,NaN,complete_sequence_rewarded,True,True
Generalization,m103,m103_GenLight_400_2,1,2,56,1767190268.67,1.309,1,1,19,1.099,9.533,1.29,1.314,complete_sequence_rewarded,True,True,True,1.099,0.191,0.024,offcue_poke_only,False,False
Generalization,m103,m103_GenLight_400_2,1,2,57,1767190305.365,8.099,0,1,4,NaN,16.666,NaN,NaN,offcue_poke_only,False,False,False,NaN,NaN,NaN,complete_sequence_rewarded,True,True
Generalization,m103,m103_GenLight_400_2,1,2,58,1767190347.168,6.971,1,2,13,6.923,24.711,6.953,6.977,complete_sequence_rewarded,True,True,True,6.923,0.03,0.023,offcue_poke_only,False,False
Generalization,m103,m103_GenLight_400_2,1,2,59,1767190397.334,4.451,1,6,25,4.362,17.258,4.426,NaN,cue_poke_lick_no_reward,True,True,False,4.362,0.063,NaN,complete_sequence_rewarded,True,True
Generalization,m103,m103_GenLight_400_2,1,2,60,1767190473.012,1.508,1,0,13,1.339,NaN,1.489,1.514,complete_sequence_rewarded,True,True,True,1.339,0.15,0.024,cue_poke_lick_no_reward,False,True
Generalization,m103,m103_GenLight_400_2,1,2,61,1767190504.809,0.002,0,0,0,NaN,NaN,NaN,NaN,no_response,False,False,False,NaN,NaN,NaN,complete_sequence_rewarded,True,True
Generalization,m103,m103_GenLight_400_2,2,3,1,1767522511.484,3.564,1,2,27,3.403,16.6,3.55,3.57,complete_sequence_rewarded,True,True,True,3.403,0.147,0.02,,,
Generalization,m103,m103_GenLight_400_2,2,3,2,1767522549.048,8.069,0,0,0,NaN,NaN,NaN,NaN,no_response,False,False,False,NaN,NaN,NaN,complete_sequence_rewarded,True,True
Generalization,m103,m103_GenLight_400_2,2,3,3,1767522586.191,4.762,1,10,35,4.565,14.944,4.742,4.767,complete_sequence_rewarded,True,True,True,4.565,0.177,0.025,no_response,False,False
Generalization,m103,m103_GenLight_400_2,2,3,4,1767522630.552,1.187,1,4,29,1.01,10.141,1.159,1.193,complete_sequence_rewarded,True,True,True,1.01,0.149,0.034,complete_sequence_rewarded,True,True
Generalization,m103,m103_GenLight_400_2,2,3,5,1767522671.069,0.65,1,3,29,0.401,14.743,0.63,0.654,complete_sequence_rewarded,True,True,True,0.401,0.229,0.024,complete_sequence_rewarded,True,True
Generalization,m103,m103_GenLight_400_2,2,3,6,1767522709.965,2.885,1,5,29,2.629,26.935,2.862,2.891,complete_sequence_rewarded,True,True,True,2.629,0.232,0.029,complete_sequence_rewarded,True,True
Generalization,m103,m103_GenLight_400_2,2,3,7,1767522762.947,0.917,1,2,17,0.758,7.41,0.904,0.923,complete_sequence_rewarded,True,True,True,0.758,0.146,0.019,complete_sequence_rewarded,True,True
Generalization,m103,m103_GenLight_400_2,2,3,8,1767522805.92,1.239,1,4,31,1.074,10.965,1.215,1.243,complete_sequence_rewarded,True,True,True,1.074,0.14,0.029,complete_sequence_rewarded,True,True
Generalization,m103,m103_GenLight_400_2,2,3,9,1767522853.901,0.697,1,1,23,0.486,21.933,0.683,0.703,complete_sequence_rewarded,True,True,True,0.486,0.197,0.02,complete_sequence_rewarded,True,True
Generalization,m103,m103_GenLight_400_2,2,3,10,1767522893.053,1.256,1,0,15,1.047,NaN,1.235,1.261,complete_sequence_rewarded,True,True,True,1.047,0.187,0.027,complete_sequence_rewarded,True,True
Generalization,m103,m103_GenLight_400_2,2,3,11,1767522926.22,8.103,0,2,8,NaN,8.126,NaN,NaN,offcue_poke_only,False,False,False,NaN,NaN,NaN,complete_sequence_rewarded,True,True
Generalization,m103,m103_GenLight_400_2,2,3,12,1767522967.617,8.092,0,2,6,NaN,31.805,NaN,NaN,offcue_poke_only,False,False,False,NaN,NaN,NaN,offcue_poke_only,False,False
Generalization,m103,m103_GenLight_400_2,2,3,13,1767523019.273,5.439,1,0,15,5.335,NaN,5.419,5.445,complete_sequence_rewarded,True,True,True,5.335,0.084,0.026,offcue_poke_only,False,False
Generalization,m103,m103_GenLight_400_2,2,3,14,1767523056.77,8.076,0,4,28,NaN,10.687,NaN,NaN,offcue_poke_only,False,False,False,NaN,NaN,NaN,complete_sequence_rewarded,True,True
Generalization,m103,m103_GenLight_400_2,2,3,15,1767523117.982,3.71,1,0,13,3.614,NaN,3.698,3.716,complete_sequence_rewarded,True,True,True,3.614,0.084,0.018,offcue_poke_only,False,False
Generalization,m103,m103_GenLight_400_2,2,3,16,1767523152.763,8.071,0,0,0,NaN,NaN,NaN,NaN,no_response,False,False,False,NaN,NaN,NaN,complete_sequence_rewarded,True,True
Generalization,m103,m103_GenLight_400_2,2,3,17,1767523189.96,8.089,0,3,16,NaN,25.599,NaN,NaN,offcue_poke_only,False,False,False,NaN,NaN,NaN,no_response,False,False
Generalization,m103,m103_GenLight_400_2,2,3,18,1767523241.484,2.504,1,2,19,2.401,35.33,2.491,2.511,complete_sequence_rewarded,True,True,True,2.401,0.089,0.02,offcue_poke_only,False,False
Generalization,m103,m103_GenLight_400_2,2,3,19,1767523302.125,2.395,1,1,15,2.271,21.096,2.382,2.401,complete_sequence_rewarded,True,True,True,2.271,0.111,0.019,complete_sequence_rewarded,True,True
Generalization,m103,m103_GenLight_400_2,2,3,20,1767523335.167,1.783,1,1,13,1.671,22.129,1.755,1.789,complete_sequence_rewarded,True,True,True,1.671,0.084,0.033,complete_sequence_rewarded,True,True
Generalization,m103,m103_GenLight_400_2,2,3,21,1767523371.504,8.004,1,1,15,7.749,20.554,7.983,8.012,complete_sequence_rewarded,True,True,True,7.749,0.233,0.029,complete_sequence_rewarded,True,True
Generalization,m103,m103_GenLight_400_2,2,3,22,1767523415.927,3.166,1,0,13,2.91,NaN,3.137,3.172,complete_sequence_rewarded,True,True,True,2.91,0.227,0.035,complete_sequence_rewarded,True,True
Generalization,m103,m103_GenLight_400_2,2,3,23,1767523452.995,8.097,0,0,0,NaN,NaN,NaN,NaN,no_response,False,False,False,NaN,NaN,NaN,complete_sequence_rewarded,True,True
Generalization,m103,m103_GenLight_400_2,2,3,24,1767523496.169,5.416,1,0,9,5.2,NaN,5.401,5.423,complete_sequence_rewarded,True,True,True,5.2,0.201,0.022,no_response,False,False
Generalization,m103,m103_GenLight_400_2,2,3,25,1767523539.547,1.019,1,9,29,0.894,2.977,1.004,1.025,complete_sequence_rewarded,True,True,True,0.894,0.11,0.021,complete_sequence_rewarded,True,True
Generalization,m103,m103_GenLight_400_2,2,3,26,1767523593.064,2.596,1,1,15,2.477,31.571,2.572,2.601,complete_sequence_rewarded,True,True,True,2.477,0.095,0.029,complete_sequence_rewarded,True,True
Generalization,m103,m103_GenLight_400_2,2,3,27,1767523637.603,7.435,1,1,11,7.308,26.966,7.41,7.44,complete_sequence_rewarded,True,True,True,7.308,0.102,0.03,complete_sequence_rewarded,True,True
Generalization,m103,m103_GenLight_400_2,2,3,28,1767523680.007,4.472,1,3,7,4.246,21.529,4.453,NaN,cue_poke_lick_no_reward,True,True,False,4.246,0.207,NaN,complete_sequence_rewarded,True,True
Generalization,m103,m103_GenLight_400_2,2,3,29,1767523741.093,5.038,1,0,9,4.905,NaN,5.025,5.044,complete_sequence_rewarded,True,True,True,4.905,0.12,0.019,cue_poke_lick_no_reward,False,True
Generalization,m103,m103_GenLight_400_2,2,3,30,1767523779.777,7.006,1,0,15,6.826,NaN,6.987,7.012,complete_sequence_rewarded,True,True,True,6.826,0.161,0.025,complete_sequence_rewarded,True,True
Generalization,m103,m103_GenLight_400_2,2,3,31,1767523825.472,8.054,0,0,0,NaN,NaN,NaN,NaN,no_response,False,False,False,NaN,NaN,NaN,complete_sequence_rewarded,True,True
Generalization,m103,m103_GenLight_400_2,2,3,32,1767523859.607,6.204,1,0,9,6.122,NaN,6.19,6.21,complete_sequence_rewarded,True,True,True,6.122,0.069,0.02,no_response,False,False
Generalization,m103,m103_GenLight_400_2,2,3,33,1767523895.894,2.826,1,7,17,2.606,3.803,2.809,2.831,complete_sequence_rewarded,True,True,True,2.606,0.203,0.021,complete_sequence_rewarded,True,True
Generalization,m103,m103_GenLight_400_2,2,3,34,1767523940.503,8.061,0,1,6,NaN,11.095,NaN,NaN,offcue_poke_only,False,False,False,NaN,NaN,NaN,complete_sequence_rewarded,True,True
Generalization,m103,m103_GenLight_400_2,2,3,35,1767523985.476,4.094,1,1,9,3.773,5.474,4.073,4.1,complete_sequence_rewarded,True,True,True,3.773,0.301,0.026,offcue_poke_only,False,False
Generalization,m103,m103_GenLight_400_2,2,3,36,1767524021.423,8.088,0,0,0,NaN,NaN,NaN,NaN,no_response,False,False,False,NaN,NaN,NaN,complete_sequence_rewarded,True,True
Generalization,m103,m103_GenLight_400_2,2,3,37,1767524054.597,4.015,1,0,3,3.794,NaN,4.006,NaN,cue_poke_lick_no_reward,True,True,False,3.794,0.212,NaN,no_response,False,False
Generalization,m103,m103_GenLight_400_2,2,3,38,1767524096.535,0.534,1,0,13,0.299,NaN,0.519,0.539,complete_sequence_rewarded,True,True,True,0.299,0.219,0.02,cue_poke_lick_no_reward,False,True
Generalization,m103,m103_GenLight_400_2,2,3,39,1767524131.984,8.093,0,0,0,NaN,NaN,NaN,NaN,no_response,False,False,False,NaN,NaN,NaN,complete_sequence_rewarded,True,True
Generalization,m103,m103_GenLight_400_2,2,3,40,1767524169.176,3.786,1,3,5,3.574,4.331,3.752,3.792,complete_sequence_rewarded,True,True,True,3.574,0.178,0.039,no_response,False,False
Generalization,m103,m103_GenLight_400_2,2,3,41,1767524213.154,8.072,0,1,6,NaN,9.993,NaN,NaN,offcue_poke_only,False,False,False,NaN,NaN,NaN,complete_sequence_rewarded,True,True
Generalization,m103,m103_GenLight_400_2,2,3,42,1767524247.777,8.102,0,1,6,NaN,26.219,NaN,NaN,offcue_poke_only,False,False,False,NaN,NaN,NaN,offcue_poke_only,False,False
Generalization,m103,m103_GenLight_400_2,2,3,43,1767524286.945,8.093,0,1,2,NaN,20.987,NaN,NaN,offcue_poke_only,False,False,False,NaN,NaN,NaN,offcue_poke_only,False,False
Generalization,m103,m103_GenLight_400_2,2,3,44,1767524323.756,7.735,1,0,11,7.5,NaN,7.718,7.74,complete_sequence_rewarded,True,True,True,7.5,0.218,0.022,offcue_poke_only,False,False
Generalization,m103,m103_GenLight_400_2,2,3,45,1767524370.4,4.411,1,0,5,4.246,NaN,4.399,NaN,cue_poke_lick_no_reward,True,True,False,4.246,0.153,NaN,complete_sequence_rewarded,True,True
Generalization,m103,m103_GenLight_400_2,2,3,46,1767524406.778,8.056,0,1,0,NaN,30.495,NaN,NaN,offcue_poke_only,False,False,False,NaN,NaN,NaN,cue_poke_lick_no_reward,False,True
Generalization,m103,m103_GenLight_400_2,2,3,47,1767524448.318,8.107,0,2,0,NaN,24.353,NaN,NaN,offcue_poke_only,False,False,False,NaN,NaN,NaN,offcue_poke_only,False,False
Generalization,m103,m103_GenLight_400_2,2,3,48,1767524486.821,8.087,1,2,0,0.808,27.411,NaN,NaN,cue_poke_no_lick,True,False,False,0.808,NaN,NaN,offcue_poke_only,False,False
Generalization,m103,m103_GenLight_400_2,2,3,49,1767524526.534,4.65,1,5,5,4.559,5.109,4.637,4.656,complete_sequence_rewarded,True,True,True,4.559,0.078,0.019,cue_poke_no_lick,False,True
Generalization,m103,m103_GenLight_400_2,2,3,50,1767524570.367,3.081,1,2,1,2.736,3.206,3.066,NaN,cue_poke_lick_no_reward,True,True,False,2.736,0.33,NaN,complete_sequence_rewarded,True,True
Generalization,m103,m103_GenLight_400_2,2,3,51,1767524614.936,6.222,1,1,17,6.148,27.303,6.198,6.228,complete_sequence_rewarded,True,True,True,6.148,0.05,0.03,cue_poke_lick_no_reward,False,True
Generalization,m103,m103_GenLight_400_2,2,3,52,1767524653.013,3.407,1,0,9,3.291,NaN,3.387,3.412,complete_sequence_rewarded,True,True,True,3.291,0.096,0.025,complete_sequence_rewarded,True,True
Generalization,m103,m103_GenLight_400_2,2,3,53,1767524696.448,8.063,0,1,8,NaN,28.383,NaN,NaN,offcue_poke_only,False,False,False,NaN,NaN,NaN,complete_sequence_rewarded,True,True
Generalization,m103,m103_GenLight_400_2,2,3,54,1767524735.507,4.955,1,1,13,4.767,40.74,4.933,4.962,complete_sequence_rewarded,True,True,True,4.767,0.165,0.029,offcue_poke_only,False,False
Generalization,m103,m103_GenLight_400_2,2,3,55,1767524789.044,3.407,1,0,7,3.244,NaN,3.394,3.413,complete_sequence_rewarded,True,True,True,3.244,0.149,0.02,complete_sequence_rewarded,True,True
Generalization,m103,m103_GenLight_400_2,2,3,56,1767524829.419,8.069,0,2,8,NaN,19.78,NaN,NaN,offcue_poke_only,False,False,False,NaN,NaN,NaN,complete_sequence_rewarded,True,True
Generalization,m103,m103_GenLight_400_2,2,3,57,1767524884.865,7.862,1,0,9,7.591,NaN,7.843,7.867,complete_sequence_rewarded,True,True,True,7.591,0.252,0.024,offcue_poke_only,False,False
Generalization,m103,m103_GenLight_400_2,2,3,58,1767524928.604,3.469,1,0,7,3.322,NaN,3.446,3.477,complete_sequence_rewarded,True,True,True,3.322,0.124,0.031,complete_sequence_rewarded,True,True
Generalization,m103,m103_GenLight_400_2,2,3,59,1767524964.079,0.337,1,1,11,0.274,24.467,0.323,NaN,cue_poke_lick_no_reward,True,True,False,0.274,0.049,NaN,complete_sequence_rewarded,True,True
Generalization,m103,m103_GenLight_400_2,2,3,60,1767524999.232,3.617,1,0,7,3.356,NaN,3.604,3.623,complete_sequence_rewarded,True,True,True,3.356,0.249,0.019,cue_poke_lick_no_reward,False,True
Generalization,m103,m103_GenLight_400_2,2,3,61,1767525042.094,0.002,0,0,0,NaN,NaN,NaN,NaN,no_response,False,False,False,NaN,NaN,NaN,complete_sequence_rewarded,True,True
Generalization,m103,m103_GenLight_400_2,4,4,1,1767620008.281,8.056,0,0,0,NaN,NaN,NaN,NaN,no_response,False,False,False,NaN,NaN,NaN,,,
Generalization,m103,m103_GenLight_400_2,4,4,2,1767620047.418,8.071,0,1,4,NaN,31.105,NaN,NaN,offcue_poke_only,False,False,False,NaN,NaN,NaN,no_response,False,False
Generalization,m103,m103_GenLight_400_2,4,4,3,1767620089.173,3.915,1,10,15,3.837,4.015,3.891,3.922,complete_sequence_rewarded,True,True,True,3.837,0.054,0.031,offcue_poke_only,False,False
Generalization,m103,m103_GenLight_400_2,4,4,4,1767620135.653,2.394,1,1,21,2.241,21.332,2.366,2.4,complete_sequence_rewarded,True,True,True,2.241,0.125,0.034,complete_sequence_rewarded,True,True
Generalization,m103,m103_GenLight_400_2,4,4,5,1767620176.533,2.515,1,2,19,2.248,22.265,2.497,2.522,complete_sequence_rewarded,True,True,True,2.248,0.249,0.025,complete_sequence_rewarded,True,True
Generalization,m103,m103_GenLight_400_2,4,4,6,1767620210.492,6.456,1,2,10,6.294,13.142,6.39,6.461,complete_sequence_rewarded,True,True,True,6.294,0.096,0.071,complete_sequence_rewarded,True,True
Generalization,m103,m103_GenLight_400_2,4,4,7,1767620254.694,4.238,1,5,23,4.087,31.202,4.224,4.244,complete_sequence_rewarded,True,True,True,4.087,0.137,0.02,complete_sequence_rewarded,True,True
Generalization,m103,m103_GenLight_400_2,4,4,8,1767620327.158,1.308,1,3,23,1.294,1.901,1.314,1.317,complete_sequence_rewarded,True,True,True,1.294,0.02,0.003,complete_sequence_rewarded,True,True
Generalization,m103,m103_GenLight_400_2,4,4,9,1767620371.463,8.081,0,1,4,NaN,9.358,NaN,NaN,offcue_poke_only,False,False,False,NaN,NaN,NaN,complete_sequence_rewarded,True,True
Generalization,m103,m103_GenLight_400_2,4,4,10,1767620409.424,8.079,0,1,6,NaN,31.332,NaN,NaN,offcue_poke_only,False,False,False,NaN,NaN,NaN,offcue_poke_only,False,False
Generalization,m103,m103_GenLight_400_2,4,4,11,1767620450.888,2.459,1,1,15,2.291,9.178,2.44,2.464,complete_sequence_rewarded,True,True,True,2.291,0.149,0.025,offcue_poke_only,False,False
Generalization,m103,m103_GenLight_400_2,4,4,12,1767620490.507,5.221,1,3,11,5.204,5.531,5.205,5.228,complete_sequence_rewarded,True,True,True,5.204,0.001,0.023,complete_sequence_rewarded,True,True
Generalization,m103,m103_GenLight_400_2,4,4,13,1767620527.876,3.022,1,3,19,2.952,4.154,2.953,3.027,complete_sequence_rewarded,True,True,True,2.952,0.001,0.073,complete_sequence_rewarded,True,True
Generalization,m103,m103_GenLight_400_2,4,4,14,1767620563.934,8.095,0,2,6,NaN,11.978,NaN,NaN,offcue_poke_only,False,False,False,NaN,NaN,NaN,complete_sequence_rewarded,True,True
Generalization,m103,m103_GenLight_400_2,4,4,15,1767620603.748,8.069,0,3,6,NaN,39.97,NaN,NaN,offcue_poke_only,False,False,False,NaN,NaN,NaN,offcue_poke_only,False,False
Generalization,m103,m103_GenLight_400_2,4,4,16,1767620668.307,4.523,1,0,9,4.31,NaN,4.504,4.529,complete_sequence_rewarded,True,True,True,4.31,0.194,0.025,offcue_poke_only,False,False
Generalization,m103,m103_GenLight_400_2,4,4,17,1767620706.776,0.627,1,5,17,0.535,38.521,0.615,0.633,complete_sequence_rewarded,True,True,True,0.535,0.08,0.019,complete_sequence_rewarded,True,True
Generalization,m103,m103_GenLight_400_2,4,4,18,1767620781.105,8.072,0,3,8,NaN,8.736,NaN,NaN,offcue_poke_only,False,False,False,NaN,NaN,NaN,complete_sequence_rewarded,True,True
Generalization,m103,m103_GenLight_400_2,4,4,19,1767620820.784,8.104,0,0,0,NaN,NaN,NaN,NaN,no_response,False,False,False,NaN,NaN,NaN,offcue_poke_only,False,False
Generalization,m103,m103_GenLight_400_2,4,4,20,1767620853.95,8.058,0,0,0,NaN,NaN,NaN,NaN,no_response,False,False,False,NaN,NaN,NaN,no_response,False,False
Generalization,m103,m103_GenLight_400_2,4,4,21,1767620894.091,3.875,1,1,17,3.779,5.168,3.862,3.88,complete_sequence_rewarded,True,True,True,3.779,0.083,0.018,no_response,False,False
Generalization,m103,m103_GenLight_400_2,4,4,22,1767620933.013,4.782,1,4,27,4.719,21.742,4.769,4.788,complete_sequence_rewarded,True,True,True,4.719,0.05,0.019,complete_sequence_rewarded,True,True
Generalization,m103,m103_GenLight_400_2,4,4,23,1767620984.965,2.199,1,5,19,2.187,9.216,2.205,2.21,complete_sequence_rewarded,True,True,True,2.187,0.018,0.005,complete_sequence_rewarded,True,True
Generalization,m103,m103_GenLight_400_2,4,4,24,1767621024.939,6.92,1,0,13,6.792,NaN,6.907,6.925,complete_sequence_rewarded,True,True,True,6.792,0.115,0.019,complete_sequence_rewarded,True,True
Generalization,m103,m103_GenLight_400_2,4,4,25,1767621063.861,4.126,1,2,23,3.965,23.087,4.106,4.132,complete_sequence_rewarded,True,True,True,3.965,0.141,0.026,complete_sequence_rewarded,True,True
Generalization,m103,m103_GenLight_400_2,4,4,26,1767621110.943,8.123,1,1,4,5.782,30.783,30.885,NaN,cue_poke_lick_no_reward,True,True,False,5.782,25.103,NaN,complete_sequence_rewarded,True,True
Generalization,m103,m103_GenLight_400_2,4,4,27,1767621160.068,8.061,0,1,6,NaN,19.419,NaN,NaN,offcue_poke_only,False,False,False,NaN,NaN,NaN,cue_poke_lick_no_reward,False,True
Generalization,m103,m103_GenLight_400_2,4,4,28,1767621200.416,0.846,1,0,15,0.46,NaN,0.823,0.852,complete_sequence_rewarded,True,True,True,0.46,0.363,0.029,offcue_poke_only,False,False
Generalization,m103,m103_GenLight_400_2,4,4,29,1767621233.027,1.42,1,0,9,1.292,NaN,1.408,1.427,complete_sequence_rewarded,True,True,True,1.292,0.116,0.019,complete_sequence_rewarded,True,True
Generalization,m103,m103_GenLight_400_2,4,4,30,1767621274.449,8.097,0,5,6,NaN,17.203,NaN,NaN,offcue_poke_only,False,False,False,NaN,NaN,NaN,complete_sequence_rewarded,True,True
Generalization,m103,m103_GenLight_400_2,4,4,31,1767621323.333,3.899,1,0,19,3.844,NaN,3.88,3.905,complete_sequence_rewarded,True,True,True,3.844,0.036,0.025,offcue_poke_only,False,False
Generalization,m103,m103_GenLight_400_2,4,4,32,1767621363.28,8.078,0,0,0,NaN,NaN,NaN,NaN,no_response,False,False,False,NaN,NaN,NaN,complete_sequence_rewarded,True,True
Generalization,m103,m103_GenLight_400_2,4,4,33,1767621397.456,8.08,0,0,0,NaN,NaN,NaN,NaN,no_response,False,False,False,NaN,NaN,NaN,no_response,False,False
Generalization,m103,m103_GenLight_400_2,4,4,34,1767621430.627,8.092,0,2,8,NaN,32.016,NaN,NaN,offcue_poke_only,False,False,False,NaN,NaN,NaN,no_response,False,False
Generalization,m103,m103_GenLight_400_2,4,4,35,1767621483.057,8.079,0,0,0,NaN,NaN,NaN,NaN,no_response,False,False,False,NaN,NaN,NaN,offcue_poke_only,False,False
Generalization,m103,m103_GenLight_400_2,4,4,36,1767621520.293,2.974,1,1,9,2.852,5.833,2.957,2.981,complete_sequence_rewarded,True,True,True,2.852,0.104,0.024,no_response,False,False
Generalization,m103,m103_GenLight_400_2,4,4,37,1767621557.327,8.12,4,0,0,5.29,NaN,NaN,NaN,cue_poke_no_lick,True,False,False,5.29,NaN,NaN,complete_sequence_rewarded,True,True
Generalization,m103,m103_GenLight_400_2,4,4,38,1767621595.796,3.493,1,1,9,3.389,4.954,3.465,3.497,complete_sequence_rewarded,True,True,True,3.389,0.076,0.033,cue_poke_no_lick,False,True
Generalization,m103,m103_GenLight_400_2,4,4,39,1767621631.332,3.835,1,5,13,3.824,4.832,3.995,3.841,complete_sequence_rewarded,True,True,True,3.824,0.171,-0.154,complete_sequence_rewarded,True,True
Generalization,m103,m103_GenLight_400_2,4,4,40,1767621678.94,0.77,1,7,27,0.532,2.859,0.753,0.776,complete_sequence_rewarded,True,True,True,0.532,0.221,0.023,complete_sequence_rewarded,True,True
Generalization,m103,m103_GenLight_400_2,4,4,41,1767621732.88,4.207,1,5,31,3.959,6.69,4.189,4.213,complete_sequence_rewarded,True,True,True,3.959,0.231,0.024,complete_sequence_rewarded,True,True
Generalization,m103,m103_GenLight_400_2,4,4,42,1767621787.695,6.367,1,3,9,6.196,23.051,6.344,6.371,complete_sequence_rewarded,True,True,True,6.196,0.148,0.027,complete_sequence_rewarded,True,True
Generalization,m103,m103_GenLight_400_2,4,4,43,1767621833.744,8.059,0,2,10,NaN,28.685,NaN,NaN,offcue_poke_only,False,False,False,NaN,NaN,NaN,complete_sequence_rewarded,True,True
Generalization,m103,m103_GenLight_400_2,4,4,44,1767621881.139,6.983,2,5,25,6.781,7.738,6.954,6.988,complete_sequence_rewarded,True,True,True,6.781,0.173,0.034,offcue_poke_only,False,False
Generalization,m103,m103_GenLight_400_2,4,4,45,1767621939.465,8.096,0,0,0,NaN,NaN,NaN,NaN,no_response,False,False,False,NaN,NaN,NaN,complete_sequence_rewarded,True,True
Generalization,m103,m103_GenLight_400_2,4,4,46,1767621972.645,8.081,0,3,16,NaN,13.283,NaN,NaN,offcue_poke_only,False,False,False,NaN,NaN,NaN,no_response,False,False
Generalization,m103,m103_GenLight_400_2,4,4,47,1767622018.645,4.087,2,2,27,3.88,4.682,4.022,4.093,complete_sequence_rewarded,True,True,True,3.88,0.141,0.071,offcue_poke_only,False,False
Generalization,m103,m103_GenLight_400_2,4,4,48,1767622066.801,2.689,1,0,11,2.601,NaN,2.67,2.694,complete_sequence_rewarded,True,True,True,2.601,0.069,0.024,complete_sequence_rewarded,True,True
Generalization,m103,m103_GenLight_400_2,4,4,49,1767622102.544,6.525,1,9,27,6.337,7.754,6.504,6.53,complete_sequence_rewarded,True,True,True,6.337,0.167,0.026,complete_sequence_rewarded,True,True
Generalization,m103,m103_GenLight_400_2,4,4,50,1767622157.366,8.125,1,2,4,4.264,12.351,4.336,NaN,cue_poke_lick_no_reward,True,True,False,4.264,0.072,NaN,complete_sequence_rewarded,True,True
Generalization,m103,m103_GenLight_400_2,4,4,51,1767622207.244,0.517,1,0,9,0.321,NaN,0.492,0.523,complete_sequence_rewarded,True,True,True,0.321,0.172,0.031,cue_poke_lick_no_reward,False,True
Generalization,m103,m103_GenLight_400_2,4,4,52,1767622246.728,8.065,0,13,22,NaN,13.204,NaN,NaN,offcue_poke_only,False,False,False,NaN,NaN,NaN,complete_sequence_rewarded,True,True
Generalization,m103,m103_GenLight_400_2,4,4,53,1767622319.992,8.12,0,3,14,NaN,16.539,NaN,NaN,offcue_poke_only,False,False,False,NaN,NaN,NaN,offcue_poke_only,False,False
Generalization,m103,m103_GenLight_400_2,4,4,54,1767622360.983,3.199,1,2,15,3.023,4.338,3.178,3.204,complete_sequence_rewarded,True,True,True,3.023,0.155,0.026,offcue_poke_only,False,False
Generalization,m103,m103_GenLight_400_2,4,4,55,1767622402.03,8.087,0,4,6,NaN,8.453,NaN,NaN,offcue_poke_only,False,False,False,NaN,NaN,NaN,complete_sequence_rewarded,True,True
Generalization,m103,m103_GenLight_400_2,4,4,56,1767622445.645,0.792,1,1,3,0.589,34.121,0.777,NaN,cue_poke_lick_no_reward,True,True,False,0.589,0.189,NaN,offcue_poke_only,False,False
Generalization,m103,m103_GenLight_400_2,4,4,57,1767622490.581,8.094,0,0,0,NaN,NaN,NaN,NaN,no_response,False,False,False,NaN,NaN,NaN,cue_poke_lick_no_reward,False,True
Generalization,m103,m103_GenLight_400_2,4,4,58,1767622527.751,8.091,0,1,2,NaN,14.427,NaN,NaN,offcue_poke_only,False,False,False,NaN,NaN,NaN,no_response,False,False
Generalization,m103,m103_GenLight_400_2,4,4,59,1767622565.568,7.376,2,1,11,7.208,8.158,7.362,7.382,complete_sequence_rewarded,True,True,True,7.208,0.154,0.02,offcue_poke_only,False,False
Generalization,m103,m103_GenLight_400_2,4,4,60,1767622610.942,8.091,0,2,0,NaN,32.973,NaN,NaN,offcue_poke_only,False,False,False,NaN,NaN,NaN,complete_sequence_rewarded,True,True
Generalization,m103,m103_GenLight_400_2,4,4,61,1767622654.398,0.338,0,0,0,NaN,NaN,NaN,NaN,no_response,False,False,False,NaN,NaN,NaN,offcue_poke_only,False,False
Generalization,m104,m104_GenLight_400,1,1,1,1767007238.802,4.267,1,2,19,3.957,6.028,4.254,4.273,complete_sequence_rewarded,True,True,True,3.957,0.298,0.019,,,
Generalization,m104,m104_GenLight_400,1,1,2,1767007279.958,8.108,0,7,34,NaN,8.767,NaN,NaN,offcue_poke_only,False,False,False,NaN,NaN,NaN,complete_sequence_rewarded,True,True
Generalization,m104,m104_GenLight_400,1,1,3,1767007341.015,1.622,1,7,31,1.443,4.601,1.599,1.629,complete_sequence_rewarded,True,True,True,1.443,0.157,0.029,offcue_poke_only,False,False
Generalization,m104,m104_GenLight_400,1,1,4,1767007379.868,3.235,1,20,89,2.843,6.905,3.217,3.241,complete_sequence_rewarded,True,True,True,2.843,0.373,0.024,complete_sequence_rewarded,True,True
Generalization,m104,m104_GenLight_400,1,1,5,1767007511.878,1.936,1,5,29,1.784,5.762,1.91,1.941,complete_sequence_rewarded,True,True,True,1.784,0.126,0.032,complete_sequence_rewarded,True,True
Generalization,m104,m104_GenLight_400,1,1,6,1767007556.798,2.496,1,11,43,2.265,4.947,2.483,2.502,complete_sequence_rewarded,True,True,True,2.265,0.218,0.018,complete_sequence_rewarded,True,True
Generalization,m104,m104_GenLight_400,1,1,7,1767007624.37,0.348,1,5,29,0.117,5.902,0.328,0.354,complete_sequence_rewarded,True,True,True,0.117,0.211,0.026,complete_sequence_rewarded,True,True
Generalization,m104,m104_GenLight_400,1,1,8,1767007667.367,7.975,1,5,25,7.738,37.83,7.952,7.983,complete_sequence_rewarded,True,True,True,7.738,0.214,0.03,complete_sequence_rewarded,True,True
Generalization,m104,m104_GenLight_400,1,1,9,1767007725.584,8.073,0,0,0,NaN,NaN,NaN,NaN,no_response,False,False,False,NaN,NaN,NaN,complete_sequence_rewarded,True,True
Generalization,m104,m104_GenLight_400,1,1,10,1767007760.743,8.101,1,6,54,7.876,12.765,8.289,8.311,complete_sequence_rewarded,True,True,True,7.876,0.413,0.022,no_response,False,False
Generalization,m104,m104_GenLight_400,1,1,11,1767007823.548,3.47,1,11,57,3.266,8.347,3.451,3.476,complete_sequence_rewarded,True,True,True,3.266,0.185,0.025,complete_sequence_rewarded,True,True
Generalization,m104,m104_GenLight_400,1,1,12,1767007920.771,1.737,1,5,27,1.517,9.161,1.722,1.744,complete_sequence_rewarded,True,True,True,1.517,0.205,0.021,complete_sequence_rewarded,True,True
Generalization,m104,m104_GenLight_400,1,1,13,1767007960.906,6.065,1,2,23,5.898,8.743,6.049,6.072,complete_sequence_rewarded,True,True,True,5.898,0.151,0.022,complete_sequence_rewarded,True,True
Generalization,m104,m104_GenLight_400,1,1,14,1767008006.662,1.181,1,5,39,0.995,4.339,1.164,1.188,complete_sequence_rewarded,True,True,True,0.995,0.169,0.024,complete_sequence_rewarded,True,True
Generalization,m104,m104_GenLight_400,1,1,15,1767008067.956,8.093,0,9,28,NaN,10.995,NaN,NaN,offcue_poke_only,False,False,False,NaN,NaN,NaN,complete_sequence_rewarded,True,True
Generalization,m104,m104_GenLight_400,1,1,16,1767008131.199,0.804,1,3,25,0.616,11.019,0.786,0.81,complete_sequence_rewarded,True,True,True,0.616,0.169,0.025,offcue_poke_only,False,False
Generalization,m104,m104_GenLight_400,1,1,17,1767008169.625,0.759,1,5,27,0.564,11.573,0.735,0.764,complete_sequence_rewarded,True,True,True,0.564,0.171,0.029,complete_sequence_rewarded,True,True
Generalization,m104,m104_GenLight_400,1,1,18,1767008216.467,8.08,0,3,10,NaN,11.53,NaN,NaN,offcue_poke_only,False,False,False,NaN,NaN,NaN,complete_sequence_rewarded,True,True
Generalization,m104,m104_GenLight_400,1,1,19,1767008258.668,0.471,1,1,9,0.283,2.916,0.452,0.477,complete_sequence_rewarded,True,True,True,0.283,0.169,0.025,offcue_poke_only,False,False
Generalization,m104,m104_GenLight_400,1,1,20,1767008289.12,8.098,0,1,8,NaN,17.685,NaN,NaN,offcue_poke_only,False,False,False,NaN,NaN,NaN,complete_sequence_rewarded,True,True
Generalization,m104,m104_GenLight_400,1,1,21,1767008324.117,1.1,1,8,45,0.932,5.571,1.084,1.105,complete_sequence_rewarded,True,True,True,0.932,0.152,0.021,offcue_poke_only,False,False
Generalization,m104,m104_GenLight_400,1,1,22,1767008371.665,7.279,1,5,27,7.096,9.732,7.265,7.286,complete_sequence_rewarded,True,True,True,7.096,0.17,0.021,complete_sequence_rewarded,True,True
Generalization,m104,m104_GenLight_400,1,1,23,1767008422.11,0.945,1,3,29,0.741,4.662,0.926,0.951,complete_sequence_rewarded,True,True,True,0.741,0.185,0.025,complete_sequence_rewarded,True,True
Generalization,m104,m104_GenLight_400,1,1,24,1767008470.667,1.029,1,5,27,0.81,9.701,1.019,1.037,complete_sequence_rewarded,True,True,True,0.81,0.209,0.017,complete_sequence_rewarded,True,True
Generalization,m104,m104_GenLight_400,1,1,25,1767008529.693,2.851,1,3,25,2.614,10.084,2.823,2.857,complete_sequence_rewarded,True,True,True,2.614,0.209,0.034,complete_sequence_rewarded,True,True
Generalization,m104,m104_GenLight_400,1,1,26,1767008573.683,8.114,0,0,0,NaN,NaN,NaN,NaN,no_response,False,False,False,NaN,NaN,NaN,complete_sequence_rewarded,True,True
Generalization,m104,m104_GenLight_400,1,1,27,1767008607.833,8.1,0,1,4,NaN,16.303,NaN,NaN,offcue_poke_only,False,False,False,NaN,NaN,NaN,no_response,False,False
Generalization,m104,m104_GenLight_400,1,1,28,1767008650.646,2.471,1,5,25,2.281,5.289,2.447,2.477,complete_sequence_rewarded,True,True,True,2.281,0.166,0.03,offcue_poke_only,False,False
Generalization,m104,m104_GenLight_400,1,1,29,1767008694.113,2.94,1,3,5,2.781,4.025,2.916,NaN,cue_poke_lick_no_reward,True,True,False,2.781,0.135,NaN,complete_sequence_rewarded,True,True
Generalization,m104,m104_GenLight_400,1,1,30,1767008732.324,1.85,1,3,23,1.639,6.31,1.829,1.857,complete_sequence_rewarded,True,True,True,1.639,0.19,0.028,cue_poke_lick_no_reward,False,True
Generalization,m104,m104_GenLight_400,1,1,31,1767008776.294,1.928,1,2,17,1.735,18.409,1.909,1.934,complete_sequence_rewarded,True,True,True,1.735,0.174,0.025,complete_sequence_rewarded,True,True
Generalization,m104,m104_GenLight_400,1,1,32,1767008814.122,2.182,1,2,23,2.006,18.935,2.162,2.192,complete_sequence_rewarded,True,True,True,2.006,0.155,0.031,complete_sequence_rewarded,True,True
Generalization,m104,m104_GenLight_400,1,1,33,1767008856.377,1.294,1,6,33,1.065,13.473,1.266,1.299,complete_sequence_rewarded,True,True,True,1.065,0.201,0.033,complete_sequence_rewarded,True,True
Generalization,m104,m104_GenLight_400,1,1,34,1767008907.931,8.068,0,1,6,NaN,9.146,NaN,NaN,offcue_poke_only,False,False,False,NaN,NaN,NaN,complete_sequence_rewarded,True,True
Generalization,m104,m104_GenLight_400,1,1,35,1767008950.687,5.655,1,1,17,5.41,30.582,5.642,5.661,complete_sequence_rewarded,True,True,True,5.41,0.232,0.019,offcue_poke_only,False,False
Generalization,m104,m104_GenLight_400,1,1,36,1767008992.144,0.795,1,2,15,0.604,15.06,0.782,0.801,complete_sequence_rewarded,True,True,True,0.604,0.177,0.019,complete_sequence_rewarded,True,True
Generalization,m104,m104_GenLight_400,1,1,37,1767009038.542,8.027,0,3,12,NaN,18.935,NaN,NaN,offcue_poke_only,False,False,False,NaN,NaN,NaN,complete_sequence_rewarded,True,True
Generalization,m104,m104_GenLight_400,1,1,38,1767009085.365,8.068,0,3,16,NaN,24.571,NaN,NaN,offcue_poke_only,False,False,False,NaN,NaN,NaN,offcue_poke_only,False,False
Generalization,m104,m104_GenLight_400,1,1,39,1767009141.577,0.973,1,3,19,0.747,7.597,0.954,0.978,complete_sequence_rewarded,True,True,True,0.747,0.207,0.024,offcue_poke_only,False,False
Generalization,m104,m104_GenLight_400,1,1,40,1767009183.821,0.767,1,2,23,0.584,18.36,0.749,0.773,complete_sequence_rewarded,True,True,True,0.584,0.165,0.024,complete_sequence_rewarded,True,True
Generalization,m104,m104_GenLight_400,1,1,41,1767009225.98,2.124,1,0,17,1.905,NaN,2.106,2.13,complete_sequence_rewarded,True,True,True,1.905,0.2,0.024,complete_sequence_rewarded,True,True
Generalization,m104,m104_GenLight_400,1,1,42,1767009261.032,8.056,0,0,0,NaN,NaN,NaN,NaN,no_response,False,False,False,NaN,NaN,NaN,complete_sequence_rewarded,True,True
Generalization,m104,m104_GenLight_400,1,1,43,1767009302.174,8.09,0,1,6,NaN,42.561,NaN,NaN,offcue_poke_only,False,False,False,NaN,NaN,NaN,no_response,False,False
Generalization,m104,m104_GenLight_400,1,1,44,1767009357.863,2.602,1,0,7,2.469,NaN,2.583,2.608,complete_sequence_rewarded,True,True,True,2.469,0.114,0.024,offcue_poke_only,False,False
Generalization,m104,m104_GenLight_400,1,1,45,1767009399.455,3.638,1,1,15,3.353,28.112,3.624,3.643,complete_sequence_rewarded,True,True,True,3.353,0.27,0.019,complete_sequence_rewarded,True,True
Generalization,m104,m104_GenLight_400,1,1,46,1767009445.39,0.92,1,6,17,0.729,4.023,0.906,0.926,complete_sequence_rewarded,True,True,True,0.729,0.177,0.02,complete_sequence_rewarded,True,True
Generalization,m104,m104_GenLight_400,1,1,47,1767009488.44,2.151,1,3,17,1.996,6.336,2.136,2.158,complete_sequence_rewarded,True,True,True,1.996,0.14,0.022,complete_sequence_rewarded,True,True
Generalization,m104,m104_GenLight_400,1,1,48,1767009542.958,2.737,1,3,9,2.575,4.168,2.719,2.743,complete_sequence_rewarded,True,True,True,2.575,0.144,0.024,complete_sequence_rewarded,True,True
Generalization,m104,m104_GenLight_400,1,1,49,1767009575.681,8.078,0,0,0,NaN,NaN,NaN,NaN,no_response,False,False,False,NaN,NaN,NaN,complete_sequence_rewarded,True,True
Generalization,m104,m104_GenLight_400,1,1,50,1767009614.845,8.064,0,0,0,NaN,NaN,NaN,NaN,no_response,False,False,False,NaN,NaN,NaN,no_response,False,False
Generalization,m104,m104_GenLight_400,1,1,51,1767009651.018,8.051,0,0,0,NaN,NaN,NaN,NaN,no_response,False,False,False,NaN,NaN,NaN,no_response,False,False
Generalization,m104,m104_GenLight_400,1,1,52,1767009693.126,2.646,1,0,19,2.444,NaN,2.633,2.652,complete_sequence_rewarded,True,True,True,2.444,0.19,0.019,no_response,False,False
Generalization,m104,m104_GenLight_400,1,1,53,1767009729.702,2.094,1,1,15,1.881,27.866,2.06,2.099,complete_sequence_rewarded,True,True,True,1.881,0.179,0.038,complete_sequence_rewarded,True,True
Generalization,m104,m104_GenLight_400,1,1,54,1767009770.649,8.077,0,1,6,NaN,26.889,NaN,NaN,offcue_poke_only,False,False,False,NaN,NaN,NaN,complete_sequence_rewarded,True,True
Generalization,m104,m104_GenLight_400,1,1,55,1767009813.406,0.805,1,1,11,0.605,30.59,0.786,0.811,complete_sequence_rewarded,True,True,True,0.605,0.181,0.024,offcue_poke_only,False,False
Generalization,m104,m104_GenLight_400,1,1,56,1767009857.263,4.407,1,1,11,4.248,24.617,4.394,4.413,complete_sequence_rewarded,True,True,True,4.248,0.145,0.019,complete_sequence_rewarded,True,True
Generalization,m104,m104_GenLight_400,1,1,57,1767009903.103,8.037,0,1,4,NaN,21.25,NaN,NaN,offcue_poke_only,False,False,False,NaN,NaN,NaN,complete_sequence_rewarded,True,True
Generalization,m104,m104_GenLight_400,1,1,58,1767009940.895,8.071,0,0,0,NaN,NaN,NaN,NaN,no_response,False,False,False,NaN,NaN,NaN,offcue_poke_only,False,False
Generalization,m104,m104_GenLight_400,1,1,59,1767009975.05,6.297,1,0,5,6.057,NaN,6.273,NaN,cue_poke_lick_no_reward,True,True,False,6.057,0.217,NaN,no_response,False,False
Generalization,m104,m104_GenLight_400,1,1,60,1767010020.234,8.068,0,0,0,NaN,NaN,NaN,NaN,no_response,False,False,False,NaN,NaN,NaN,cue_poke_lick_no_reward,False,True
Generalization,m104,m104_GenLight_400,1,1,61,1767010060.711,0.002,0,0,0,NaN,NaN,NaN,NaN,no_response,False,False,False,NaN,NaN,NaN,no_response,False,False
Generalization,m104,m104_GenLight_400_2,1,2,1,1767190988.17,1.114,1,3,17,0.772,15.32,1.099,1.121,complete_sequence_rewarded,True,True,True,0.772,0.327,0.022,,,
Generalization,m104,m104_GenLight_400_2,1,2,2,1767191021.218,6.613,1,5,29,6.45,12.562,6.598,6.619,complete_sequence_rewarded,True,True,True,6.45,0.148,0.021,complete_sequence_rewarded,True,True
Generalization,m104,m104_GenLight_400_2,1,2,3,1767191076.717,3.097,1,2,25,2.868,9.602,3.074,3.103,complete_sequence_rewarded,True,True,True,2.868,0.206,0.029,complete_sequence_rewarded,True,True
Generalization,m104,m104_GenLight_400_2,1,2,4,1767191119.712,2.957,1,3,34,2.747,6.118,2.927,2.963,complete_sequence_rewarded,True,True,True,2.747,0.18,0.036,complete_sequence_rewarded,True,True
Generalization,m104,m104_GenLight_400_2,1,2,5,1767191163.605,5.604,1,5,47,5.394,10.441,5.583,5.612,complete_sequence_rewarded,True,True,True,5.394,0.189,0.029,complete_sequence_rewarded,True,True
Generalization,m104,m104_GenLight_400_2,1,2,6,1767191217.047,3.734,1,13,37,3.468,5.576,3.711,3.74,complete_sequence_rewarded,True,True,True,3.468,0.243,0.029,complete_sequence_rewarded,True,True
Generalization,m104,m104_GenLight_400_2,1,2,7,1767191288.981,1.078,1,4,25,0.901,16.643,1.059,1.088,complete_sequence_rewarded,True,True,True,0.901,0.158,0.028,complete_sequence_rewarded,True,True
Generalization,m104,m104_GenLight_400_2,1,2,8,1767191328.546,8.104,0,2,12,NaN,19.59,NaN,NaN,offcue_poke_only,False,False,False,NaN,NaN,NaN,complete_sequence_rewarded,True,True
Generalization,m104,m104_GenLight_400_2,1,2,9,1767191383.826,0.699,1,13,67,0.469,2.13,0.667,0.706,complete_sequence_rewarded,True,True,True,0.469,0.199,0.038,offcue_poke_only,False,False
Generalization,m104,m104_GenLight_400_2,1,2,10,1767191462.67,1.644,1,2,19,1.464,7.681,1.62,1.65,complete_sequence_rewarded,True,True,True,1.464,0.156,0.029,complete_sequence_rewarded,True,True
Generalization,m104,m104_GenLight_400_2,1,2,11,1767191496.203,8.097,0,0,0,NaN,NaN,NaN,NaN,no_response,False,False,False,NaN,NaN,NaN,complete_sequence_rewarded,True,True
Generalization,m104,m104_GenLight_400_2,1,2,12,1767191529.356,8.097,0,5,32,NaN,16.228,NaN,NaN,offcue_poke_only,False,False,False,NaN,NaN,NaN,no_response,False,False
Generalization,m104,m104_GenLight_400_2,1,2,13,1767191597.788,0.796,1,11,51,0.562,10.292,0.778,0.802,complete_sequence_rewarded,True,True,True,0.562,0.216,0.024,offcue_poke_only,False,False
Generalization,m104,m104_GenLight_400_2,1,2,14,1767191681.682,2.239,1,5,15,2.055,3.567,2.225,NaN,cue_poke_lick_no_reward,True,True,False,2.055,0.171,NaN,complete_sequence_rewarded,True,True
Generalization,m104,m104_GenLight_400_2,1,2,15,1767191736.041,0.531,1,6,33,0.272,16.025,0.51,0.535,complete_sequence_rewarded,True,True,True,0.272,0.238,0.026,cue_poke_lick_no_reward,False,True
Generalization,m104,m104_GenLight_400_2,1,2,16,1767191795.195,8.052,0,9,22,NaN,20.826,NaN,NaN,offcue_poke_only,False,False,False,NaN,NaN,NaN,complete_sequence_rewarded,True,True
Generalization,m104,m104_GenLight_400_2,1,2,17,1767191856.431,0.933,1,7,37,0.778,12.0,0.915,0.938,complete_sequence_rewarded,True,True,True,0.778,0.137,0.023,offcue_poke_only,False,False
Generalization,m104,m104_GenLight_400_2,1,2,18,1767191908.513,1.366,1,8,51,1.113,15.494,1.353,1.371,complete_sequence_rewarded,True,True,True,1.113,0.239,0.019,complete_sequence_rewarded,True,True
Generalization,m104,m104_GenLight_400_2,1,2,19,1767191984.775,6.101,1,1,11,5.877,9.344,6.076,6.108,complete_sequence_rewarded,True,True,True,5.877,0.2,0.031,complete_sequence_rewarded,True,True
Generalization,m104,m104_GenLight_400_2,1,2,20,1767192022.771,6.6,1,4,25,6.409,19.795,6.579,6.605,complete_sequence_rewarded,True,True,True,6.409,0.171,0.026,complete_sequence_rewarded,True,True
Generalization,m104,m104_GenLight_400_2,1,2,21,1767192076.299,1.0,1,5,29,0.782,3.83,0.979,1.008,complete_sequence_rewarded,True,True,True,0.782,0.197,0.029,complete_sequence_rewarded,True,True
Generalization,m104,m104_GenLight_400_2,1,2,22,1767192119.033,1.659,1,5,21,1.47,7.28,1.636,NaN,cue_poke_lick_no_reward,True,True,False,1.47,0.166,NaN,complete_sequence_rewarded,True,True
Generalization,m104,m104_GenLight_400_2,1,2,23,1767192181.722,3.127,1,10,50,2.904,9.279,3.102,3.132,complete_sequence_rewarded,True,True,True,2.904,0.198,0.031,cue_poke_lick_no_reward,False,True
Generalization,m104,m104_GenLight_400_2,1,2,24,1767192269.66,1.314,1,8,45,1.126,19.018,1.301,1.32,complete_sequence_rewarded,True,True,True,1.126,0.175,0.019,complete_sequence_rewarded,True,True
Generalization,m104,m104_GenLight_400_2,1,2,25,1767192332.529,1.665,1,2,25,1.478,16.143,1.638,1.67,complete_sequence_rewarded,True,True,True,1.478,0.16,0.032,complete_sequence_rewarded,True,True
Generalization,m104,m104_GenLight_400_2,1,2,26,1767192369.392,1.855,1,6,35,1.57,6.571,1.837,1.861,complete_sequence_rewarded,True,True,True,1.57,0.266,0.024,complete_sequence_rewarded,True,True
Generalization,m104,m104_GenLight_400_2,1,2,27,1767192427.936,1.19,1,7,33,1.017,12.286,1.177,1.195,complete_sequence_rewarded,True,True,True,1.017,0.16,0.018,complete_sequence_rewarded,True,True
Generalization,m104,m104_GenLight_400_2,1,2,28,1767192504.572,1.137,1,0,17,0.86,NaN,1.12,1.143,complete_sequence_rewarded,True,True,True,0.86,0.26,0.023,complete_sequence_rewarded,True,True
Generalization,m104,m104_GenLight_400_2,1,2,29,1767192541.574,8.117,0,1,10,NaN,12.198,NaN,NaN,offcue_poke_only,False,False,False,NaN,NaN,NaN,complete_sequence_rewarded,True,True
Generalization,m104,m104_GenLight_400_2,1,2,30,1767192579.651,8.083,0,3,14,NaN,34.884,NaN,NaN,offcue_poke_only,False,False,False,NaN,NaN,NaN,offcue_poke_only,False,False
Generalization,m104,m104_GenLight_400_2,1,2,31,1767192638.331,8.054,1,1,14,8.049,31.768,8.217,8.236,complete_sequence_rewarded,True,True,True,8.049,0.168,0.019,offcue_poke_only,False,False
Generalization,m104,m104_GenLight_400_2,1,2,32,1767192686.197,1.851,1,3,21,1.6,6.574,1.832,1.856,complete_sequence_rewarded,True,True,True,1.6,0.232,0.024,complete_sequence_rewarded,True,True
Generalization,m104,m104_GenLight_400_2,1,2,33,1767192724.38,1.514,1,4,31,1.335,13.791,1.494,1.52,complete_sequence_rewarded,True,True,True,1.335,0.159,0.026,complete_sequence_rewarded,True,True
Generalization,m104,m104_GenLight_400_2,1,2,34,1767192775.586,1.105,1,3,17,0.9,14.583,1.081,1.11,complete_sequence_rewarded,True,True,True,0.9,0.181,0.029,complete_sequence_rewarded,True,True
Generalization,m104,m104_GenLight_400_2,1,2,35,1767192819.49,5.076,1,1,17,4.888,9.947,5.046,5.083,complete_sequence_rewarded,True,True,True,4.888,0.157,0.037,complete_sequence_rewarded,True,True
Generalization,m104,m104_GenLight_400_2,1,2,36,1767192868.675,8.081,0,1,6,NaN,21.452,NaN,NaN,offcue_poke_only,False,False,False,NaN,NaN,NaN,complete_sequence_rewarded,True,True
Generalization,m104,m104_GenLight_400_2,1,2,37,1767192903.958,1.008,1,1,9,0.768,8.927,0.994,1.016,complete_sequence_rewarded,True,True,True,0.768,0.226,0.022,offcue_poke_only,False,False
Generalization,m104,m104_GenLight_400_2,1,2,38,1767192939.041,8.081,0,3,6,NaN,11.791,NaN,NaN,offcue_poke_only,False,False,False,NaN,NaN,NaN,complete_sequence_rewarded,True,True
Generalization,m104,m104_GenLight_400_2,1,2,39,1767192984.302,2.865,1,4,23,2.612,4.719,2.847,2.871,complete_sequence_rewarded,True,True,True,2.612,0.234,0.025,offcue_poke_only,False,False
Generalization,m104,m104_GenLight_400_2,1,2,40,1767193036.004,8.071,0,10,14,NaN,20.058,NaN,NaN,offcue_poke_only,False,False,False,NaN,NaN,NaN,complete_sequence_rewarded,True,True
Generalization,m104,m104_GenLight_400_2,1,2,41,1767193100.468,3.809,1,2,25,3.591,28.556,3.794,3.814,complete_sequence_rewarded,True,True,True,3.591,0.202,0.021,offcue_poke_only,False,False
Generalization,m104,m104_GenLight_400_2,1,2,42,1767193155.819,1.465,1,3,27,1.271,15.644,1.452,1.471,complete_sequence_rewarded,True,True,True,1.271,0.182,0.019,complete_sequence_rewarded,True,True
Generalization,m104,m104_GenLight_400_2,1,2,43,1767193204.823,3.805,1,0,13,3.538,NaN,3.78,3.814,complete_sequence_rewarded,True,True,True,3.538,0.242,0.034,complete_sequence_rewarded,True,True
Generalization,m104,m104_GenLight_400_2,1,2,44,1767193242.515,8.069,0,4,14,NaN,11.747,NaN,NaN,offcue_poke_only,False,False,False,NaN,NaN,NaN,complete_sequence_rewarded,True,True
Generalization,m104,m104_GenLight_400_2,1,2,45,1767193292.619,0.524,1,0,15,0.367,NaN,0.511,0.53,complete_sequence_rewarded,True,True,True,0.367,0.144,0.019,offcue_poke_only,False,False
Generalization,m104,m104_GenLight_400_2,1,2,46,1767193324.142,2.082,1,2,13,1.88,16.174,2.059,2.088,complete_sequence_rewarded,True,True,True,1.88,0.179,0.029,complete_sequence_rewarded,True,True
Generalization,m104,m104_GenLight_400_2,1,2,47,1767193359.378,2.721,1,2,17,2.471,22.223,2.699,2.726,complete_sequence_rewarded,True,True,True,2.471,0.228,0.027,complete_sequence_rewarded,True,True
Generalization,m104,m104_GenLight_400_2,1,2,48,1767193401.384,8.098,0,1,4,NaN,32.484,NaN,NaN,offcue_poke_only,False,False,False,NaN,NaN,NaN,complete_sequence_rewarded,True,True
Generalization,m104,m104_GenLight_400_2,1,2,49,1767193444.509,6.115,1,1,13,5.9,29.838,6.1,6.122,complete_sequence_rewarded,True,True,True,5.9,0.201,0.022,offcue_poke_only,False,False
Generalization,m104,m104_GenLight_400_2,1,2,50,1767193490.177,1.104,1,3,21,0.911,11.971,1.083,1.11,complete_sequence_rewarded,True,True,True,0.911,0.173,0.026,complete_sequence_rewarded,True,True
Generalization,m104,m104_GenLight_400_2,1,2,51,1767193525.176,3.948,1,6,23,3.798,15.94,3.936,3.954,complete_sequence_rewarded,True,True,True,3.798,0.138,0.018,complete_sequence_rewarded,True,True
Generalization,m104,m104_GenLight_400_2,1,2,52,1767193594.412,0.689,1,1,21,0.613,8.844,0.671,0.694,complete_sequence_rewarded,True,True,True,0.613,0.058,0.023,complete_sequence_rewarded,True,True
Generalization,m104,m104_GenLight_400_2,1,2,53,1767193631.777,8.066,0,6,10,NaN,16.081,NaN,NaN,offcue_poke_only,False,False,False,NaN,NaN,NaN,complete_sequence_rewarded,True,True
Generalization,m104,m104_GenLight_400_2,1,2,54,1767193693.818,0.922,1,7,27,0.449,1.528,0.907,0.928,complete_sequence_rewarded,True,True,True,0.449,0.457,0.021,offcue_poke_only,False,False
Generalization,m104,m104_GenLight_400_2,1,2,55,1767193737.587,8.129,0,2,0,NaN,18.123,NaN,NaN,offcue_poke_only,False,False,False,NaN,NaN,NaN,complete_sequence_rewarded,True,True
Generalization,m104,m104_GenLight_400_2,1,2,56,1767193783.408,2.33,1,3,7,2.017,10.244,2.3,NaN,cue_poke_lick_no_reward,True,True,False,2.017,0.283,NaN,offcue_poke_only,False,False
Generalization,m104,m104_GenLight_400_2,1,2,57,1767193824.566,8.064,0,1,4,NaN,31.054,NaN,NaN,offcue_poke_only,False,False,False,NaN,NaN,NaN,cue_poke_lick_no_reward,False,True
Generalization,m104,m104_GenLight_400_2,1,2,58,1767193866.594,8.105,1,1,4,7.021,21.599,21.855,NaN,cue_poke_lick_no_reward,True,True,False,7.021,14.834,NaN,offcue_poke_only,False,False
Generalization,m104,m104_GenLight_400_2,1,2,59,1767193906.531,8.088,0,1,4,NaN,14.996,NaN,NaN,offcue_poke_only,False,False,False,NaN,NaN,NaN,cue_poke_lick_no_reward,False,True
Generalization,m104,m104_GenLight_400_2,1,2,60,1767193941.482,8.089,1,0,0,2.369,NaN,NaN,NaN,cue_poke_no_lick,True,False,False,2.369,NaN,NaN,offcue_poke_only,False,False
Generalization,m104,m104_GenLight_400_2,1,2,61,1767193975.368,0.003,0,0,0,NaN,NaN,NaN,NaN,no_response,False,False,False,NaN,NaN,NaN,cue_poke_no_lick,False,True
Generalization,m104,m104_GenLight_400_2,2,3,1,1767525523.906,8.025,0,1,6,NaN,14.178,NaN,NaN,offcue_poke_only,False,False,False,NaN,NaN,NaN,,,
Generalization,m104,m104_GenLight_400_2,2,3,2,1767525563.659,8.082,0,2,0,NaN,21.945,NaN,NaN,offcue_poke_only,False,False,False,NaN,NaN,NaN,offcue_poke_only,False,False
Generalization,m104,m104_GenLight_400_2,2,3,3,1767525599.888,8.094,0,1,6,NaN,38.541,NaN,NaN,offcue_poke_only,False,False,False,NaN,NaN,NaN,offcue_poke_only,False,False
Generalization,m104,m104_GenLight_400_2,2,3,4,1767525649.273,8.066,0,1,6,NaN,13.906,NaN,NaN,offcue_poke_only,False,False,False,NaN,NaN,NaN,offcue_poke_only,False,False
Generalization,m104,m104_GenLight_400_2,2,3,5,1767525695.084,8.078,0,3,6,NaN,8.416,NaN,NaN,offcue_poke_only,False,False,False,NaN,NaN,NaN,offcue_poke_only,False,False
Generalization,m104,m104_GenLight_400_2,2,3,6,1767525744.247,2.56,1,8,53,2.308,23.975,2.544,2.567,complete_sequence_rewarded,True,True,True,2.308,0.237,0.022,offcue_poke_only,False,False
Generalization,m104,m104_GenLight_400_2,2,3,7,1767525841.274,3.694,1,1,17,3.504,30.264,3.682,3.701,complete_sequence_rewarded,True,True,True,3.504,0.179,0.019,complete_sequence_rewarded,True,True
Generalization,m104,m104_GenLight_400_2,2,3,8,1767525885.535,8.071,0,2,4,NaN,8.272,NaN,NaN,offcue_poke_only,False,False,False,NaN,NaN,NaN,complete_sequence_rewarded,True,True
Generalization,m104,m104_GenLight_400_2,2,3,9,1767525921.909,1.057,1,4,47,0.827,34.831,1.038,1.065,complete_sequence_rewarded,True,True,True,0.827,0.211,0.027,offcue_poke_only,False,False
Generalization,m104,m104_GenLight_400_2,2,3,10,1767525993.816,5.759,1,1,27,5.462,25.915,5.745,5.764,complete_sequence_rewarded,True,True,True,5.462,0.284,0.019,complete_sequence_rewarded,True,True
Generalization,m104,m104_GenLight_400_2,2,3,11,1767526035.004,6.003,1,2,7,5.817,10.187,5.986,6.021,complete_sequence_rewarded,True,True,True,5.817,0.168,0.036,complete_sequence_rewarded,True,True
Generalization,m104,m104_GenLight_400_2,2,3,12,1767526070.951,8.091,0,2,12,NaN,23.482,NaN,NaN,offcue_poke_only,False,False,False,NaN,NaN,NaN,complete_sequence_rewarded,True,True
Generalization,m104,m104_GenLight_400_2,2,3,13,1767526121.145,1.078,1,8,37,0.936,15.598,1.058,1.084,complete_sequence_rewarded,True,True,True,0.936,0.121,0.026,offcue_poke_only,False,False
Generalization,m104,m104_GenLight_400_2,2,3,14,1767526230.289,1.081,1,0,9,0.907,NaN,1.064,1.088,complete_sequence_rewarded,True,True,True,0.907,0.157,0.024,complete_sequence_rewarded,True,True
Generalization,m104,m104_GenLight_400_2,2,3,15,1767526262.37,2.797,1,6,27,2.45,7.633,2.778,2.804,complete_sequence_rewarded,True,True,True,2.45,0.327,0.026,complete_sequence_rewarded,True,True
Generalization,m104,m104_GenLight_400_2,2,3,16,1767526319.804,1.39,1,0,19,1.178,NaN,1.375,1.396,complete_sequence_rewarded,True,True,True,1.178,0.197,0.021,complete_sequence_rewarded,True,True
Generalization,m104,m104_GenLight_400_2,2,3,17,1767526355.142,8.046,0,0,0,NaN,NaN,NaN,NaN,no_response,False,False,False,NaN,NaN,NaN,complete_sequence_rewarded,True,True
Generalization,m104,m104_GenLight_400_2,2,3,18,1767526392.309,8.092,0,1,0,NaN,18.532,NaN,NaN,offcue_poke_only,False,False,False,NaN,NaN,NaN,no_response,False,False
Generalization,m104,m104_GenLight_400_2,2,3,19,1767526428.983,8.107,0,3,6,NaN,16.505,NaN,NaN,offcue_poke_only,False,False,False,NaN,NaN,NaN,offcue_poke_only,False,False
Generalization,m104,m104_GenLight_400_2,2,3,20,1767526484.559,8.11,0,0,0,NaN,NaN,NaN,NaN,no_response,False,False,False,NaN,NaN,NaN,offcue_poke_only,False,False
Generalization,m104,m104_GenLight_400_2,2,3,21,1767526525.729,8.098,0,1,2,NaN,23.99,NaN,NaN,offcue_poke_only,False,False,False,NaN,NaN,NaN,no_response,False,False
Generalization,m104,m104_GenLight_400_2,2,3,22,1767526561.386,4.528,1,0,5,4.193,NaN,4.504,4.533,complete_sequence_rewarded,True,True,True,4.193,0.31,0.029,offcue_poke_only,False,False
Generalization,m104,m104_GenLight_400_2,2,3,23,1767526596.708,7.706,1,0,13,7.472,NaN,7.686,7.71,complete_sequence_rewarded,True,True,True,7.472,0.214,0.025,complete_sequence_rewarded,True,True
Generalization,m104,m104_GenLight_400_2,2,3,24,1767526639.313,8.097,0,0,0,NaN,NaN,NaN,NaN,no_response,False,False,False,NaN,NaN,NaN,complete_sequence_rewarded,True,True
Generalization,m104,m104_GenLight_400_2,2,3,25,1767526673.515,8.081,0,1,4,NaN,8.696,NaN,NaN,offcue_poke_only,False,False,False,NaN,NaN,NaN,no_response,False,False
Generalization,m104,m104_GenLight_400_2,2,3,26,1767526718.365,6.849,1,3,3,6.614,13.489,6.836,6.855,complete_sequence_rewarded,True,True,True,6.614,0.222,0.019,offcue_poke_only,False,False
Generalization,m104,m104_GenLight_400_2,2,3,27,1767526768.178,0.731,1,1,15,0.586,23.646,0.711,0.736,complete_sequence_rewarded,True,True,True,0.586,0.126,0.025,complete_sequence_rewarded,True,True
Generalization,m104,m104_GenLight_400_2,2,3,28,1767526802.541,2.482,1,2,17,2.114,4.098,2.462,2.487,complete_sequence_rewarded,True,True,True,2.114,0.347,0.025,complete_sequence_rewarded,True,True
Generalization,m104,m104_GenLight_400_2,2,3,29,1767526835.382,6.705,1,2,13,6.417,15.905,6.673,6.711,complete_sequence_rewarded,True,True,True,6.417,0.255,0.038,complete_sequence_rewarded,True,True
Generalization,m104,m104_GenLight_400_2,2,3,30,1767526876.578,7.115,1,4,11,6.987,7.673,7.099,7.122,complete_sequence_rewarded,True,True,True,6.987,0.112,0.023,complete_sequence_rewarded,True,True
Generalization,m104,m104_GenLight_400_2,2,3,31,1767526925.887,8.061,0,1,4,NaN,11.258,NaN,NaN,offcue_poke_only,False,False,False,NaN,NaN,NaN,complete_sequence_rewarded,True,True
Generalization,m104,m104_GenLight_400_2,2,3,32,1767526962.627,8.088,0,0,0,NaN,NaN,NaN,NaN,no_response,False,False,False,NaN,NaN,NaN,offcue_poke_only,False,False
Generalization,m104,m104_GenLight_400_2,2,3,33,1767526995.797,0.726,1,1,9,0.437,12.619,0.707,0.732,complete_sequence_rewarded,True,True,True,0.437,0.27,0.025,no_response,False,False
Generalization,m104,m104_GenLight_400_2,2,3,34,1767527029.957,3.822,1,1,3,3.32,26.326,3.803,3.828,complete_sequence_rewarded,True,True,True,3.32,0.483,0.025,complete_sequence_rewarded,True,True
Generalization,m104,m104_GenLight_400_2,2,3,35,1767527068.152,8.025,0,3,2,NaN,23.88,NaN,NaN,offcue_poke_only,False,False,False,NaN,NaN,NaN,complete_sequence_rewarded,True,True
Generalization,m104,m104_GenLight_400_2,2,3,36,1767527109.619,1.847,1,1,5,1.558,14.401,1.813,1.852,complete_sequence_rewarded,True,True,True,1.558,0.254,0.039,offcue_poke_only,False,False
Generalization,m104,m104_GenLight_400_2,2,3,37,1767527143.487,0.887,1,1,12,0.575,13.73,0.843,0.896,complete_sequence_rewarded,True,True,True,0.575,0.267,0.054,complete_sequence_rewarded,True,True
Generalization,m104,m104_GenLight_400_2,2,3,38,1767527174.877,0.933,1,1,15,0.713,14.525,0.904,0.939,complete_sequence_rewarded,True,True,True,0.713,0.191,0.035,complete_sequence_rewarded,True,True
Generalization,m104,m104_GenLight_400_2,2,3,39,1767527218.03,0.693,1,1,13,0.454,18.62,0.67,0.699,complete_sequence_rewarded,True,True,True,0.454,0.215,0.029,complete_sequence_rewarded,True,True
Generalization,m104,m104_GenLight_400_2,2,3,40,1767527259.464,3.556,1,0,5,3.319,NaN,3.536,3.561,complete_sequence_rewarded,True,True,True,3.319,0.217,0.025,complete_sequence_rewarded,True,True
Generalization,m104,m104_GenLight_400_2,2,3,41,1767527300.962,2.642,1,1,11,2.367,12.901,2.623,2.648,complete_sequence_rewarded,True,True,True,2.367,0.256,0.025,complete_sequence_rewarded,True,True
Generalization,m104,m104_GenLight_400_2,2,3,42,1767527335.425,8.087,0,0,0,NaN,NaN,NaN,NaN,no_response,False,False,False,NaN,NaN,NaN,complete_sequence_rewarded,True,True
Generalization,m104,m104_GenLight_400_2,2,3,43,1767527376.602,8.042,1,0,0,5.013,NaN,NaN,NaN,cue_poke_no_lick,True,False,False,5.013,NaN,NaN,no_response,False,False
Generalization,m104,m104_GenLight_400_2,2,3,44,1767527416.75,8.085,0,0,0,NaN,NaN,NaN,NaN,no_response,False,False,False,NaN,NaN,NaN,cue_poke_no_lick,False,True
Generalization,m104,m104_GenLight_400_2,2,3,45,1767527454.913,0.803,1,1,15,0.092,30.497,0.779,0.809,complete_sequence_rewarded,True,True,True,0.092,0.688,0.03,no_response,False,False
Generalization,m104,m104_GenLight_400_2,2,3,46,1767527496.279,8.093,0,0,0,NaN,NaN,NaN,NaN,no_response,False,False,False,NaN,NaN,NaN,complete_sequence_rewarded,True,True
Generalization,m104,m104_GenLight_400_2,2,3,47,1767527537.474,5.268,1,0,11,5.026,NaN,5.254,5.274,complete_sequence_rewarded,True,True,True,5.026,0.229,0.02,no_response,False,False
Generalization,m104,m104_GenLight_400_2,2,3,48,1767527580.659,8.06,0,0,0,NaN,NaN,NaN,NaN,no_response,False,False,False,NaN,NaN,NaN,complete_sequence_rewarded,True,True
Generalization,m104,m104_GenLight_400_2,2,3,49,1767527623.805,8.057,0,1,4,NaN,8.165,NaN,NaN,offcue_poke_only,False,False,False,NaN,NaN,NaN,no_response,False,False
Generalization,m104,m104_GenLight_400_2,2,3,50,1767527658.653,1.978,1,0,3,1.596,NaN,1.96,1.987,complete_sequence_rewarded,True,True,True,1.596,0.364,0.027,offcue_poke_only,False,False
Generalization,m104,m104_GenLight_400_2,2,3,51,1767527699.407,8.078,0,0,0,NaN,NaN,NaN,NaN,no_response,False,False,False,NaN,NaN,NaN,complete_sequence_rewarded,True,True
Generalization,m104,m104_GenLight_400_2,2,3,52,1767527742.587,0.934,1,0,7,0.664,NaN,0.921,0.939,complete_sequence_rewarded,True,True,True,0.664,0.257,0.019,no_response,False,False
Generalization,m104,m104_GenLight_400_2,2,3,53,1767527778.446,8.087,0,1,2,NaN,23.314,NaN,NaN,offcue_poke_only,False,False,False,NaN,NaN,NaN,complete_sequence_rewarded,True,True
Generalization,m104,m104_GenLight_400_2,2,3,54,1767527821.906,8.082,0,0,0,NaN,NaN,NaN,NaN,no_response,False,False,False,NaN,NaN,NaN,offcue_poke_only,False,False
Generalization,m104,m104_GenLight_400_2,2,3,55,1767527855.065,8.103,0,1,0,NaN,27.132,NaN,NaN,offcue_poke_only,False,False,False,NaN,NaN,NaN,no_response,False,False
Generalization,m104,m104_GenLight_400_2,2,3,56,1767527892.319,8.071,0,0,0,NaN,NaN,NaN,NaN,no_response,False,False,False,NaN,NaN,NaN,offcue_poke_only,False,False
Generalization,m104,m104_GenLight_400_2,2,3,57,1767527933.472,8.059,0,0,0,NaN,NaN,NaN,NaN,no_response,False,False,False,NaN,NaN,NaN,no_response,False,False
Generalization,m104,m104_GenLight_400_2,2,3,58,1767527972.614,6.883,1,1,5,6.577,11.864,6.866,NaN,cue_poke_lick_no_reward,True,True,False,6.577,0.29,NaN,no_response,False,False
Generalization,m104,m104_GenLight_400_2,2,3,59,1767528013.149,8.052,0,0,0,NaN,NaN,NaN,NaN,no_response,False,False,False,NaN,NaN,NaN,cue_poke_lick_no_reward,False,True
Generalization,m104,m104_GenLight_400_2,2,3,60,1767528052.294,8.075,0,1,0,NaN,21.137,NaN,NaN,offcue_poke_only,False,False,False,NaN,NaN,NaN,no_response,False,False
Generalization,m104,m104_GenLight_400_2,2,3,61,1767528087.411,0.003,0,0,0,NaN,NaN,NaN,NaN,no_response,False,False,False,NaN,NaN,NaN,offcue_poke_only,False,False
Generalization,m104,m104_GenLight_400_2,4,4,1,1767623360.06,1.025,1,14,31,1.003,1.963,1.006,1.031,complete_sequence_rewarded,True,True,True,1.003,0.002,0.025,,,
Generalization,m104,m104_GenLight_400_2,4,4,2,1767623399.819,3.885,1,2,27,3.686,18.141,3.861,3.89,complete_sequence_rewarded,True,True,True,3.686,0.175,0.029,complete_sequence_rewarded,True,True
Generalization,m104,m104_GenLight_400_2,4,4,3,1767623445.482,1.195,1,7,27,1.12,3.496,1.182,1.201,complete_sequence_rewarded,True,True,True,1.12,0.062,0.019,complete_sequence_rewarded,True,True
Generalization,m104,m104_GenLight_400_2,4,4,4,1767623488.49,4.216,1,8,37,4.11,5.572,4.193,4.221,complete_sequence_rewarded,True,True,True,4.11,0.082,0.028,complete_sequence_rewarded,True,True
Generalization,m104,m104_GenLight_400_2,4,4,5,1767623542.698,8.089,0,8,30,NaN,8.492,NaN,NaN,offcue_poke_only,False,False,False,NaN,NaN,NaN,complete_sequence_rewarded,True,True
Generalization,m104,m104_GenLight_400_2,4,4,6,1767623597.089,1.277,1,3,15,0.911,1.848,1.264,1.284,complete_sequence_rewarded,True,True,True,0.911,0.353,0.02,offcue_poke_only,False,False
Generalization,m104,m104_GenLight_400_2,4,4,7,1767623640.381,3.441,1,5,27,3.283,10.866,3.413,3.447,complete_sequence_rewarded,True,True,True,3.283,0.129,0.034,complete_sequence_rewarded,True,True
Generalization,m104,m104_GenLight_400_2,4,4,8,1767623691.709,8.041,1,6,28,6.559,8.701,8.634,8.778,complete_sequence_rewarded,True,True,True,6.559,2.075,0.144,complete_sequence_rewarded,True,True
Generalization,m104,m104_GenLight_400_2,4,4,9,1767623752.779,0.843,1,0,11,0.678,NaN,0.823,0.852,complete_sequence_rewarded,True,True,True,0.678,0.144,0.029,complete_sequence_rewarded,True,True
Generalization,m104,m104_GenLight_400_2,4,4,10,1767623787.627,8.079,0,1,8,NaN,34.23,NaN,NaN,offcue_poke_only,False,False,False,NaN,NaN,NaN,complete_sequence_rewarded,True,True
Generalization,m104,m104_GenLight_400_2,4,4,11,1767623835.258,1.941,1,0,15,1.846,NaN,1.923,1.949,complete_sequence_rewarded,True,True,True,1.846,0.077,0.026,offcue_poke_only,False,False
Generalization,m104,m104_GenLight_400_2,4,4,12,1767623872.27,4.523,1,0,7,4.376,NaN,4.494,4.528,complete_sequence_rewarded,True,True,True,4.376,0.118,0.034,complete_sequence_rewarded,True,True
Generalization,m104,m104_GenLight_400_2,4,4,13,1767623914.815,2.858,1,9,31,2.696,4.454,2.846,NaN,cue_poke_lick_no_reward,True,True,False,2.696,0.15,NaN,complete_sequence_rewarded,True,True
Generalization,m104,m104_GenLight_400_2,4,4,14,1767623994.415,0.8,1,3,13,0.625,2.632,0.773,0.805,complete_sequence_rewarded,True,True,True,0.625,0.148,0.032,cue_poke_lick_no_reward,False,True
Generalization,m104,m104_GenLight_400_2,4,4,15,1767624026.339,1.032,1,0,11,0.876,NaN,1.013,1.037,complete_sequence_rewarded,True,True,True,0.876,0.137,0.025,complete_sequence_rewarded,True,True
Generalization,m104,m104_GenLight_400_2,4,4,16,1767624065.38,8.096,0,2,10,NaN,30.323,NaN,NaN,offcue_poke_only,False,False,False,NaN,NaN,NaN,complete_sequence_rewarded,True,True
Generalization,m104,m104_GenLight_400_2,4,4,17,1767624115.635,1.775,1,8,21,1.58,10.263,1.762,1.781,complete_sequence_rewarded,True,True,True,1.58,0.182,0.02,offcue_poke_only,False,False
Generalization,m104,m104_GenLight_400_2,4,4,18,1767624173.473,2.913,1,4,14,2.899,4.246,2.905,2.922,complete_sequence_rewarded,True,True,True,2.899,0.006,0.017,complete_sequence_rewarded,True,True
Generalization,m104,m104_GenLight_400_2,4,4,19,1767624220.235,5.725,1,0,11,5.53,NaN,5.703,5.733,complete_sequence_rewarded,True,True,True,5.53,0.172,0.03,complete_sequence_rewarded,True,True
Generalization,m104,m104_GenLight_400_2,4,4,20,1767624257.87,8.078,0,1,4,NaN,8.843,NaN,NaN,offcue_poke_only,False,False,False,NaN,NaN,NaN,complete_sequence_rewarded,True,True
Generalization,m104,m104_GenLight_400_2,4,4,21,1767624298.897,8.098,0,0,0,NaN,NaN,NaN,NaN,no_response,False,False,False,NaN,NaN,NaN,offcue_poke_only,False,False
Generalization,m104,m104_GenLight_400_2,4,4,22,1767624341.084,3.984,1,5,25,3.827,12.336,3.97,3.989,complete_sequence_rewarded,True,True,True,3.827,0.143,0.019,no_response,False,False
Generalization,m104,m104_GenLight_400_2,4,4,23,1767624396.364,8.107,0,3,6,NaN,25.73,NaN,NaN,offcue_poke_only,False,False,False,NaN,NaN,NaN,complete_sequence_rewarded,True,True
Generalization,m104,m104_GenLight_400_2,4,4,24,1767624454.371,4.01,2,4,23,3.8,19.968,3.989,4.015,complete_sequence_rewarded,True,True,True,3.8,0.189,0.026,offcue_poke_only,False,False
Generalization,m104,m104_GenLight_400_2,4,4,25,1767624502.354,7.069,1,4,23,6.997,23.821,7.046,7.074,complete_sequence_rewarded,True,True,True,6.997,0.049,0.029,complete_sequence_rewarded,True,True
Generalization,m104,m104_GenLight_400_2,4,4,26,1767624554.198,4.898,3,1,7,4.69,6.043,4.88,4.905,complete_sequence_rewarded,True,True,True,4.69,0.19,0.025,complete_sequence_rewarded,True,True
Generalization,m104,m104_GenLight_400_2,4,4,27,1767624591.089,6.643,2,3,17,6.511,7.794,6.608,6.649,complete_sequence_rewarded,True,True,True,6.511,0.097,0.04,complete_sequence_rewarded,True,True
Generalization,m104,m104_GenLight_400_2,4,4,28,1767624629.34,5.456,1,5,21,5.392,11.458,5.433,5.462,complete_sequence_rewarded,True,True,True,5.392,0.041,0.029,complete_sequence_rewarded,True,True
Generalization,m104,m104_GenLight_400_2,4,4,29,1767624681.591,1.359,1,5,15,1.34,2.724,1.349,1.365,complete_sequence_rewarded,True,True,True,1.34,0.009,0.016,complete_sequence_rewarded,True,True
Generalization,m104,m104_GenLight_400_2,4,4,30,1767624718.19,8.081,0,4,6,NaN,9.085,NaN,NaN,offcue_poke_only,False,False,False,NaN,NaN,NaN,complete_sequence_rewarded,True,True
Generalization,m104,m104_GenLight_400_2,4,4,31,1767624762.715,8.068,0,1,6,NaN,16.384,NaN,NaN,offcue_poke_only,False,False,False,NaN,NaN,NaN,offcue_poke_only,False,False
Generalization,m104,m104_GenLight_400_2,4,4,32,1767624802.385,8.081,0,17,18,NaN,9.903,NaN,NaN,offcue_poke_only,False,False,False,NaN,NaN,NaN,offcue_poke_only,False,False
Generalization,m104,m104_GenLight_400_2,4,4,33,1767624864.395,8.064,0,2,6,NaN,17.535,NaN,NaN,offcue_poke_only,False,False,False,NaN,NaN,NaN,offcue_poke_only,False,False
Generalization,m104,m104_GenLight_400_2,4,4,34,1767624897.906,0.685,1,5,23,0.624,28.235,0.663,0.691,complete_sequence_rewarded,True,True,True,0.624,0.039,0.028,offcue_poke_only,False,False
Generalization,m104,m104_GenLight_400_2,4,4,35,1767624949.811,7.214,1,3,13,7.041,8.065,7.192,7.22,complete_sequence_rewarded,True,True,True,7.041,0.151,0.028,complete_sequence_rewarded,True,True
Generalization,m104,m104_GenLight_400_2,4,4,36,1767624997.395,1.301,1,3,7,1.084,5.8,1.273,NaN,cue_poke_lick_no_reward,True,True,False,1.084,0.189,NaN,complete_sequence_rewarded,True,True
Generalization,m104,m104_GenLight_400_2,4,4,37,1767625042.631,8.085,0,2,4,NaN,9.002,NaN,NaN,offcue_poke_only,False,False,False,NaN,NaN,NaN,cue_poke_lick_no_reward,False,True
Generalization,m104,m104_GenLight_400_2,4,4,38,1767625086.321,2.1,1,0,9,1.949,NaN,2.079,2.108,complete_sequence_rewarded,True,True,True,1.949,0.13,0.029,offcue_poke_only,False,False
Generalization,m104,m104_GenLight_400_2,4,4,39,1767625128.408,8.07,0,1,4,NaN,29.899,NaN,NaN,offcue_poke_only,False,False,False,NaN,NaN,NaN,complete_sequence_rewarded,True,True
Generalization,m104,m104_GenLight_400_2,4,4,40,1767625168.967,2.739,1,10,25,2.617,3.343,2.723,2.744,complete_sequence_rewarded,True,True,True,2.617,0.106,0.021,offcue_poke_only,False,False
Generalization,m104,m104_GenLight_400_2,4,4,41,1767625233.249,0.85,1,8,17,0.839,3.676,1.242,0.856,complete_sequence_rewarded,True,True,True,0.839,0.403,-0.386,complete_sequence_rewarded,True,True
Generalization,m104,m104_GenLight_400_2,4,4,42,1767625276.386,8.098,0,3,2,NaN,11.553,NaN,NaN,offcue_poke_only,False,False,False,NaN,NaN,NaN,complete_sequence_rewarded,True,True
Generalization,m104,m104_GenLight_400_2,4,4,43,1767625325.629,8.083,0,4,10,NaN,10.447,NaN,NaN,offcue_poke_only,False,False,False,NaN,NaN,NaN,offcue_poke_only,False,False
Generalization,m104,m104_GenLight_400_2,4,4,44,1767625365.133,8.087,0,3,2,NaN,14.481,NaN,NaN,offcue_poke_only,False,False,False,NaN,NaN,NaN,offcue_poke_only,False,False
Generalization,m104,m104_GenLight_400_2,4,4,45,1767625412.963,2.552,1,0,7,2.4,NaN,2.533,2.562,complete_sequence_rewarded,True,True,True,2.4,0.133,0.028,offcue_poke_only,False,False
Generalization,m104,m104_GenLight_400_2,4,4,46,1767625455.513,8.093,2,1,6,3.551,27.598,29.76,NaN,cue_poke_lick_no_reward,True,True,False,3.551,26.209,NaN,complete_sequence_rewarded,True,True
Generalization,m104,m104_GenLight_400_2,4,4,47,1767625496.431,1.213,1,0,7,1.055,NaN,1.199,1.219,complete_sequence_rewarded,True,True,True,1.055,0.144,0.02,cue_poke_lick_no_reward,False,True
Generalization,m104,m104_GenLight_400_2,4,4,48,1767625535.653,8.083,0,1,6,NaN,31.414,NaN,NaN,offcue_poke_only,False,False,False,NaN,NaN,NaN,complete_sequence_rewarded,True,True
Generalization,m104,m104_GenLight_400_2,4,4,49,1767625580.838,1.154,1,2,3,0.945,2.97,1.14,1.159,complete_sequence_rewarded,True,True,True,0.945,0.195,0.019,offcue_poke_only,False,False
Generalization,m104,m104_GenLight_400_2,4,4,50,1767625614.935,8.069,0,1,0,NaN,37.145,NaN,NaN,offcue_poke_only,False,False,False,NaN,NaN,NaN,complete_sequence_rewarded,True,True
Generalization,m104,m104_GenLight_400_2,4,4,51,1767625662.235,1.427,1,2,9,1.206,20.421,1.403,1.436,complete_sequence_rewarded,True,True,True,1.206,0.197,0.033,offcue_poke_only,False,False
Generalization,m104,m104_GenLight_400_2,4,4,52,1767625698.615,2.278,1,1,3,2.041,2.652,2.265,NaN,cue_poke_lick_no_reward,True,True,False,2.041,0.224,NaN,complete_sequence_rewarded,True,True
Generalization,m104,m104_GenLight_400_2,4,4,53,1767625733.792,2.991,1,0,5,2.821,NaN,2.968,2.998,complete_sequence_rewarded,True,True,True,2.821,0.147,0.029,cue_poke_lick_no_reward,False,True
Generalization,m104,m104_GenLight_400_2,4,4,54,1767625769.739,2.483,1,3,5,2.33,38.182,2.467,2.488,complete_sequence_rewarded,True,True,True,2.33,0.137,0.021,complete_sequence_rewarded,True,True
Generalization,m104,m104_GenLight_400_2,4,4,55,1767625827.747,5.549,1,0,7,5.42,NaN,5.531,NaN,cue_poke_lick_no_reward,True,True,False,5.42,0.111,NaN,complete_sequence_rewarded,True,True
Generalization,m104,m104_GenLight_400_2,4,4,56,1767625873.339,6.756,1,5,3,6.567,7.344,6.743,6.762,complete_sequence_rewarded,True,True,True,6.567,0.176,0.019,cue_poke_lick_no_reward,False,True
Generalization,m104,m104_GenLight_400_2,4,4,57,1767625918.599,0.59,1,2,13,0.425,16.138,0.572,0.596,complete_sequence_rewarded,True,True,True,0.425,0.147,0.024,complete_sequence_rewarded,True,True
Generalization,m104,m104_GenLight_400_2,4,4,58,1767625956.929,2.207,1,1,13,1.979,20.141,2.189,2.213,complete_sequence_rewarded,True,True,True,1.979,0.21,0.024,complete_sequence_rewarded,True,True
Generalization,m104,m104_GenLight_400_2,4,4,59,1767625990.762,0.671,1,2,7,0.503,2.699,0.653,0.679,complete_sequence_rewarded,True,True,True,0.503,0.15,0.026,complete_sequence_rewarded,True,True
Generalization,m104,m104_GenLight_400_2,4,4,60,1767626033.832,8.057,0,0,0,NaN,NaN,NaN,NaN,no_response,False,False,False,NaN,NaN,NaN,complete_sequence_rewarded,True,True
Generalization,m104,m104_GenLight_400_2,4,4,61,1767626067.347,0.002,0,0,0,NaN,NaN,NaN,NaN,no_response,False,False,False,NaN,NaN,NaN,no_response,False,False
