task,mouse,subject,session,training_day,trial_index,n_trials_in_session,engaged,rewarded,missed,offcue_poke,offcue_pokes_count,n_oncue_pokes,n_licks,cue_to_poke_latency,poke_to_lick_latency,previous_engaged,previous_rewarded,previous_missed,previous_offcue_poke,previous_offcue_pokes_count,previous_cue_to_poke_latency,previous_poke_to_lick_latency,two_trials_back_rewarded,two_trials_back_engaged,two_trials_back_offcue_poke,prev_3_reward_rate,prev_3_engagement_rate,prev_3_offcue_poke_rate,prev_5_reward_rate,prev_5_engagement_rate,prev_5_offcue_poke_rate,trial_in_session_fraction
Generalization,m90,m90_GenLight_400,1,1,1,61,False,False,False,True,2,0,8,NaN,NaN,,,,,,NaN,NaN,,,,NaN,NaN,NaN,NaN,NaN,NaN,0.0
Generalization,m90,m90_GenLight_400,1,1,2,61,False,False,False,False,0,0,0,NaN,NaN,False,False,False,True,2,NaN,NaN,,,,0.0,0.0,1.0,0.0,0.0,1.0,0.017
Generalization,m90,m90_GenLight_400,1,1,3,61,False,False,False,True,4,0,14,NaN,NaN,False,False,False,False,0,NaN,NaN,False,False,True,0.0,0.0,0.5,0.0,0.0,0.5,0.033
Generalization,m90,m90_GenLight_400,1,1,4,61,False,False,False,True,3,0,8,NaN,NaN,False,False,False,True,4,NaN,NaN,False,False,False,0.0,0.0,0.667,0.0,0.0,0.667,0.05
Generalization,m90,m90_GenLight_400,1,1,5,61,False,False,False,True,7,0,16,NaN,NaN,False,False,False,True,3,NaN,NaN,False,False,True,0.0,0.0,0.667,0.0,0.0,0.75,0.067
Generalization,m90,m90_GenLight_400,1,1,6,61,True,True,False,True,2,1,28,4.887,0.195,False,False,False,True,7,NaN,NaN,False,False,True,0.0,0.0,1.0,0.0,0.0,0.8,0.083
Generalization,m90,m90_GenLight_400,1,1,7,61,False,False,False,True,15,0,56,NaN,NaN,True,True,False,True,2,4.887,0.195,False,False,True,0.333,0.333,1.0,0.2,0.2,0.8,0.1
Generalization,m90,m90_GenLight_400,1,1,8,61,True,True,False,True,7,1,64,2.327,0.168,False,False,False,True,15,NaN,NaN,True,True,True,0.333,0.333,1.0,0.2,0.2,1.0,0.117
Generalization,m90,m90_GenLight_400,1,1,9,61,True,True,False,True,2,1,22,0.745,0.175,True,True,False,True,7,2.327,0.168,False,False,True,0.667,0.667,1.0,0.4,0.4,1.0,0.133
Generalization,m90,m90_GenLight_400,1,1,10,61,False,False,False,True,3,0,16,NaN,NaN,True,True,False,True,2,0.745,0.175,True,True,True,0.667,0.667,1.0,0.6,0.6,1.0,0.15
Generalization,m90,m90_GenLight_400,1,1,11,61,True,True,False,True,3,1,28,2.652,0.263,False,False,False,True,3,NaN,NaN,True,True,True,0.667,0.667,1.0,0.6,0.6,1.0,0.167
Generalization,m90,m90_GenLight_400,1,1,12,61,True,True,False,True,6,1,38,1.419,0.169,True,True,False,True,3,2.652,0.263,False,False,True,0.667,0.667,1.0,0.6,0.6,1.0,0.183
Generalization,m90,m90_GenLight_400,1,1,13,61,True,True,False,True,4,1,32,2.807,0.153,True,True,False,True,6,1.419,0.169,True,True,True,0.667,0.667,1.0,0.8,0.8,1.0,0.2
Generalization,m90,m90_GenLight_400,1,1,14,61,True,True,False,True,2,1,26,1.296,0.189,True,True,False,True,4,2.807,0.153,True,True,True,1.0,1.0,1.0,0.8,0.8,1.0,0.217
Generalization,m90,m90_GenLight_400,1,1,15,61,True,True,False,True,2,1,18,1.646,0.134,True,True,False,True,2,1.296,0.189,True,True,True,1.0,1.0,1.0,0.8,0.8,1.0,0.233
Generalization,m90,m90_GenLight_400,1,1,16,61,False,False,False,False,0,0,0,NaN,NaN,True,True,False,True,2,1.646,0.134,True,True,True,1.0,1.0,1.0,1.0,1.0,1.0,0.25
Generalization,m90,m90_GenLight_400,1,1,17,61,False,False,False,True,5,0,24,NaN,NaN,False,False,False,False,0,NaN,NaN,True,True,True,0.667,0.667,0.667,0.8,0.8,0.8,0.267
Generalization,m90,m90_GenLight_400,1,1,18,61,True,True,False,True,9,1,34,0.662,0.179,False,False,False,True,5,NaN,NaN,False,False,False,0.333,0.333,0.667,0.6,0.6,0.8,0.283
Generalization,m90,m90_GenLight_400,1,1,19,61,True,True,False,True,9,1,46,1.286,0.108,True,True,False,True,9,0.662,0.179,False,False,True,0.333,0.333,0.667,0.6,0.6,0.8,0.3
Generalization,m90,m90_GenLight_400,1,1,20,61,True,False,True,True,1,1,4,7.113,15.206,True,True,False,True,9,1.286,0.108,True,True,True,0.667,0.667,1.0,0.6,0.6,0.8,0.317
Generalization,m90,m90_GenLight_400,1,1,21,61,True,False,True,True,2,1,16,7.925,0.257,True,False,True,True,1,7.113,15.206,True,True,True,0.667,1.0,1.0,0.4,0.6,0.8,0.333
Generalization,m90,m90_GenLight_400,1,1,22,61,False,False,False,True,1,0,0,NaN,NaN,True,False,True,True,2,7.925,0.257,False,True,True,0.333,1.0,1.0,0.4,0.8,1.0,0.35
Generalization,m90,m90_GenLight_400,1,1,23,61,True,True,False,True,3,1,12,3.206,0.294,False,False,False,True,1,NaN,NaN,False,True,True,0.0,0.667,1.0,0.4,0.8,1.0,0.367
Generalization,m90,m90_GenLight_400,1,1,24,61,False,False,False,True,1,0,2,NaN,NaN,True,True,False,True,3,3.206,0.294,False,False,True,0.333,0.667,1.0,0.4,0.8,1.0,0.383
Generalization,m90,m90_GenLight_400,1,1,25,61,True,True,False,True,2,1,18,4.036,0.136,False,False,False,True,1,NaN,NaN,True,True,True,0.333,0.333,1.0,0.2,0.6,1.0,0.4
Generalization,m90,m90_GenLight_400,1,1,26,61,False,False,False,True,2,0,2,NaN,NaN,True,True,False,True,2,4.036,0.136,False,False,True,0.667,0.667,1.0,0.4,0.6,1.0,0.417
Generalization,m90,m90_GenLight_400,1,1,27,61,True,True,False,False,0,1,10,4.157,0.138,False,False,False,True,2,NaN,NaN,True,True,True,0.333,0.333,1.0,0.4,0.4,1.0,0.433
Generalization,m90,m90_GenLight_400,1,1,28,61,False,False,False,True,1,0,4,NaN,NaN,True,True,False,False,0,4.157,0.138,False,False,True,0.667,0.667,0.667,0.6,0.6,0.8,0.45
Generalization,m90,m90_GenLight_400,1,1,29,61,True,False,True,True,2,1,14,1.45,0.363,False,False,False,True,1,NaN,NaN,True,True,False,0.333,0.333,0.667,0.4,0.4,0.8,0.467
Generalization,m90,m90_GenLight_400,1,1,30,61,False,False,False,False,0,0,0,NaN,NaN,True,False,True,True,2,1.45,0.363,False,False,True,0.333,0.667,0.667,0.4,0.6,0.8,0.483
Generalization,m90,m90_GenLight_400,1,1,31,61,True,True,False,True,2,1,2,4.792,0.189,False,False,False,False,0,NaN,NaN,False,True,True,0.0,0.333,0.667,0.2,0.4,0.6,0.5
Generalization,m90,m90_GenLight_400,1,1,32,61,False,False,False,True,1,0,0,NaN,NaN,True,True,False,True,2,4.792,0.189,False,False,False,0.333,0.667,0.667,0.4,0.6,0.6,0.517
Generalization,m90,m90_GenLight_400,1,1,33,61,False,False,False,False,0,0,0,NaN,NaN,False,False,False,True,1,NaN,NaN,True,True,True,0.333,0.333,0.667,0.2,0.4,0.8,0.533
Generalization,m90,m90_GenLight_400,1,1,34,61,False,False,False,False,0,0,0,NaN,NaN,False,False,False,False,0,NaN,NaN,False,False,True,0.333,0.333,0.667,0.2,0.4,0.6,0.55
Generalization,m90,m90_GenLight_400,1,1,35,61,True,True,False,True,2,1,14,4.333,0.319,False,False,False,False,0,NaN,NaN,False,False,False,0.0,0.0,0.333,0.2,0.2,0.4,0.567
Generalization,m90,m90_GenLight_400,1,1,36,61,True,True,False,True,1,1,14,6.512,0.201,True,True,False,True,2,4.333,0.319,False,False,False,0.333,0.333,0.333,0.4,0.4,0.6,0.583
Generalization,m90,m90_GenLight_400,1,1,37,61,False,False,False,True,1,0,0,NaN,NaN,True,True,False,True,1,6.512,0.201,True,True,True,0.667,0.667,0.667,0.4,0.4,0.6,0.6
Generalization,m90,m90_GenLight_400,1,1,38,61,False,False,False,False,0,0,0,NaN,NaN,False,False,False,True,1,NaN,NaN,True,True,True,0.667,0.667,1.0,0.4,0.4,0.6,0.617
Generalization,m90,m90_GenLight_400,1,1,39,61,False,False,False,True,2,0,14,NaN,NaN,False,False,False,False,0,NaN,NaN,False,False,True,0.333,0.333,0.667,0.4,0.4,0.6,0.633
Generalization,m90,m90_GenLight_400,1,1,40,61,True,True,False,True,1,1,14,0.421,0.163,False,False,False,True,2,NaN,NaN,False,False,False,0.0,0.0,0.667,0.4,0.4,0.8,0.65
Generalization,m90,m90_GenLight_400,1,1,41,61,False,False,False,False,0,0,0,NaN,NaN,True,True,False,True,1,0.421,0.163,False,False,True,0.333,0.333,0.667,0.4,0.4,0.8,0.667
Generalization,m90,m90_GenLight_400,1,1,42,61,False,False,False,True,1,0,4,NaN,NaN,False,False,False,False,0,NaN,NaN,True,True,True,0.333,0.333,0.667,0.2,0.2,0.6,0.683
Generalization,m90,m90_GenLight_400,1,1,43,61,True,True,False,False,0,1,8,5.364,0.351,False,False,False,True,1,NaN,NaN,False,False,False,0.333,0.333,0.667,0.2,0.2,0.6,0.7
Generalization,m90,m90_GenLight_400,1,1,44,61,False,False,False,True,1,0,0,NaN,NaN,True,True,False,False,0,5.364,0.351,False,False,True,0.333,0.333,0.333,0.4,0.4,0.6,0.717
Generalization,m90,m90_GenLight_400,1,1,45,61,True,False,True,True,2,1,10,3.858,0.126,False,False,False,True,1,NaN,NaN,True,True,False,0.333,0.333,0.667,0.4,0.4,0.6,0.733
Generalization,m90,m90_GenLight_400,1,1,46,61,False,False,False,False,0,0,0,NaN,NaN,True,False,True,True,2,3.858,0.126,False,False,True,0.333,0.667,0.667,0.2,0.4,0.6,0.75
Generalization,m90,m90_GenLight_400,1,1,47,61,True,False,True,False,0,2,0,7.628,NaN,False,False,False,False,0,NaN,NaN,False,True,True,0.0,0.333,0.667,0.2,0.4,0.6,0.767
Generalization,m90,m90_GenLight_400,1,1,48,61,True,False,True,False,0,1,0,1.354,NaN,True,False,True,False,0,7.628,NaN,False,False,False,0.0,0.667,0.333,0.2,0.6,0.4,0.783
Generalization,m90,m90_GenLight_400,1,1,49,61,True,True,False,False,0,1,6,2.453,0.412,True,False,True,False,0,1.354,NaN,False,True,False,0.0,0.667,0.0,0.0,0.6,0.4,0.8
Generalization,m90,m90_GenLight_400,1,1,50,61,False,False,False,True,1,0,6,NaN,NaN,True,True,False,False,0,2.453,0.412,False,True,False,0.333,1.0,0.0,0.2,0.8,0.2,0.817
Generalization,m90,m90_GenLight_400,1,1,51,61,False,False,False,False,0,0,0,NaN,NaN,False,False,False,True,1,NaN,NaN,True,True,False,0.333,0.667,0.333,0.2,0.6,0.2,0.833
Generalization,m90,m90_GenLight_400,1,1,52,61,True,True,False,False,0,1,4,5.677,0.162,False,False,False,False,0,NaN,NaN,False,False,True,0.333,0.333,0.333,0.2,0.6,0.2,0.85
Generalization,m90,m90_GenLight_400,1,1,53,61,False,False,False,True,2,0,4,NaN,NaN,True,True,False,False,0,5.677,0.162,False,False,False,0.333,0.333,0.333,0.4,0.6,0.2,0.867
Generalization,m90,m90_GenLight_400,1,1,54,61,False,False,False,True,3,0,6,NaN,NaN,False,False,False,True,2,NaN,NaN,True,True,False,0.333,0.333,0.333,0.4,0.4,0.4,0.883
Generalization,m90,m90_GenLight_400,1,1,55,61,True,True,False,True,2,1,12,0.641,0.299,False,False,False,True,3,NaN,NaN,False,False,True,0.333,0.333,0.667,0.2,0.2,0.6,0.9
Generalization,m90,m90_GenLight_400,1,1,56,61,False,False,False,False,0,0,0,NaN,NaN,True,True,False,True,2,0.641,0.299,False,False,True,0.333,0.333,1.0,0.4,0.4,0.6,0.917
Generalization,m90,m90_GenLight_400,1,1,57,61,False,False,False,False,0,0,0,NaN,NaN,False,False,False,False,0,NaN,NaN,True,True,True,0.333,0.333,0.667,0.4,0.4,0.6,0.933
Generalization,m90,m90_GenLight_400,1,1,58,61,False,False,False,False,0,0,0,NaN,NaN,False,False,False,False,0,NaN,NaN,False,False,False,0.333,0.333,0.333,0.2,0.2,0.6,0.95
Generalization,m90,m90_GenLight_400,1,1,59,61,False,False,False,True,3,0,6,NaN,NaN,False,False,False,False,0,NaN,NaN,False,False,False,0.0,0.0,0.0,0.2,0.2,0.4,0.967
Generalization,m90,m90_GenLight_400,1,1,60,61,False,False,False,False,0,0,0,NaN,NaN,False,False,False,True,3,NaN,NaN,False,False,False,0.0,0.0,0.333,0.2,0.2,0.4,0.983
Generalization,m90,m90_GenLight_400,1,1,61,61,False,False,False,False,0,0,0,NaN,NaN,False,False,False,False,0,NaN,NaN,False,False,True,0.0,0.0,0.333,0.0,0.0,0.2,1.0
Generalization,m90,m90_GenLight_400,2,2,1,60,False,False,False,True,3,0,10,NaN,NaN,,,,,,NaN,NaN,,,,NaN,NaN,NaN,NaN,NaN,NaN,0.0
Generalization,m90,m90_GenLight_400,2,2,2,60,False,False,False,True,5,0,14,NaN,NaN,False,False,False,True,3,NaN,NaN,,,,0.0,0.0,1.0,0.0,0.0,1.0,0.017
Generalization,m90,m90_GenLight_400,2,2,3,60,False,False,False,False,0,0,0,NaN,NaN,False,False,False,True,5,NaN,NaN,False,False,True,0.0,0.0,1.0,0.0,0.0,1.0,0.034
Generalization,m90,m90_GenLight_400,2,2,4,60,False,False,False,True,2,0,6,NaN,NaN,False,False,False,False,0,NaN,NaN,False,False,True,0.0,0.0,0.667,0.0,0.0,0.667,0.051
Generalization,m90,m90_GenLight_400,2,2,5,60,False,False,False,True,4,0,16,NaN,NaN,False,False,False,True,2,NaN,NaN,False,False,False,0.0,0.0,0.667,0.0,0.0,0.75,0.068
Generalization,m90,m90_GenLight_400,2,2,6,60,True,True,False,True,5,1,32,2.789,0.255,False,False,False,True,4,NaN,NaN,False,False,True,0.0,0.0,0.667,0.0,0.0,0.8,0.085
Generalization,m90,m90_GenLight_400,2,2,7,60,True,True,False,True,9,1,48,0.894,0.212,True,True,False,True,5,2.789,0.255,False,False,True,0.333,0.333,1.0,0.2,0.2,0.8,0.102
Generalization,m90,m90_GenLight_400,2,2,8,60,False,False,False,True,4,0,22,NaN,NaN,True,True,False,True,9,0.894,0.212,True,True,True,0.667,0.667,1.0,0.4,0.4,0.8,0.119
Generalization,m90,m90_GenLight_400,2,2,9,60,False,False,False,False,0,0,0,NaN,NaN,False,False,False,True,4,NaN,NaN,True,True,True,0.667,0.667,1.0,0.4,0.4,1.0,0.136
Generalization,m90,m90_GenLight_400,2,2,10,60,True,True,False,True,2,1,20,3.339,0.159,False,False,False,False,0,NaN,NaN,False,False,True,0.333,0.333,0.667,0.4,0.4,0.8,0.153
Generalization,m90,m90_GenLight_400,2,2,11,60,True,True,False,True,2,1,22,6.318,0.184,True,True,False,True,2,3.339,0.159,False,False,False,0.333,0.333,0.667,0.6,0.6,0.8,0.169
Generalization,m90,m90_GenLight_400,2,2,12,60,True,True,False,True,4,1,44,6.405,0.169,True,True,False,True,2,6.318,0.184,True,True,True,0.667,0.667,0.667,0.6,0.6,0.8,0.186
Generalization,m90,m90_GenLight_400,2,2,13,60,False,False,False,True,7,0,28,NaN,NaN,True,True,False,True,4,6.405,0.169,True,True,True,1.0,1.0,1.0,0.6,0.6,0.8,0.203
Generalization,m90,m90_GenLight_400,2,2,14,60,True,True,False,True,2,1,24,0.397,0.134,False,False,False,True,7,NaN,NaN,True,True,True,0.667,0.667,1.0,0.6,0.6,0.8,0.22
Generalization,m90,m90_GenLight_400,2,2,15,60,True,True,False,True,5,1,56,6.811,0.147,True,True,False,True,2,0.397,0.134,False,False,True,0.667,0.667,1.0,0.8,0.8,1.0,0.237
Generalization,m90,m90_GenLight_400,2,2,16,60,False,False,False,True,16,0,68,NaN,NaN,True,True,False,True,5,6.811,0.147,True,True,True,0.667,0.667,1.0,0.8,0.8,1.0,0.254
Generalization,m90,m90_GenLight_400,2,2,17,60,True,True,False,True,9,1,70,2.441,0.183,False,False,False,True,16,NaN,NaN,True,True,True,0.667,0.667,1.0,0.6,0.6,1.0,0.271
Generalization,m90,m90_GenLight_400,2,2,18,60,True,True,False,True,13,1,78,2.04,0.14,True,True,False,True,9,2.441,0.183,False,False,True,0.667,0.667,1.0,0.6,0.6,1.0,0.288
Generalization,m90,m90_GenLight_400,2,2,19,60,True,True,False,True,7,1,30,0.779,0.177,True,True,False,True,13,2.04,0.14,True,True,True,0.667,0.667,1.0,0.8,0.8,1.0,0.305
Generalization,m90,m90_GenLight_400,2,2,20,60,True,True,False,True,1,1,14,0.388,0.168,True,True,False,True,7,0.779,0.177,True,True,True,1.0,1.0,1.0,0.8,0.8,1.0,0.322
Generalization,m90,m90_GenLight_400,2,2,21,60,False,False,False,True,10,0,46,NaN,NaN,True,True,False,True,1,0.388,0.168,True,True,True,1.0,1.0,1.0,0.8,0.8,1.0,0.339
Generalization,m90,m90_GenLight_400,2,2,22,60,True,True,False,True,8,1,42,1.027,0.176,False,False,False,True,10,NaN,NaN,True,True,True,0.667,0.667,1.0,0.8,0.8,1.0,0.356
Generalization,m90,m90_GenLight_400,2,2,23,60,True,True,False,True,2,1,18,0.674,0.197,True,True,False,True,8,1.027,0.176,False,False,True,0.667,0.667,1.0,0.8,0.8,1.0,0.373
Generalization,m90,m90_GenLight_400,2,2,24,60,True,True,False,True,4,2,36,0.366,0.605,True,True,False,True,2,0.674,0.197,True,True,True,0.667,0.667,1.0,0.8,0.8,1.0,0.39
Generalization,m90,m90_GenLight_400,2,2,25,60,False,False,False,True,8,0,42,NaN,NaN,True,True,False,True,4,0.366,0.605,True,True,True,1.0,1.0,1.0,0.8,0.8,1.0,0.407
Generalization,m90,m90_GenLight_400,2,2,26,60,True,True,False,True,8,1,44,7.611,0.165,False,False,False,True,8,NaN,NaN,True,True,True,0.667,0.667,1.0,0.6,0.6,1.0,0.424
Generalization,m90,m90_GenLight_400,2,2,27,60,True,True,False,True,4,1,30,8.018,0.119,True,True,False,True,8,7.611,0.165,False,False,True,0.667,0.667,1.0,0.8,0.8,1.0,0.441
Generalization,m90,m90_GenLight_400,2,2,28,60,False,False,False,True,2,0,10,NaN,NaN,True,True,False,True,4,8.018,0.119,True,True,True,0.667,0.667,1.0,0.8,0.8,1.0,0.458
Generalization,m90,m90_GenLight_400,2,2,29,60,True,True,False,True,2,1,20,0.877,0.144,False,False,False,True,2,NaN,NaN,True,True,True,0.667,0.667,1.0,0.6,0.6,1.0,0.475
Generalization,m90,m90_GenLight_400,2,2,30,60,True,True,False,True,13,1,78,0.631,0.21,True,True,False,True,2,0.877,0.144,False,False,True,0.667,0.667,1.0,0.6,0.6,1.0,0.492
Generalization,m90,m90_GenLight_400,2,2,31,60,True,True,False,True,3,1,26,2.646,0.15,True,True,False,True,13,0.631,0.21,True,True,True,0.667,0.667,1.0,0.8,0.8,1.0,0.508
Generalization,m90,m90_GenLight_400,2,2,32,60,True,True,False,True,8,1,46,0.896,0.154,True,True,False,True,3,2.646,0.15,True,True,True,1.0,1.0,1.0,0.8,0.8,1.0,0.525
Generalization,m90,m90_GenLight_400,2,2,33,60,True,True,False,True,5,1,28,4.065,0.139,True,True,False,True,8,0.896,0.154,True,True,True,1.0,1.0,1.0,0.8,0.8,1.0,0.542
Generalization,m90,m90_GenLight_400,2,2,34,60,True,True,False,True,5,1,32,2.066,0.178,True,True,False,True,5,4.065,0.139,True,True,True,1.0,1.0,1.0,1.0,1.0,1.0,0.559
Generalization,m90,m90_GenLight_400,2,2,35,60,True,True,False,True,3,1,26,5.098,0.122,True,True,False,True,5,2.066,0.178,True,True,True,1.0,1.0,1.0,1.0,1.0,1.0,0.576
Generalization,m90,m90_GenLight_400,2,2,36,60,True,False,True,True,3,1,24,0.447,0.148,True,True,False,True,3,5.098,0.122,True,True,True,1.0,1.0,1.0,1.0,1.0,1.0,0.593
Generalization,m90,m90_GenLight_400,2,2,37,60,True,True,False,True,6,1,36,1.434,0.155,True,False,True,True,3,0.447,0.148,True,True,True,0.667,1.0,1.0,0.8,1.0,1.0,0.61
Generalization,m90,m90_GenLight_400,2,2,38,60,True,True,False,True,2,1,24,0.099,0.212,True,True,False,True,6,1.434,0.155,False,True,True,0.667,1.0,1.0,0.8,1.0,1.0,0.627
Generalization,m90,m90_GenLight_400,2,2,39,60,True,True,False,True,3,1,26,4.705,0.113,True,True,False,True,2,0.099,0.212,True,True,True,0.667,1.0,1.0,0.8,1.0,1.0,0.644
Generalization,m90,m90_GenLight_400,2,2,40,60,False,False,False,True,3,0,12,NaN,NaN,True,True,False,True,3,4.705,0.113,True,True,True,1.0,1.0,1.0,0.8,1.0,1.0,0.661
Generalization,m90,m90_GenLight_400,2,2,41,60,True,True,False,True,4,1,34,0.614,0.143,False,False,False,True,3,NaN,NaN,True,True,True,0.667,0.667,1.0,0.6,0.8,1.0,0.678
Generalization,m90,m90_GenLight_400,2,2,42,60,True,True,False,True,2,1,12,0.735,0.188,True,True,False,True,4,0.614,0.143,False,False,True,0.667,0.667,1.0,0.8,0.8,1.0,0.695
Generalization,m90,m90_GenLight_400,2,2,43,60,True,True,False,True,5,1,34,2.883,0.196,True,True,False,True,2,0.735,0.188,True,True,True,0.667,0.667,1.0,0.8,0.8,1.0,0.712
Generalization,m90,m90_GenLight_400,2,2,44,60,True,True,False,True,7,1,44,2.979,0.193,True,True,False,True,5,2.883,0.196,True,True,True,1.0,1.0,1.0,0.8,0.8,1.0,0.729
Generalization,m90,m90_GenLight_400,2,2,45,60,True,True,False,True,1,1,14,0.706,0.138,True,True,False,True,7,2.979,0.193,True,True,True,1.0,1.0,1.0,0.8,0.8,1.0,0.746
Generalization,m90,m90_GenLight_400,2,2,46,60,True,True,False,False,0,1,12,5.451,0.13,True,True,False,True,1,0.706,0.138,True,True,True,1.0,1.0,1.0,1.0,1.0,1.0,0.763
Generalization,m90,m90_GenLight_400,2,2,47,60,False,False,False,True,5,0,26,NaN,NaN,True,True,False,False,0,5.451,0.13,True,True,True,1.0,1.0,0.667,1.0,1.0,0.8,0.78
Generalization,m90,m90_GenLight_400,2,2,48,60,True,True,False,True,3,1,32,2.37,0.161,False,False,False,True,5,NaN,NaN,True,True,False,0.667,0.667,0.667,0.8,0.8,0.8,0.797
Generalization,m90,m90_GenLight_400,2,2,49,60,True,True,False,True,1,1,18,0.707,0.144,True,True,False,True,3,2.37,0.161,False,False,True,0.667,0.667,0.667,0.8,0.8,0.8,0.814
Generalization,m90,m90_GenLight_400,2,2,50,60,True,True,False,True,6,1,42,2.469,0.175,True,True,False,True,1,0.707,0.144,True,True,True,0.667,0.667,1.0,0.8,0.8,0.8,0.831
Generalization,m90,m90_GenLight_400,2,2,51,60,True,True,False,True,3,1,32,1.256,0.271,True,True,False,True,6,2.469,0.175,True,True,True,1.0,1.0,1.0,0.8,0.8,0.8,0.847
Generalization,m90,m90_GenLight_400,2,2,52,60,False,False,False,True,5,0,18,NaN,NaN,True,True,False,True,3,1.256,0.271,True,True,True,1.0,1.0,1.0,0.8,0.8,1.0,0.864
Generalization,m90,m90_GenLight_400,2,2,53,60,True,True,False,True,1,1,16,0.416,0.189,False,False,False,True,5,NaN,NaN,True,True,True,0.667,0.667,1.0,0.8,0.8,1.0,0.881
Generalization,m90,m90_GenLight_400,2,2,54,60,True,True,False,True,6,1,30,5.187,0.076,True,True,False,True,1,0.416,0.189,False,False,True,0.667,0.667,1.0,0.8,0.8,1.0,0.898
Generalization,m90,m90_GenLight_400,2,2,55,60,True,True,False,True,2,1,14,1.437,0.167,True,True,False,True,6,5.187,0.076,True,True,True,0.667,0.667,1.0,0.8,0.8,1.0,0.915
Generalization,m90,m90_GenLight_400,2,2,56,60,True,True,False,True,7,1,16,0.342,0.505,True,True,False,True,2,1.437,0.167,True,True,True,1.0,1.0,1.0,0.8,0.8,1.0,0.932
Generalization,m90,m90_GenLight_400,2,2,57,60,True,False,True,True,3,1,2,2.696,0.179,True,True,False,True,7,0.342,0.505,True,True,True,1.0,1.0,1.0,0.8,0.8,1.0,0.949
Generalization,m90,m90_GenLight_400,2,2,58,60,True,True,False,True,1,1,20,5.893,0.235,True,False,True,True,3,2.696,0.179,True,True,True,0.667,1.0,1.0,0.8,1.0,1.0,0.966
Generalization,m90,m90_GenLight_400,2,2,59,60,False,False,False,True,3,0,6,NaN,NaN,True,True,False,True,1,5.893,0.235,False,True,True,0.667,1.0,1.0,0.8,1.0,1.0,0.983
Generalization,m90,m90_GenLight_400,2,2,60,60,False,False,False,False,0,0,0,NaN,NaN,False,False,False,True,3,NaN,NaN,True,True,True,0.333,0.667,1.0,0.6,0.8,1.0,1.0
Generalization,m90,m90_GenLight_400_2,3,3,1,61,True,True,False,True,9,1,60,5.212,0.173,,,,,,NaN,NaN,,,,NaN,NaN,NaN,NaN,NaN,NaN,0.0
Generalization,m90,m90_GenLight_400_2,3,3,2,61,True,True,False,True,8,1,28,0.634,0.137,True,True,False,True,9,5.212,0.173,,,,1.0,1.0,1.0,1.0,1.0,1.0,0.017
Generalization,m90,m90_GenLight_400_2,3,3,3,61,True,True,False,True,1,1,16,1.555,0.142,True,True,False,True,8,0.634,0.137,True,True,True,1.0,1.0,1.0,1.0,1.0,1.0,0.033
Generalization,m90,m90_GenLight_400_2,3,3,4,61,True,True,False,True,8,1,46,6.951,0.216,True,True,False,True,1,1.555,0.142,True,True,True,1.0,1.0,1.0,1.0,1.0,1.0,0.05
Generalization,m90,m90_GenLight_400_2,3,3,5,61,True,True,False,True,3,1,22,1.835,0.15,True,True,False,True,8,6.951,0.216,True,True,True,1.0,1.0,1.0,1.0,1.0,1.0,0.067
Generalization,m90,m90_GenLight_400_2,3,3,6,61,True,True,False,True,10,1,54,2.956,0.145,True,True,False,True,3,1.835,0.15,True,True,True,1.0,1.0,1.0,1.0,1.0,1.0,0.083
Generalization,m90,m90_GenLight_400_2,3,3,7,61,True,True,False,True,1,1,22,0.027,0.219,True,True,False,True,10,2.956,0.145,True,True,True,1.0,1.0,1.0,1.0,1.0,1.0,0.1
Generalization,m90,m90_GenLight_400_2,3,3,8,61,True,True,False,True,6,1,28,2.913,0.131,True,True,False,True,1,0.027,0.219,True,True,True,1.0,1.0,1.0,1.0,1.0,1.0,0.117
Generalization,m90,m90_GenLight_400_2,3,3,9,61,True,True,False,True,4,1,32,4.588,0.129,True,True,False,True,6,2.913,0.131,True,True,True,1.0,1.0,1.0,1.0,1.0,1.0,0.133
Generalization,m90,m90_GenLight_400_2,3,3,10,61,True,False,True,True,12,1,34,3.233,0.168,True,True,False,True,4,4.588,0.129,True,True,True,1.0,1.0,1.0,1.0,1.0,1.0,0.15
Generalization,m90,m90_GenLight_400_2,3,3,11,61,True,True,False,True,8,1,40,2.53,0.149,True,False,True,True,12,3.233,0.168,True,True,True,0.667,1.0,1.0,0.8,1.0,1.0,0.167
Generalization,m90,m90_GenLight_400_2,3,3,12,61,True,False,True,True,5,1,28,1.183,0.068,True,True,False,True,8,2.53,0.149,False,True,True,0.667,1.0,1.0,0.8,1.0,1.0,0.183
Generalization,m90,m90_GenLight_400_2,3,3,13,61,True,True,False,True,14,1,74,0.668,0.165,True,False,True,True,5,1.183,0.068,True,True,True,0.333,1.0,1.0,0.6,1.0,1.0,0.2
Generalization,m90,m90_GenLight_400_2,3,3,14,61,False,False,False,True,3,0,8,NaN,NaN,True,True,False,True,14,0.668,0.165,False,True,True,0.667,1.0,1.0,0.6,1.0,1.0,0.217
Generalization,m90,m90_GenLight_400_2,3,3,15,61,True,True,False,True,2,1,16,1.569,0.147,False,False,False,True,3,NaN,NaN,True,True,True,0.333,0.667,1.0,0.4,0.8,1.0,0.233
Generalization,m90,m90_GenLight_400_2,3,3,16,61,True,True,False,True,21,1,68,1.143,0.1,True,True,False,True,2,1.569,0.147,False,False,True,0.667,0.667,1.0,0.6,0.8,1.0,0.25
Generalization,m90,m90_GenLight_400_2,3,3,17,61,True,True,False,True,7,1,42,0.419,0.195,True,True,False,True,21,1.143,0.1,True,True,True,0.667,0.667,1.0,0.6,0.8,1.0,0.267
Generalization,m90,m90_GenLight_400_2,3,3,18,61,False,False,False,True,1,0,4,NaN,NaN,True,True,False,True,7,0.419,0.195,True,True,True,1.0,1.0,1.0,0.8,0.8,1.0,0.283
Generalization,m90,m90_GenLight_400_2,3,3,19,61,True,True,False,True,14,1,60,3.794,0.154,False,False,False,True,1,NaN,NaN,True,True,True,0.667,0.667,1.0,0.6,0.6,1.0,0.3
Generalization,m90,m90_GenLight_400_2,3,3,20,61,True,True,False,True,5,1,30,2.674,0.135,True,True,False,True,14,3.794,0.154,False,False,True,0.667,0.667,1.0,0.8,0.8,1.0,0.317
Generalization,m90,m90_GenLight_400_2,3,3,21,61,True,True,False,True,2,1,12,0.851,0.127,True,True,False,True,5,2.674,0.135,True,True,True,0.667,0.667,1.0,0.8,0.8,1.0,0.333
Generalization,m90,m90_GenLight_400_2,3,3,22,61,False,False,False,True,4,0,12,NaN,NaN,True,True,False,True,2,0.851,0.127,True,True,True,1.0,1.0,1.0,0.8,0.8,1.0,0.35
Generalization,m90,m90_GenLight_400_2,3,3,23,61,True,True,False,True,5,1,32,5.312,0.231,False,False,False,True,4,NaN,NaN,True,True,True,0.667,0.667,1.0,0.6,0.6,1.0,0.367
Generalization,m90,m90_GenLight_400_2,3,3,24,61,True,True,False,True,7,1,42,0.386,0.237,True,True,False,True,5,5.312,0.231,False,False,True,0.667,0.667,1.0,0.8,0.8,1.0,0.383
Generalization,m90,m90_GenLight_400_2,3,3,25,61,True,True,False,True,5,1,36,0.25,0.137,True,True,False,True,7,0.386,0.237,True,True,True,0.667,0.667,1.0,0.8,0.8,1.0,0.4
Generalization,m90,m90_GenLight_400_2,3,3,26,61,True,True,False,True,4,1,24,4.203,0.212,True,True,False,True,5,0.25,0.137,True,True,True,1.0,1.0,1.0,0.8,0.8,1.0,0.417
Generalization,m90,m90_GenLight_400_2,3,3,27,61,True,True,False,True,13,1,24,0.539,0.12,True,True,False,True,4,4.203,0.212,True,True,True,1.0,1.0,1.0,0.8,0.8,1.0,0.433
Generalization,m90,m90_GenLight_400_2,3,3,28,61,True,True,False,True,18,1,82,0.373,0.163,True,True,False,True,13,0.539,0.12,True,True,True,1.0,1.0,1.0,1.0,1.0,1.0,0.45
Generalization,m90,m90_GenLight_400_2,3,3,29,61,True,True,False,True,2,1,16,0.04,0.27,True,True,False,True,18,0.373,0.163,True,True,True,1.0,1.0,1.0,1.0,1.0,1.0,0.467
Generalization,m90,m90_GenLight_400_2,3,3,30,61,False,False,False,True,13,0,58,NaN,NaN,True,True,False,True,2,0.04,0.27,True,True,True,1.0,1.0,1.0,1.0,1.0,1.0,0.483
Generalization,m90,m90_GenLight_400_2,3,3,31,61,True,True,False,True,4,1,28,6.199,0.218,False,False,False,True,13,NaN,NaN,True,True,True,0.667,0.667,1.0,0.8,0.8,1.0,0.5
Generalization,m90,m90_GenLight_400_2,3,3,32,61,True,True,False,True,1,1,8,1.509,0.109,True,True,False,True,4,6.199,0.218,False,False,True,0.667,0.667,1.0,0.8,0.8,1.0,0.517
Generalization,m90,m90_GenLight_400_2,3,3,33,61,False,False,False,False,0,0,0,NaN,NaN,True,True,False,True,1,1.509,0.109,True,True,True,0.667,0.667,1.0,0.8,0.8,1.0,0.533
Generalization,m90,m90_GenLight_400_2,3,3,34,61,False,False,False,True,11,0,44,NaN,NaN,False,False,False,False,0,NaN,NaN,True,True,True,0.667,0.667,0.667,0.6,0.6,0.8,0.55
Generalization,m90,m90_GenLight_400_2,3,3,35,61,True,True,False,True,5,1,28,1.14,0.156,False,False,False,True,11,NaN,NaN,False,False,False,0.333,0.333,0.667,0.4,0.4,0.8,0.567
Generalization,m90,m90_GenLight_400_2,3,3,36,61,True,True,False,True,9,1,50,0.154,0.147,True,True,False,True,5,1.14,0.156,False,False,True,0.333,0.333,0.667,0.6,0.6,0.8,0.583
Generalization,m90,m90_GenLight_400_2,3,3,37,61,True,True,False,False,0,1,14,0.385,0.099,True,True,False,True,9,0.154,0.147,True,True,True,0.667,0.667,1.0,0.6,0.6,0.8,0.6
Generalization,m90,m90_GenLight_400_2,3,3,38,61,True,True,False,True,4,1,30,1.602,0.098,True,True,False,False,0,0.385,0.099,True,True,True,1.0,1.0,0.667,0.6,0.6,0.6,0.617
Generalization,m90,m90_GenLight_400_2,3,3,39,61,True,True,False,True,10,1,42,0.321,0.165,True,True,False,True,4,1.602,0.098,True,True,False,1.0,1.0,0.667,0.8,0.8,0.8,0.633
Generalization,m90,m90_GenLight_400_2,3,3,40,61,True,False,True,False,0,1,4,3.676,0.135,True,True,False,True,10,0.321,0.165,True,True,True,1.0,1.0,0.667,1.0,1.0,0.8,0.65
Generalization,m90,m90_GenLight_400_2,3,3,41,61,True,False,True,False,0,1,8,5.749,0.182,True,False,True,False,0,3.676,0.135,True,True,True,0.667,1.0,0.667,0.8,1.0,0.6,0.667
Generalization,m90,m90_GenLight_400_2,3,3,42,61,False,False,False,True,1,0,8,NaN,NaN,True,False,True,False,0,5.749,0.182,False,True,False,0.333,1.0,0.333,0.6,1.0,0.4,0.683
Generalization,m90,m90_GenLight_400_2,3,3,43,61,False,False,False,False,0,0,0,NaN,NaN,False,False,False,True,1,NaN,NaN,False,True,False,0.0,0.667,0.333,0.4,0.8,0.6,0.7
Generalization,m90,m90_GenLight_400_2,3,3,44,61,True,True,False,False,0,1,12,5.783,0.374,False,False,False,False,0,NaN,NaN,False,False,True,0.0,0.333,0.333,0.2,0.6,0.4,0.717
Generalization,m90,m90_GenLight_400_2,3,3,45,61,True,True,False,True,3,1,26,1.5,0.151,True,True,False,False,0,5.783,0.374,False,False,False,0.333,0.333,0.333,0.2,0.6,0.2,0.733
Generalization,m90,m90_GenLight_400_2,3,3,46,61,True,True,False,True,2,1,22,2.457,0.129,True,True,False,True,3,1.5,0.151,True,True,False,0.667,0.667,0.333,0.4,0.6,0.4,0.75
Generalization,m90,m90_GenLight_400_2,3,3,47,61,True,True,False,True,2,1,16,5.788,0.206,True,True,False,True,2,2.457,0.129,True,True,True,1.0,1.0,0.667,0.6,0.6,0.6,0.767
Generalization,m90,m90_GenLight_400_2,3,3,48,61,True,True,False,True,2,1,22,0.523,0.124,True,True,False,True,2,5.788,0.206,True,True,True,1.0,1.0,1.0,0.8,0.8,0.6,0.783
Generalization,m90,m90_GenLight_400_2,3,3,49,61,True,False,True,True,2,1,18,3.273,0.196,True,True,False,True,2,0.523,0.124,True,True,True,1.0,1.0,1.0,1.0,1.0,0.8,0.8
Generalization,m90,m90_GenLight_400_2,3,3,50,61,True,True,False,True,4,1,14,0.426,0.171,True,False,True,True,2,3.273,0.196,True,True,True,0.667,1.0,1.0,0.8,1.0,1.0,0.817
Generalization,m90,m90_GenLight_400_2,3,3,51,61,True,True,False,True,3,1,26,0.594,0.119,True,True,False,True,4,0.426,0.171,False,True,True,0.667,1.0,1.0,0.8,1.0,1.0,0.833
Generalization,m90,m90_GenLight_400_2,3,3,52,61,True,True,False,True,3,1,30,0.248,0.151,True,True,False,True,3,0.594,0.119,True,True,True,0.667,1.0,1.0,0.8,1.0,1.0,0.85
Generalization,m90,m90_GenLight_400_2,3,3,53,61,True,True,False,True,3,1,28,0.958,0.188,True,True,False,True,3,0.248,0.151,True,True,True,1.0,1.0,1.0,0.8,1.0,1.0,0.867
Generalization,m90,m90_GenLight_400_2,3,3,54,61,True,False,True,True,3,1,12,5.327,0.152,True,True,False,True,3,0.958,0.188,True,True,True,1.0,1.0,1.0,0.8,1.0,1.0,0.883
Generalization,m90,m90_GenLight_400_2,3,3,55,61,True,False,True,True,5,1,10,1.855,0.149,True,False,True,True,3,5.327,0.152,True,True,True,0.667,1.0,1.0,0.8,1.0,1.0,0.9
Generalization,m90,m90_GenLight_400_2,3,3,56,61,True,True,False,True,1,1,14,0.4,0.132,True,False,True,True,5,1.855,0.149,False,True,True,0.333,1.0,1.0,0.6,1.0,1.0,0.917
Generalization,m90,m90_GenLight_400_2,3,3,57,61,True,False,True,True,1,1,8,0.584,0.144,True,True,False,True,1,0.4,0.132,False,True,True,0.333,1.0,1.0,0.6,1.0,1.0,0.933
Generalization,m90,m90_GenLight_400_2,3,3,58,61,True,True,False,False,0,1,12,0.475,0.157,True,False,True,True,1,0.584,0.144,True,True,True,0.333,1.0,1.0,0.4,1.0,1.0,0.95
Generalization,m90,m90_GenLight_400_2,3,3,59,61,False,False,False,False,0,0,0,NaN,NaN,True,True,False,False,0,0.475,0.157,False,True,True,0.667,1.0,0.667,0.4,1.0,0.8,0.967
Generalization,m90,m90_GenLight_400_2,3,3,60,61,True,False,True,False,0,1,0,0.596,NaN,False,False,False,False,0,NaN,NaN,True,True,False,0.333,0.667,0.333,0.4,0.8,0.6,0.983
Generalization,m90,m90_GenLight_400_2,3,3,61,61,False,False,False,False,0,0,0,NaN,NaN,True,False,True,False,0,0.596,NaN,False,False,False,0.333,0.667,0.0,0.4,0.8,0.4,1.0
Generalization,m90,m90_GenLight_400_2,4,4,1,61,True,True,False,True,4,1,24,6.335,0.259,,,,,,NaN,NaN,,,,NaN,NaN,NaN,NaN,NaN,NaN,0.0
Generalization,m90,m90_GenLight_400_2,4,4,2,61,True,True,False,True,4,1,26,3.386,0.146,True,True,False,True,4,6.335,0.259,,,,1.0,1.0,1.0,1.0,1.0,1.0,0.017
Generalization,m90,m90_GenLight_400_2,4,4,3,61,False,False,False,True,9,0,34,NaN,NaN,True,True,False,True,4,3.386,0.146,True,True,True,1.0,1.0,1.0,1.0,1.0,1.0,0.033
Generalization,m90,m90_GenLight_400_2,4,4,4,61,True,True,False,True,7,1,34,6.083,0.082,False,False,False,True,9,NaN,NaN,True,True,True,0.667,0.667,1.0,0.667,0.667,1.0,0.05
Generalization,m90,m90_GenLight_400_2,4,4,5,61,True,True,False,True,2,1,26,5.896,0.136,True,True,False,True,7,6.083,0.082,False,False,True,0.667,0.667,1.0,0.75,0.75,1.0,0.067
Generalization,m90,m90_GenLight_400_2,4,4,6,61,True,True,False,True,3,1,24,3.529,0.132,True,True,False,True,2,5.896,0.136,True,True,True,0.667,0.667,1.0,0.8,0.8,1.0,0.083
Generalization,m90,m90_GenLight_400_2,4,4,7,61,False,False,False,True,1,0,2,NaN,NaN,True,True,False,True,3,3.529,0.132,True,True,True,1.0,1.0,1.0,0.8,0.8,1.0,0.1
Generalization,m90,m90_GenLight_400_2,4,4,8,61,True,True,False,True,3,1,20,1.311,0.185,False,False,False,True,1,NaN,NaN,True,True,True,0.667,0.667,1.0,0.6,0.6,1.0,0.117
Generalization,m90,m90_GenLight_400_2,4,4,9,61,True,True,False,True,10,1,32,1.177,0.148,True,True,False,True,3,1.311,0.185,False,False,True,0.667,0.667,1.0,0.8,0.8,1.0,0.133
Generalization,m90,m90_GenLight_400_2,4,4,10,61,True,True,False,True,3,1,26,0.258,0.17,True,True,False,True,10,1.177,0.148,True,True,True,0.667,0.667,1.0,0.8,0.8,1.0,0.15
Generalization,m90,m90_GenLight_400_2,4,4,11,61,True,True,False,True,8,1,38,1.853,0.118,True,True,False,True,3,0.258,0.17,True,True,True,1.0,1.0,1.0,0.8,0.8,1.0,0.167
Generalization,m90,m90_GenLight_400_2,4,4,12,61,True,True,False,True,3,1,24,0.421,0.157,True,True,False,True,8,1.853,0.118,True,True,True,1.0,1.0,1.0,0.8,0.8,1.0,0.183
Generalization,m90,m90_GenLight_400_2,4,4,13,61,True,True,False,True,3,1,18,2.55,0.118,True,True,False,True,3,0.421,0.157,True,True,True,1.0,1.0,1.0,1.0,1.0,1.0,0.2
Generalization,m90,m90_GenLight_400_2,4,4,14,61,False,False,False,True,3,0,12,NaN,NaN,True,True,False,True,3,2.55,0.118,True,True,True,1.0,1.0,1.0,1.0,1.0,1.0,0.217
Generalization,m90,m90_GenLight_400_2,4,4,15,61,True,False,True,True,1,1,10,1.409,0.129,False,False,False,True,3,NaN,NaN,True,True,True,0.667,0.667,1.0,0.8,0.8,1.0,0.233
Generalization,m90,m90_GenLight_400_2,4,4,16,61,True,True,False,True,6,1,40,1.746,0.296,True,False,True,True,1,1.409,0.129,False,False,True,0.333,0.667,1.0,0.6,0.8,1.0,0.25
Generalization,m90,m90_GenLight_400_2,4,4,17,61,True,True,False,True,5,1,36,4.896,0.11,True,True,False,True,6,1.746,0.296,False,True,True,0.333,0.667,1.0,0.6,0.8,1.0,0.267
Generalization,m90,m90_GenLight_400_2,4,4,18,61,False,False,False,True,9,0,28,NaN,NaN,True,True,False,True,5,4.896,0.11,True,True,True,0.667,1.0,1.0,0.6,0.8,1.0,0.283
Generalization,m90,m90_GenLight_400_2,4,4,19,61,True,True,False,True,15,1,70,0.294,0.119,False,False,False,True,9,NaN,NaN,True,True,True,0.667,0.667,1.0,0.4,0.6,1.0,0.3
Generalization,m90,m90_GenLight_400_2,4,4,20,61,True,True,False,True,2,1,12,0.053,0.13,True,True,False,True,15,0.294,0.119,False,False,True,0.667,0.667,1.0,0.6,0.8,1.0,0.317
Generalization,m90,m90_GenLight_400_2,4,4,21,61,False,False,False,True,1,0,4,NaN,NaN,True,True,False,True,2,0.053,0.13,True,True,True,0.667,0.667,1.0,0.8,0.8,1.0,0.333
Generalization,m90,m90_GenLight_400_2,4,4,22,61,True,True,False,True,4,1,30,0.171,0.166,False,False,False,True,1,NaN,NaN,True,True,True,0.667,0.667,1.0,0.6,0.6,1.0,0.35
Generalization,m90,m90_GenLight_400_2,4,4,23,61,True,True,False,True,6,1,32,0.55,0.088,True,True,False,True,4,0.171,0.166,False,False,True,0.667,0.667,1.0,0.6,0.6,1.0,0.367
Generalization,m90,m90_GenLight_400_2,4,4,24,61,True,True,False,True,3,1,24,1.779,0.097,True,True,False,True,6,0.55,0.088,True,True,True,0.667,0.667,1.0,0.8,0.8,1.0,0.383
Generalization,m90,m90_GenLight_400_2,4,4,25,61,True,True,False,True,1,1,4,0.411,0.146,True,True,False,True,3,1.779,0.097,True,True,True,1.0,1.0,1.0,0.8,0.8,1.0,0.4
Generalization,m90,m90_GenLight_400_2,4,4,26,61,True,True,False,True,4,1,28,2.931,0.214,True,True,False,True,1,0.411,0.146,True,True,True,1.0,1.0,1.0,0.8,0.8,1.0,0.417
Generalization,m90,m90_GenLight_400_2,4,4,27,61,True,True,False,True,5,1,22,1.223,0.126,True,True,False,True,4,2.931,0.214,True,True,True,1.0,1.0,1.0,1.0,1.0,1.0,0.433
Generalization,m90,m90_GenLight_400_2,4,4,28,61,True,True,False,True,7,1,26,3.66,0.138,True,True,False,True,5,1.223,0.126,True,True,True,1.0,1.0,1.0,1.0,1.0,1.0,0.45
Generalization,m90,m90_GenLight_400_2,4,4,29,61,True,False,True,True,2,1,10,1.473,0.221,True,True,False,True,7,3.66,0.138,True,True,True,1.0,1.0,1.0,1.0,1.0,1.0,0.467
Generalization,m90,m90_GenLight_400_2,4,4,30,61,False,False,False,False,0,0,0,NaN,NaN,True,False,True,True,2,1.473,0.221,True,True,True,0.667,1.0,1.0,0.8,1.0,1.0,0.483
Generalization,m90,m90_GenLight_400_2,4,4,31,61,False,False,False,True,1,0,0,NaN,NaN,False,False,False,False,0,NaN,NaN,False,True,True,0.333,0.667,0.667,0.6,0.8,0.8,0.5
Generalization,m90,m90_GenLight_400_2,4,4,32,61,True,True,False,True,4,1,32,0.459,0.091,False,False,False,True,1,NaN,NaN,False,False,False,0.0,0.333,0.667,0.4,0.6,0.8,0.517
Generalization,m90,m90_GenLight_400_2,4,4,33,61,True,False,True,True,1,1,12,0.636,0.123,True,True,False,True,4,0.459,0.091,False,False,True,0.333,0.333,0.667,0.4,0.6,0.8,0.533
Generalization,m90,m90_GenLight_400_2,4,4,34,61,True,True,False,True,1,1,20,0.441,0.074,True,False,True,True,1,0.636,0.123,True,True,True,0.333,0.667,1.0,0.2,0.6,0.8,0.55
Generalization,m90,m90_GenLight_400_2,4,4,35,61,True,True,False,True,2,1,24,0.689,0.209,True,True,False,True,1,0.441,0.074,False,True,True,0.667,1.0,1.0,0.4,0.6,0.8,0.567
Generalization,m90,m90_GenLight_400_2,4,4,36,61,True,True,False,True,6,1,30,1.678,0.107,True,True,False,True,2,0.689,0.209,True,True,True,0.667,1.0,1.0,0.6,0.8,1.0,0.583
Generalization,m90,m90_GenLight_400_2,4,4,37,61,True,False,True,True,3,1,22,6.888,0.063,True,True,False,True,6,1.678,0.107,True,True,True,1.0,1.0,1.0,0.8,1.0,1.0,0.6
Generalization,m90,m90_GenLight_400_2,4,4,38,61,True,True,False,False,0,1,6,0.355,0.11,True,False,True,True,3,6.888,0.063,True,True,True,0.667,1.0,1.0,0.6,1.0,1.0,0.617
Generalization,m90,m90_GenLight_400_2,4,4,39,61,True,True,False,True,3,1,16,7.018,0.096,True,True,False,False,0,0.355,0.11,False,True,True,0.667,1.0,0.667,0.8,1.0,0.8,0.633
Generalization,m90,m90_GenLight_400_2,4,4,40,61,True,True,False,True,2,1,22,1.854,0.299,True,True,False,True,3,7.018,0.096,True,True,False,0.667,1.0,0.667,0.8,1.0,0.8,0.65
Generalization,m90,m90_GenLight_400_2,4,4,41,61,True,True,False,True,4,1,20,7.742,0.102,True,True,False,True,2,1.854,0.299,True,True,True,1.0,1.0,0.667,0.8,1.0,0.8,0.667
Generalization,m90,m90_GenLight_400_2,4,4,42,61,True,True,False,True,2,1,11,0.435,0.108,True,True,False,True,4,7.742,0.102,True,True,True,1.0,1.0,1.0,0.8,1.0,0.8,0.683
Generalization,m90,m90_GenLight_400_2,4,4,43,61,True,False,True,True,2,1,10,1.646,0.107,True,True,False,True,2,0.435,0.108,True,True,True,1.0,1.0,1.0,1.0,1.0,0.8,0.7
Generalization,m90,m90_GenLight_400_2,4,4,44,61,True,True,False,True,4,1,28,0.275,0.123,True,False,True,True,2,1.646,0.107,True,True,True,0.667,1.0,1.0,0.8,1.0,1.0,0.717
Generalization,m90,m90_GenLight_400_2,4,4,45,61,False,False,False,True,3,0,8,NaN,NaN,True,True,False,True,4,0.275,0.123,False,True,True,0.667,1.0,1.0,0.8,1.0,1.0,0.733
Generalization,m90,m90_GenLight_400_2,4,4,46,61,True,True,False,True,5,1,22,0.448,0.12,False,False,False,True,3,NaN,NaN,True,True,True,0.333,0.667,1.0,0.6,0.8,1.0,0.75
Generalization,m90,m90_GenLight_400_2,4,4,47,61,True,True,False,True,2,1,12,4.7,0.092,True,True,False,True,5,0.448,0.12,False,False,True,0.667,0.667,1.0,0.6,0.8,1.0,0.767
Generalization,m90,m90_GenLight_400_2,4,4,48,61,True,True,False,True,1,1,12,1.529,0.127,True,True,False,True,2,4.7,0.092,True,True,True,0.667,0.667,1.0,0.6,0.8,1.0,0.783
Generalization,m90,m90_GenLight_400_2,4,4,49,61,True,True,False,True,1,1,20,1.558,0.226,True,True,False,True,1,1.529,0.127,True,True,True,1.0,1.0,1.0,0.8,0.8,1.0,0.8
Generalization,m90,m90_GenLight_400_2,4,4,50,61,True,True,False,True,5,1,28,2.749,0.172,True,True,False,True,1,1.558,0.226,True,True,True,1.0,1.0,1.0,0.8,0.8,1.0,0.817
Generalization,m90,m90_GenLight_400_2,4,4,51,61,True,True,False,False,0,1,8,0.437,0.152,True,True,False,True,5,2.749,0.172,True,True,True,1.0,1.0,1.0,1.0,1.0,1.0,0.833
Generalization,m90,m90_GenLight_400_2,4,4,52,61,True,True,False,True,2,1,14,5.814,0.213,True,True,False,False,0,0.437,0.152,True,True,True,1.0,1.0,0.667,1.0,1.0,0.8,0.85
Generalization,m90,m90_GenLight_400_2,4,4,53,61,True,True,False,True,3,1,16,0.392,0.116,True,True,False,True,2,5.814,0.213,True,True,False,1.0,1.0,0.667,1.0,1.0,0.8,0.867
Generalization,m90,m90_GenLight_400_2,4,4,54,61,True,True,False,True,1,1,14,2.928,0.119,True,True,False,True,3,0.392,0.116,True,True,True,1.0,1.0,0.667,1.0,1.0,0.8,0.883
Generalization,m90,m90_GenLight_400_2,4,4,55,61,True,True,False,True,5,1,16,5.669,0.101,True,True,False,True,1,2.928,0.119,True,True,True,1.0,1.0,1.0,1.0,1.0,0.8,0.9
Generalization,m90,m90_GenLight_400_2,4,4,56,61,True,True,False,True,2,1,6,1.723,0.256,True,True,False,True,5,5.669,0.101,True,True,True,1.0,1.0,1.0,1.0,1.0,0.8,0.917
Generalization,m90,m90_GenLight_400_2,4,4,57,61,True,True,False,True,3,1,10,3.334,0.144,True,True,False,True,2,1.723,0.256,True,True,True,1.0,1.0,1.0,1.0,1.0,1.0,0.933
Generalization,m90,m90_GenLight_400_2,4,4,58,61,True,True,False,False,0,1,10,5.958,0.213,True,True,False,True,3,3.334,0.144,True,True,True,1.0,1.0,1.0,1.0,1.0,1.0,0.95
Generalization,m90,m90_GenLight_400_2,4,4,59,61,True,True,False,True,1,1,10,1.114,0.134,True,True,False,False,0,5.958,0.213,True,True,True,1.0,1.0,0.667,1.0,1.0,0.8,0.967
Generalization,m90,m90_GenLight_400_2,4,4,60,61,True,True,False,False,0,1,6,0.565,0.272,True,True,False,True,1,1.114,0.134,True,True,False,1.0,1.0,0.667,1.0,1.0,0.8,0.983
Generalization,m90,m90_GenLight_400_2,4,4,61,61,False,False,False,False,0,0,0,NaN,NaN,True,True,False,False,0,0.565,0.272,True,True,True,1.0,1.0,0.333,1.0,1.0,0.6,1.0
Generalization,m92,m92_GenLight_400,1,1,1,61,True,False,True,True,1,1,2,7.121,10.753,,,,,,NaN,NaN,,,,NaN,NaN,NaN,NaN,NaN,NaN,0.0
Generalization,m92,m92_GenLight_400,1,1,2,61,True,True,False,False,0,1,10,4.415,0.344,True,False,True,True,1,7.121,10.753,,,,0.0,1.0,1.0,0.0,1.0,1.0,0.017
Generalization,m92,m92_GenLight_400,1,1,3,61,True,True,False,True,2,1,16,6.734,0.323,True,True,False,False,0,4.415,0.344,False,True,True,0.5,1.0,0.5,0.5,1.0,0.5,0.033
Generalization,m92,m92_GenLight_400,1,1,4,61,False,False,False,True,1,0,16,NaN,NaN,True,True,False,True,2,6.734,0.323,True,True,False,0.667,1.0,0.667,0.667,1.0,0.667,0.05
Generalization,m92,m92_GenLight_400,1,1,5,61,False,False,False,True,2,0,12,NaN,NaN,False,False,False,True,1,NaN,NaN,True,True,True,0.667,0.667,0.667,0.5,0.75,0.75,0.067
Generalization,m92,m92_GenLight_400,1,1,6,61,False,False,False,True,1,0,14,NaN,NaN,False,False,False,True,2,NaN,NaN,False,False,True,0.333,0.333,1.0,0.4,0.6,0.8,0.083
Generalization,m92,m92_GenLight_400,1,1,7,61,True,True,False,True,2,1,40,2.849,0.561,False,False,False,True,1,NaN,NaN,False,False,True,0.0,0.0,1.0,0.4,0.4,0.8,0.1
Generalization,m92,m92_GenLight_400,1,1,8,61,False,False,False,True,1,0,6,NaN,NaN,True,True,False,True,2,2.849,0.561,False,False,True,0.333,0.333,1.0,0.4,0.4,1.0,0.117
Generalization,m92,m92_GenLight_400,1,1,9,61,False,False,False,True,4,0,30,NaN,NaN,False,False,False,True,1,NaN,NaN,True,True,True,0.333,0.333,1.0,0.2,0.2,1.0,0.133
Generalization,m92,m92_GenLight_400,1,1,10,61,False,False,False,True,1,0,8,NaN,NaN,False,False,False,True,4,NaN,NaN,False,False,True,0.333,0.333,1.0,0.2,0.2,1.0,0.15
Generalization,m92,m92_GenLight_400,1,1,11,61,False,False,False,True,1,0,4,NaN,NaN,False,False,False,True,1,NaN,NaN,False,False,True,0.0,0.0,1.0,0.2,0.2,1.0,0.167
Generalization,m92,m92_GenLight_400,1,1,12,61,False,False,False,True,1,0,10,NaN,NaN,False,False,False,True,1,NaN,NaN,False,False,True,0.0,0.0,1.0,0.2,0.2,1.0,0.183
Generalization,m92,m92_GenLight_400,1,1,13,61,False,False,False,True,1,0,4,NaN,NaN,False,False,False,True,1,NaN,NaN,False,False,True,0.0,0.0,1.0,0.0,0.0,1.0,0.2
Generalization,m92,m92_GenLight_400,1,1,14,61,False,False,False,False,0,0,0,NaN,NaN,False,False,False,True,1,NaN,NaN,False,False,True,0.0,0.0,1.0,0.0,0.0,1.0,0.217
Generalization,m92,m92_GenLight_400,1,1,15,61,False,False,False,True,1,0,6,NaN,NaN,False,False,False,False,0,NaN,NaN,False,False,True,0.0,0.0,0.667,0.0,0.0,0.8,0.233
Generalization,m92,m92_GenLight_400,1,1,16,61,False,False,False,False,0,0,0,NaN,NaN,False,False,False,True,1,NaN,NaN,False,False,False,0.0,0.0,0.667,0.0,0.0,0.8,0.25
Generalization,m92,m92_GenLight_400,1,1,17,61,False,False,False,True,1,0,4,NaN,NaN,False,False,False,False,0,NaN,NaN,False,False,True,0.0,0.0,0.333,0.0,0.0,0.6,0.267
Generalization,m92,m92_GenLight_400,1,1,18,61,False,False,False,True,2,0,16,NaN,NaN,False,False,False,True,1,NaN,NaN,False,False,False,0.0,0.0,0.667,0.0,0.0,0.6,0.283
Generalization,m92,m92_GenLight_400,1,1,19,61,False,False,False,False,0,0,0,NaN,NaN,False,False,False,True,2,NaN,NaN,False,False,True,0.0,0.0,0.667,0.0,0.0,0.6,0.3
Generalization,m92,m92_GenLight_400,1,1,20,61,False,False,False,False,0,0,0,NaN,NaN,False,False,False,False,0,NaN,NaN,False,False,True,0.0,0.0,0.667,0.0,0.0,0.6,0.317
Generalization,m92,m92_GenLight_400,1,1,21,61,False,False,False,True,1,0,4,NaN,NaN,False,False,False,False,0,NaN,NaN,False,False,False,0.0,0.0,0.333,0.0,0.0,0.4,0.333
Generalization,m92,m92_GenLight_400,1,1,22,61,False,False,False,False,0,0,2,NaN,NaN,False,False,False,True,1,NaN,NaN,False,False,False,0.0,0.0,0.333,0.0,0.0,0.6,0.35
Generalization,m92,m92_GenLight_400,1,1,23,61,True,True,False,True,3,1,24,2.801,0.329,False,False,False,False,0,NaN,NaN,False,False,True,0.0,0.0,0.333,0.0,0.0,0.4,0.367
Generalization,m92,m92_GenLight_400,1,1,24,61,False,False,False,False,0,0,0,NaN,NaN,True,True,False,True,3,2.801,0.329,False,False,False,0.333,0.333,0.667,0.2,0.2,0.4,0.383
Generalization,m92,m92_GenLight_400,1,1,25,61,False,False,False,False,0,0,0,NaN,NaN,False,False,False,False,0,NaN,NaN,True,True,True,0.333,0.333,0.333,0.2,0.2,0.4,0.4
Generalization,m92,m92_GenLight_400,1,1,26,61,False,False,False,False,0,0,0,NaN,NaN,False,False,False,False,0,NaN,NaN,False,False,False,0.333,0.333,0.333,0.2,0.2,0.4,0.417
Generalization,m92,m92_GenLight_400,1,1,27,61,False,False,False,True,3,0,22,NaN,NaN,False,False,False,False,0,NaN,NaN,False,False,False,0.0,0.0,0.0,0.2,0.2,0.2,0.433
Generalization,m92,m92_GenLight_400,1,1,28,61,True,True,False,True,1,1,28,1.088,1.345,False,False,False,True,3,NaN,NaN,False,False,False,0.0,0.0,0.333,0.2,0.2,0.4,0.45
Generalization,m92,m92_GenLight_400,1,1,29,61,False,False,False,False,0,0,0,NaN,NaN,True,True,False,True,1,1.088,1.345,False,False,True,0.333,0.333,0.667,0.2,0.2,0.4,0.467
Generalization,m92,m92_GenLight_400,1,1,30,61,False,False,False,False,0,0,0,NaN,NaN,False,False,False,False,0,NaN,NaN,True,True,True,0.333,0.333,0.667,0.2,0.2,0.4,0.483
Generalization,m92,m92_GenLight_400,1,1,31,61,False,False,False,True,1,0,4,NaN,NaN,False,False,False,False,0,NaN,NaN,False,False,False,0.333,0.333,0.333,0.2,0.2,0.4,0.5
Generalization,m92,m92_GenLight_400,1,1,32,61,False,False,False,True,1,0,4,NaN,NaN,False,False,False,True,1,NaN,NaN,False,False,False,0.0,0.0,0.333,0.2,0.2,0.6,0.517
Generalization,m92,m92_GenLight_400,1,1,33,61,False,False,False,True,2,0,8,NaN,NaN,False,False,False,True,1,NaN,NaN,False,False,True,0.0,0.0,0.667,0.2,0.2,0.6,0.533
Generalization,m92,m92_GenLight_400,1,1,34,61,False,False,False,True,2,0,18,NaN,NaN,False,False,False,True,2,NaN,NaN,False,False,True,0.0,0.0,1.0,0.0,0.0,0.6,0.55
Generalization,m92,m92_GenLight_400,1,1,35,61,False,False,False,True,1,0,10,NaN,NaN,False,False,False,True,2,NaN,NaN,False,False,True,0.0,0.0,1.0,0.0,0.0,0.8,0.567
Generalization,m92,m92_GenLight_400,1,1,36,61,False,False,False,True,1,0,8,NaN,NaN,False,False,False,True,1,NaN,NaN,False,False,True,0.0,0.0,1.0,0.0,0.0,1.0,0.583
Generalization,m92,m92_GenLight_400,1,1,37,61,False,False,False,False,0,0,0,NaN,NaN,False,False,False,True,1,NaN,NaN,False,False,True,0.0,0.0,1.0,0.0,0.0,1.0,0.6
Generalization,m92,m92_GenLight_400,1,1,38,61,False,False,False,True,2,0,20,NaN,NaN,False,False,False,False,0,NaN,NaN,False,False,True,0.0,0.0,0.667,0.0,0.0,0.8,0.617
Generalization,m92,m92_GenLight_400,1,1,39,61,False,False,False,False,0,0,0,NaN,NaN,False,False,False,True,2,NaN,NaN,False,False,False,0.0,0.0,0.667,0.0,0.0,0.8,0.633
Generalization,m92,m92_GenLight_400,1,1,40,61,False,False,False,False,0,0,0,NaN,NaN,False,False,False,False,0,NaN,NaN,False,False,True,0.0,0.0,0.333,0.0,0.0,0.6,0.65
Generalization,m92,m92_GenLight_400,1,1,41,61,False,False,False,False,0,0,0,NaN,NaN,False,False,False,False,0,NaN,NaN,False,False,False,0.0,0.0,0.333,0.0,0.0,0.4,0.667
Generalization,m92,m92_GenLight_400,1,1,42,61,False,False,False,True,1,0,8,NaN,NaN,False,False,False,False,0,NaN,NaN,False,False,False,0.0,0.0,0.0,0.0,0.0,0.2,0.683
Generalization,m92,m92_GenLight_400,1,1,43,61,False,False,False,True,1,0,12,NaN,NaN,False,False,False,True,1,NaN,NaN,False,False,False,0.0,0.0,0.333,0.0,0.0,0.4,0.7
Generalization,m92,m92_GenLight_400,1,1,44,61,False,False,False,False,0,0,0,NaN,NaN,False,False,False,True,1,NaN,NaN,False,False,True,0.0,0.0,0.667,0.0,0.0,0.4,0.717
Generalization,m92,m92_GenLight_400,1,1,45,61,False,False,False,True,3,0,34,NaN,NaN,False,False,False,False,0,NaN,NaN,False,False,True,0.0,0.0,0.667,0.0,0.0,0.4,0.733
Generalization,m92,m92_GenLight_400,1,1,46,61,False,False,False,True,2,0,6,NaN,NaN,False,False,False,True,3,NaN,NaN,False,False,False,0.0,0.0,0.667,0.0,0.0,0.6,0.75
Generalization,m92,m92_GenLight_400,1,1,47,61,False,False,False,False,0,0,0,NaN,NaN,False,False,False,True,2,NaN,NaN,False,False,True,0.0,0.0,0.667,0.0,0.0,0.8,0.767
Generalization,m92,m92_GenLight_400,1,1,48,61,False,False,False,True,1,0,8,NaN,NaN,False,False,False,False,0,NaN,NaN,False,False,True,0.0,0.0,0.667,0.0,0.0,0.6,0.783
Generalization,m92,m92_GenLight_400,1,1,49,61,False,False,False,True,1,0,8,NaN,NaN,False,False,False,True,1,NaN,NaN,False,False,False,0.0,0.0,0.667,0.0,0.0,0.6,0.8
Generalization,m92,m92_GenLight_400,1,1,50,61,True,True,False,False,0,1,6,6.989,0.425,False,False,False,True,1,NaN,NaN,False,False,True,0.0,0.0,0.667,0.0,0.0,0.8,0.817
Generalization,m92,m92_GenLight_400,1,1,51,61,False,False,False,False,0,0,0,NaN,NaN,True,True,False,False,0,6.989,0.425,False,False,True,0.333,0.333,0.667,0.2,0.2,0.6,0.833
Generalization,m92,m92_GenLight_400,1,1,52,61,False,False,False,False,0,0,0,NaN,NaN,False,False,False,False,0,NaN,NaN,True,True,False,0.333,0.333,0.333,0.2,0.2,0.4,0.85
Generalization,m92,m92_GenLight_400,1,1,53,61,False,False,False,True,1,0,12,NaN,NaN,False,False,False,False,0,NaN,NaN,False,False,False,0.333,0.333,0.0,0.2,0.2,0.4,0.867
Generalization,m92,m92_GenLight_400,1,1,54,61,False,False,False,True,1,0,6,NaN,NaN,False,False,False,True,1,NaN,NaN,False,False,False,0.0,0.0,0.333,0.2,0.2,0.4,0.883
Generalization,m92,m92_GenLight_400,1,1,55,61,False,False,False,False,0,0,0,NaN,NaN,False,False,False,True,1,NaN,NaN,False,False,True,0.0,0.0,0.667,0.2,0.2,0.4,0.9
Generalization,m92,m92_GenLight_400,1,1,56,61,False,False,False,False,0,0,0,NaN,NaN,False,False,False,False,0,NaN,NaN,False,False,True,0.0,0.0,0.667,0.0,0.0,0.4,0.917
Generalization,m92,m92_GenLight_400,1,1,57,61,False,False,False,False,0,0,0,NaN,NaN,False,False,False,False,0,NaN,NaN,False,False,False,0.0,0.0,0.333,0.0,0.0,0.4,0.933
Generalization,m92,m92_GenLight_400,1,1,58,61,False,False,False,True,1,0,6,NaN,NaN,False,False,False,False,0,NaN,NaN,False,False,False,0.0,0.0,0.0,0.0,0.0,0.4,0.95
Generalization,m92,m92_GenLight_400,1,1,59,61,False,False,False,True,1,0,10,NaN,NaN,False,False,False,True,1,NaN,NaN,False,False,False,0.0,0.0,0.333,0.0,0.0,0.4,0.967
Generalization,m92,m92_GenLight_400,1,1,60,61,False,False,False,False,0,0,0,NaN,NaN,False,False,False,True,1,NaN,NaN,False,False,True,0.0,0.0,0.667,0.0,0.0,0.4,0.983
Generalization,m92,m92_GenLight_400,1,1,61,61,False,False,False,False,0,0,0,NaN,NaN,False,False,False,False,0,NaN,NaN,False,False,True,0.0,0.0,0.667,0.0,0.0,0.4,1.0
Generalization,m92,m92_GenLight_400,2,2,1,60,False,False,False,False,0,0,0,NaN,NaN,,,,,,NaN,NaN,,,,NaN,NaN,NaN,NaN,NaN,NaN,0.0
Generalization,m92,m92_GenLight_400,2,2,2,60,False,False,False,True,3,0,14,NaN,NaN,False,False,False,False,0,NaN,NaN,,,,0.0,0.0,0.0,0.0,0.0,0.0,0.017
Generalization,m92,m92_GenLight_400,2,2,3,60,False,False,False,True,1,0,2,NaN,NaN,False,False,False,True,3,NaN,NaN,False,False,False,0.0,0.0,0.5,0.0,0.0,0.5,0.034
Generalization,m92,m92_GenLight_400,2,2,4,60,False,False,False,True,2,0,14,NaN,NaN,False,False,False,True,1,NaN,NaN,False,False,True,0.0,0.0,0.667,0.0,0.0,0.667,0.051
Generalization,m92,m92_GenLight_400,2,2,5,60,False,False,False,True,5,0,18,NaN,NaN,False,False,False,True,2,NaN,NaN,False,False,True,0.0,0.0,1.0,0.0,0.0,0.75,0.068
Generalization,m92,m92_GenLight_400,2,2,6,60,False,False,False,True,3,0,12,NaN,NaN,False,False,False,True,5,NaN,NaN,False,False,True,0.0,0.0,1.0,0.0,0.0,0.8,0.085
Generalization,m92,m92_GenLight_400,2,2,7,60,False,False,False,False,0,0,0,NaN,NaN,False,False,False,True,3,NaN,NaN,False,False,True,0.0,0.0,1.0,0.0,0.0,1.0,0.102
Generalization,m92,m92_GenLight_400,2,2,8,60,True,True,False,True,1,1,42,6.483,1.899,False,False,False,False,0,NaN,NaN,False,False,True,0.0,0.0,0.667,0.0,0.0,0.8,0.119
Generalization,m92,m92_GenLight_400,2,2,9,60,False,False,False,True,2,0,8,NaN,NaN,True,True,False,True,1,6.483,1.899,False,False,False,0.333,0.333,0.667,0.2,0.2,0.8,0.136
Generalization,m92,m92_GenLight_400,2,2,10,60,False,False,False,False,0,0,0,NaN,NaN,False,False,False,True,2,NaN,NaN,True,True,True,0.333,0.333,0.667,0.2,0.2,0.8,0.153
Generalization,m92,m92_GenLight_400,2,2,11,60,False,False,False,True,4,0,16,NaN,NaN,False,False,False,False,0,NaN,NaN,False,False,True,0.333,0.333,0.667,0.2,0.2,0.6,0.169
Generalization,m92,m92_GenLight_400,2,2,12,60,False,False,False,True,2,0,4,NaN,NaN,False,False,False,True,4,NaN,NaN,False,False,False,0.0,0.0,0.667,0.2,0.2,0.6,0.186
Generalization,m92,m92_GenLight_400,2,2,13,60,False,False,False,True,4,0,18,NaN,NaN,False,False,False,True,2,NaN,NaN,False,False,True,0.0,0.0,0.667,0.2,0.2,0.8,0.203
Generalization,m92,m92_GenLight_400,2,2,14,60,False,False,False,False,0,0,0,NaN,NaN,False,False,False,True,4,NaN,NaN,False,False,True,0.0,0.0,1.0,0.0,0.0,0.8,0.22
Generalization,m92,m92_GenLight_400,2,2,15,60,True,True,False,True,1,1,12,0.9,0.081,False,False,False,False,0,NaN,NaN,False,False,True,0.0,0.0,0.667,0.0,0.0,0.6,0.237
Generalization,m92,m92_GenLight_400,2,2,16,60,True,True,False,True,2,1,36,7.316,0.253,True,True,False,True,1,0.9,0.081,False,False,False,0.333,0.333,0.667,0.2,0.2,0.8,0.254
Generalization,m92,m92_GenLight_400,2,2,17,60,False,False,False,True,2,0,16,NaN,NaN,True,True,False,True,2,7.316,0.253,True,True,True,0.667,0.667,0.667,0.4,0.4,0.8,0.271
Generalization,m92,m92_GenLight_400,2,2,18,60,False,False,False,False,0,0,0,NaN,NaN,False,False,False,True,2,NaN,NaN,True,True,True,0.667,0.667,1.0,0.4,0.4,0.8,0.288
Generalization,m92,m92_GenLight_400,2,2,19,60,False,False,False,True,1,0,10,NaN,NaN,False,False,False,False,0,NaN,NaN,False,False,True,0.333,0.333,0.667,0.4,0.4,0.6,0.305
Generalization,m92,m92_GenLight_400,2,2,20,60,True,True,False,True,1,1,24,3.141,0.315,False,False,False,True,1,NaN,NaN,False,False,False,0.0,0.0,0.667,0.4,0.4,0.8,0.322
Generalization,m92,m92_GenLight_400,2,2,21,60,True,True,False,True,1,1,20,3.11,0.251,True,True,False,True,1,3.141,0.315,False,False,True,0.333,0.333,0.667,0.4,0.4,0.8,0.339
Generalization,m92,m92_GenLight_400,2,2,22,60,False,False,False,False,0,0,0,NaN,NaN,True,True,False,True,1,3.11,0.251,True,True,True,0.667,0.667,1.0,0.4,0.4,0.8,0.356
Generalization,m92,m92_GenLight_400,2,2,23,60,False,False,False,True,3,0,18,NaN,NaN,False,False,False,False,0,NaN,NaN,True,True,True,0.667,0.667,0.667,0.4,0.4,0.6,0.373
Generalization,m92,m92_GenLight_400,2,2,24,60,True,True,False,True,2,1,34,2.565,0.27,False,False,False,True,3,NaN,NaN,False,False,False,0.333,0.333,0.667,0.4,0.4,0.8,0.39
Generalization,m92,m92_GenLight_400,2,2,25,60,False,False,False,True,2,0,10,NaN,NaN,True,True,False,True,2,2.565,0.27,False,False,True,0.333,0.333,0.667,0.6,0.6,0.8,0.407
Generalization,m92,m92_GenLight_400,2,2,26,60,False,False,False,True,1,0,10,NaN,NaN,False,False,False,True,2,NaN,NaN,True,True,True,0.333,0.333,1.0,0.4,0.4,0.8,0.424
Generalization,m92,m92_GenLight_400,2,2,27,60,True,True,False,True,3,1,40,4.721,0.406,False,False,False,True,1,NaN,NaN,False,False,True,0.333,0.333,1.0,0.2,0.2,0.8,0.441
Generalization,m92,m92_GenLight_400,2,2,28,60,False,False,False,True,5,0,34,NaN,NaN,True,True,False,True,3,4.721,0.406,False,False,True,0.333,0.333,1.0,0.4,0.4,1.0,0.458
Generalization,m92,m92_GenLight_400,2,2,29,60,True,True,False,True,4,1,40,5.421,0.222,False,False,False,True,5,NaN,NaN,True,True,True,0.333,0.333,1.0,0.4,0.4,1.0,0.475
Generalization,m92,m92_GenLight_400,2,2,30,60,True,True,False,True,10,1,70,3.871,0.243,True,True,False,True,4,5.421,0.222,False,False,True,0.667,0.667,1.0,0.4,0.4,1.0,0.492
Generalization,m92,m92_GenLight_400,2,2,31,60,False,False,False,True,4,0,36,NaN,NaN,True,True,False,True,10,3.871,0.243,True,True,True,0.667,0.667,1.0,0.6,0.6,1.0,0.508
Generalization,m92,m92_GenLight_400,2,2,32,60,False,False,False,True,3,0,20,NaN,NaN,False,False,False,True,4,NaN,NaN,True,True,True,0.667,0.667,1.0,0.6,0.6,1.0,0.525
Generalization,m92,m92_GenLight_400,2,2,33,60,False,False,False,True,1,0,10,NaN,NaN,False,False,False,True,3,NaN,NaN,False,False,True,0.333,0.333,1.0,0.4,0.4,1.0,0.542
Generalization,m92,m92_GenLight_400,2,2,34,60,False,False,False,True,2,0,14,NaN,NaN,False,False,False,True,1,NaN,NaN,False,False,True,0.0,0.0,1.0,0.4,0.4,1.0,0.559
Generalization,m92,m92_GenLight_400,2,2,35,60,False,False,False,True,3,0,32,NaN,NaN,False,False,False,True,2,NaN,NaN,False,False,True,0.0,0.0,1.0,0.2,0.2,1.0,0.576
Generalization,m92,m92_GenLight_400,2,2,36,60,False,False,False,True,3,0,20,NaN,NaN,False,False,False,True,3,NaN,NaN,False,False,True,0.0,0.0,1.0,0.0,0.0,1.0,0.593
Generalization,m92,m92_GenLight_400,2,2,37,60,False,False,False,False,0,0,0,NaN,NaN,False,False,False,True,3,NaN,NaN,False,False,True,0.0,0.0,1.0,0.0,0.0,1.0,0.61
Generalization,m92,m92_GenLight_400,2,2,38,60,False,False,False,True,1,0,6,NaN,NaN,False,False,False,False,0,NaN,NaN,False,False,True,0.0,0.0,0.667,0.0,0.0,0.8,0.627
Generalization,m92,m92_GenLight_400,2,2,39,60,False,False,False,True,2,0,34,NaN,NaN,False,False,False,True,1,NaN,NaN,False,False,False,0.0,0.0,0.667,0.0,0.0,0.8,0.644
Generalization,m92,m92_GenLight_400,2,2,40,60,False,False,False,False,0,0,0,NaN,NaN,False,False,False,True,2,NaN,NaN,False,False,True,0.0,0.0,0.667,0.0,0.0,0.8,0.661
Generalization,m92,m92_GenLight_400,2,2,41,60,False,False,False,True,5,0,16,NaN,NaN,False,False,False,False,0,NaN,NaN,False,False,True,0.0,0.0,0.667,0.0,0.0,0.6,0.678
Generalization,m92,m92_GenLight_400,2,2,42,60,True,True,False,True,5,1,30,1.407,0.322,False,False,False,True,5,NaN,NaN,False,False,False,0.0,0.0,0.667,0.0,0.0,0.6,0.695
Generalization,m92,m92_GenLight_400,2,2,43,60,True,True,False,True,5,1,56,6.182,0.169,True,True,False,True,5,1.407,0.322,False,False,True,0.333,0.333,0.667,0.2,0.2,0.8,0.712
Generalization,m92,m92_GenLight_400,2,2,44,60,False,False,False,True,2,0,18,NaN,NaN,True,True,False,True,5,6.182,0.169,True,True,True,0.667,0.667,1.0,0.4,0.4,0.8,0.729
Generalization,m92,m92_GenLight_400,2,2,45,60,True,True,False,False,0,1,20,2.54,0.164,False,False,False,True,2,NaN,NaN,True,True,True,0.667,0.667,1.0,0.4,0.4,0.8,0.746
Generalization,m92,m92_GenLight_400,2,2,46,60,False,False,False,False,0,0,0,NaN,NaN,True,True,False,False,0,2.54,0.164,False,False,True,0.667,0.667,0.667,0.6,0.6,0.8,0.763
Generalization,m92,m92_GenLight_400,2,2,47,60,True,False,True,True,3,1,28,4.0,0.194,False,False,False,False,0,NaN,NaN,True,True,False,0.333,0.333,0.333,0.6,0.6,0.6,0.78
Generalization,m92,m92_GenLight_400,2,2,48,60,False,False,False,True,2,0,8,NaN,NaN,True,False,True,True,3,4.0,0.194,False,False,False,0.333,0.667,0.333,0.4,0.6,0.6,0.797
Generalization,m92,m92_GenLight_400,2,2,49,60,False,False,False,True,3,0,14,NaN,NaN,False,False,False,True,2,NaN,NaN,False,True,True,0.0,0.333,0.667,0.2,0.4,0.6,0.814
Generalization,m92,m92_GenLight_400,2,2,50,60,True,True,False,True,2,1,14,2.223,0.191,False,False,False,True,3,NaN,NaN,False,False,True,0.0,0.333,1.0,0.2,0.4,0.6,0.831
Generalization,m92,m92_GenLight_400,2,2,51,60,True,True,False,True,4,1,36,5.723,0.185,True,True,False,True,2,2.223,0.191,False,False,True,0.333,0.333,1.0,0.2,0.4,0.8,0.847
Generalization,m92,m92_GenLight_400,2,2,52,60,True,True,False,True,1,1,20,4.903,0.254,True,True,False,True,4,5.723,0.185,True,True,True,0.667,0.667,1.0,0.4,0.6,1.0,0.864
Generalization,m92,m92_GenLight_400,2,2,53,60,False,False,False,False,0,0,0,NaN,NaN,True,True,False,True,1,4.903,0.254,True,True,True,1.0,1.0,1.0,0.6,0.6,1.0,0.881
Generalization,m92,m92_GenLight_400,2,2,54,60,True,True,False,True,1,1,18,6.713,0.24,False,False,False,False,0,NaN,NaN,True,True,True,0.667,0.667,0.667,0.6,0.6,0.8,0.898
Generalization,m92,m92_GenLight_400,2,2,55,60,True,True,False,True,3,1,18,1.074,0.266,True,True,False,True,1,6.713,0.24,False,False,False,0.667,0.667,0.667,0.8,0.8,0.8,0.915
Generalization,m92,m92_GenLight_400,2,2,56,60,True,True,False,True,17,1,100,3.965,0.223,True,True,False,True,3,1.074,0.266,True,True,True,0.667,0.667,0.667,0.8,0.8,0.8,0.932
Generalization,m92,m92_GenLight_400,2,2,57,60,False,False,False,True,2,0,0,NaN,NaN,True,True,False,True,17,3.965,0.223,True,True,True,1.0,1.0,1.0,0.8,0.8,0.8,0.949
Generalization,m92,m92_GenLight_400,2,2,58,60,False,False,False,True,1,0,6,NaN,NaN,False,False,False,True,2,NaN,NaN,True,True,True,0.667,0.667,1.0,0.6,0.6,0.8,0.966
Generalization,m92,m92_GenLight_400,2,2,59,60,False,False,False,False,0,0,0,NaN,NaN,False,False,False,True,1,NaN,NaN,False,False,True,0.333,0.333,1.0,0.6,0.6,1.0,0.983
Generalization,m92,m92_GenLight_400,2,2,60,60,False,False,False,False,0,0,0,NaN,NaN,False,False,False,False,0,NaN,NaN,False,False,True,0.0,0.0,0.667,0.4,0.4,0.8,1.0
Generalization,m92,m92_GenLight_400_2,3,3,1,61,True,True,False,True,1,1,32,4.941,0.382,,,,,,NaN,NaN,,,,NaN,NaN,NaN,NaN,NaN,NaN,0.0
Generalization,m92,m92_GenLight_400_2,3,3,2,61,False,False,False,True,2,0,18,NaN,NaN,True,True,False,True,1,4.941,0.382,,,,1.0,1.0,1.0,1.0,1.0,1.0,0.017
Generalization,m92,m92_GenLight_400_2,3,3,3,61,True,True,False,True,3,1,34,1.724,0.394,False,False,False,True,2,NaN,NaN,True,True,True,0.5,0.5,1.0,0.5,0.5,1.0,0.033
Generalization,m92,m92_GenLight_400_2,3,3,4,61,False,False,False,True,2,0,24,NaN,NaN,True,True,False,True,3,1.724,0.394,False,False,True,0.667,0.667,1.0,0.667,0.667,1.0,0.05
Generalization,m92,m92_GenLight_400_2,3,3,5,61,False,False,False,False,0,0,0,NaN,NaN,False,False,False,True,2,NaN,NaN,True,True,True,0.333,0.333,1.0,0.5,0.5,1.0,0.067
Generalization,m92,m92_GenLight_400_2,3,3,6,61,True,True,False,True,8,1,66,5.03,0.194,False,False,False,False,0,NaN,NaN,False,False,True,0.333,0.333,0.667,0.4,0.4,0.8,0.083
Generalization,m92,m92_GenLight_400_2,3,3,7,61,True,True,False,True,5,1,44,3.864,0.298,True,True,False,True,8,5.03,0.194,False,False,False,0.333,0.333,0.667,0.4,0.4,0.8,0.1
Generalization,m92,m92_GenLight_400_2,3,3,8,61,False,False,False,True,5,0,22,NaN,NaN,True,True,False,True,5,3.864,0.298,True,True,True,0.667,0.667,0.667,0.6,0.6,0.8,0.117
Generalization,m92,m92_GenLight_400_2,3,3,9,61,False,False,False,True,1,0,12,NaN,NaN,False,False,False,True,5,NaN,NaN,True,True,True,0.667,0.667,1.0,0.4,0.4,0.8,0.133
Generalization,m92,m92_GenLight_400_2,3,3,10,61,False,False,False,True,3,0,18,NaN,NaN,False,False,False,True,1,NaN,NaN,False,False,True,0.333,0.333,1.0,0.4,0.4,0.8,0.15
Generalization,m92,m92_GenLight_400_2,3,3,11,61,False,False,False,True,2,0,12,NaN,NaN,False,False,False,True,3,NaN,NaN,False,False,True,0.0,0.0,1.0,0.4,0.4,1.0,0.167
Generalization,m92,m92_GenLight_400_2,3,3,12,61,False,False,False,False,0,0,0,NaN,NaN,False,False,False,True,2,NaN,NaN,False,False,True,0.0,0.0,1.0,0.2,0.2,1.0,0.183
Generalization,m92,m92_GenLight_400_2,3,3,13,61,True,True,False,True,2,1,26,5.856,0.209,False,False,False,False,0,NaN,NaN,False,False,True,0.0,0.0,0.667,0.0,0.0,0.8,0.2
Generalization,m92,m92_GenLight_400_2,3,3,14,61,True,True,False,True,5,1,52,6.695,0.315,True,True,False,True,2,5.856,0.209,False,False,False,0.333,0.333,0.667,0.2,0.2,0.8,0.217
Generalization,m92,m92_GenLight_400_2,3,3,15,61,True,True,False,True,3,1,40,2.039,0.231,True,True,False,True,5,6.695,0.315,True,True,True,0.667,0.667,0.667,0.4,0.4,0.8,0.233
Generalization,m92,m92_GenLight_400_2,3,3,16,61,True,True,False,True,1,1,26,3.864,0.351,True,True,False,True,3,2.039,0.231,True,True,True,1.0,1.0,1.0,0.6,0.6,0.8,0.25
Generalization,m92,m92_GenLight_400_2,3,3,17,61,False,False,False,True,2,0,12,NaN,NaN,True,True,False,True,1,3.864,0.351,True,True,True,1.0,1.0,1.0,0.8,0.8,0.8,0.267
Generalization,m92,m92_GenLight_400_2,3,3,18,61,True,True,False,True,6,1,50,1.964,0.194,False,False,False,True,2,NaN,NaN,True,True,True,0.667,0.667,1.0,0.8,0.8,1.0,0.283
Generalization,m92,m92_GenLight_400_2,3,3,19,61,True,True,False,True,5,1,48,7.722,0.202,True,True,False,True,6,1.964,0.194,False,False,True,0.667,0.667,1.0,0.8,0.8,1.0,0.3
Generalization,m92,m92_GenLight_400_2,3,3,20,61,True,True,False,True,11,1,58,1.521,0.344,True,True,False,True,5,7.722,0.202,True,True,True,0.667,0.667,1.0,0.8,0.8,1.0,0.317
Generalization,m92,m92_GenLight_400_2,3,3,21,61,True,True,False,True,2,1,22,2.56,0.262,True,True,False,True,11,1.521,0.344,True,True,True,1.0,1.0,1.0,0.8,0.8,1.0,0.333
Generalization,m92,m92_GenLight_400_2,3,3,22,61,True,True,False,True,3,1,46,5.803,0.167,True,True,False,True,2,2.56,0.262,True,True,True,1.0,1.0,1.0,0.8,0.8,1.0,0.35
Generalization,m92,m92_GenLight_400_2,3,3,23,61,True,True,False,True,3,1,36,2.999,0.143,True,True,False,True,3,5.803,0.167,True,True,True,1.0,1.0,1.0,1.0,1.0,1.0,0.367
Generalization,m92,m92_GenLight_400_2,3,3,24,61,True,True,False,True,2,1,20,0.435,0.261,True,True,False,True,3,2.999,0.143,True,True,True,1.0,1.0,1.0,1.0,1.0,1.0,0.383
Generalization,m92,m92_GenLight_400_2,3,3,25,61,False,False,False,True,2,0,14,NaN,NaN,True,True,False,True,2,0.435,0.261,True,True,True,1.0,1.0,1.0,1.0,1.0,1.0,0.4
Generalization,m92,m92_GenLight_400_2,3,3,26,61,False,False,False,True,5,0,40,NaN,NaN,False,False,False,True,2,NaN,NaN,True,True,True,0.667,0.667,1.0,0.8,0.8,1.0,0.417
Generalization,m92,m92_GenLight_400_2,3,3,27,61,True,True,False,True,2,1,30,4.67,0.136,False,False,False,True,5,NaN,NaN,False,False,True,0.333,0.333,1.0,0.6,0.6,1.0,0.433
Generalization,m92,m92_GenLight_400_2,3,3,28,61,True,True,False,True,2,1,10,7.053,0.235,True,True,False,True,2,4.67,0.136,False,False,True,0.333,0.333,1.0,0.6,0.6,1.0,0.45
Generalization,m92,m92_GenLight_400_2,3,3,29,61,False,False,False,False,0,0,0,NaN,NaN,True,True,False,True,2,7.053,0.235,True,True,True,0.667,0.667,1.0,0.6,0.6,1.0,0.467
Generalization,m92,m92_GenLight_400_2,3,3,30,61,False,False,False,False,0,0,0,NaN,NaN,False,False,False,False,0,NaN,NaN,True,True,True,0.667,0.667,0.667,0.4,0.4,0.8,0.483
Generalization,m92,m92_GenLight_400_2,3,3,31,61,False,False,False,True,2,0,6,NaN,NaN,False,False,False,False,0,NaN,NaN,False,False,False,0.333,0.333,0.333,0.4,0.4,0.6,0.5
Generalization,m92,m92_GenLight_400_2,3,3,32,61,False,False,False,True,7,0,40,NaN,NaN,False,False,False,True,2,NaN,NaN,False,False,False,0.0,0.0,0.333,0.4,0.4,0.6,0.517
Generalization,m92,m92_GenLight_400_2,3,3,33,61,True,False,True,True,2,1,26,3.07,0.276,False,False,False,True,7,NaN,NaN,False,False,True,0.0,0.0,0.667,0.2,0.2,0.6,0.533
Generalization,m92,m92_GenLight_400_2,3,3,34,61,False,True,False,True,2,0,10,NaN,NaN,True,False,True,True,2,3.07,0.276,False,False,True,0.0,0.333,1.0,0.0,0.2,0.6,0.55
Generalization,m92,m92_GenLight_400_2,3,3,35,61,False,False,False,True,1,0,4,NaN,NaN,False,True,False,True,2,NaN,NaN,False,True,True,0.333,0.333,1.0,0.2,0.2,0.8,0.567
Generalization,m92,m92_GenLight_400_2,3,3,36,61,True,False,True,True,3,1,20,2.979,0.257,False,False,False,True,1,NaN,NaN,True,False,True,0.333,0.333,1.0,0.2,0.2,1.0,0.583
Generalization,m92,m92_GenLight_400_2,3,3,37,61,True,True,False,True,1,1,20,5.244,0.648,True,False,True,True,3,2.979,0.257,False,False,True,0.333,0.333,1.0,0.2,0.4,1.0,0.6
Generalization,m92,m92_GenLight_400_2,3,3,38,61,True,True,False,False,0,1,10,4.126,0.373,True,True,False,True,1,5.244,0.648,False,True,True,0.333,0.667,1.0,0.4,0.6,1.0,0.617
Generalization,m92,m92_GenLight_400_2,3,3,39,61,False,False,False,True,2,0,18,NaN,NaN,True,True,False,False,0,4.126,0.373,True,True,True,0.667,1.0,0.667,0.6,0.6,0.8,0.633
Generalization,m92,m92_GenLight_400_2,3,3,40,61,True,True,False,False,0,2,22,0.14,3.059,False,False,False,True,2,NaN,NaN,True,True,False,0.667,0.667,0.667,0.4,0.6,0.8,0.65
Generalization,m92,m92_GenLight_400_2,3,3,41,61,True,True,False,True,9,1,98,6.054,0.723,True,True,False,False,0,0.14,3.059,False,False,True,0.667,0.667,0.333,0.6,0.8,0.6,0.667
Generalization,m92,m92_GenLight_400_2,3,3,42,61,True,True,False,True,4,1,62,3.43,0.279,True,True,False,True,9,6.054,0.723,True,True,False,0.667,0.667,0.667,0.8,0.8,0.6,0.683
Generalization,m92,m92_GenLight_400_2,3,3,43,61,True,True,False,False,0,1,16,5.946,0.351,True,True,False,True,4,3.43,0.279,True,True,True,1.0,1.0,0.667,0.8,0.8,0.6,0.7
Generalization,m92,m92_GenLight_400_2,3,3,44,61,False,False,False,True,1,0,6,NaN,NaN,True,True,False,False,0,5.946,0.351,True,True,True,1.0,1.0,0.667,0.8,0.8,0.6,0.717
Generalization,m92,m92_GenLight_400_2,3,3,45,61,True,True,False,True,4,1,26,4.542,0.368,False,False,False,True,1,NaN,NaN,True,True,False,0.667,0.667,0.667,0.8,0.8,0.6,0.733
Generalization,m92,m92_GenLight_400_2,3,3,46,61,True,True,False,True,4,1,40,2.33,0.126,True,True,False,True,4,4.542,0.368,False,False,True,0.667,0.667,0.667,0.8,0.8,0.8,0.75
Generalization,m92,m92_GenLight_400_2,3,3,47,61,True,False,True,True,2,1,20,6.305,0.197,True,True,False,True,4,2.33,0.126,True,True,True,0.667,0.667,1.0,0.8,0.8,0.8,0.767
Generalization,m92,m92_GenLight_400_2,3,3,48,61,True,True,False,True,1,1,16,8.012,0.176,True,False,True,True,2,6.305,0.197,True,True,True,0.667,1.0,1.0,0.6,0.8,0.8,0.783
Generalization,m92,m92_GenLight_400_2,3,3,49,61,True,True,False,True,2,1,38,8.012,0.274,True,True,False,True,1,8.012,0.176,False,True,True,0.667,1.0,1.0,0.6,0.8,1.0,0.8
Generalization,m92,m92_GenLight_400_2,3,3,50,61,False,False,False,False,0,0,0,NaN,NaN,True,True,False,True,2,8.012,0.274,True,True,True,0.667,1.0,1.0,0.8,1.0,1.0,0.817
Generalization,m92,m92_GenLight_400_2,3,3,51,61,False,False,False,False,0,0,0,NaN,NaN,False,False,False,False,0,NaN,NaN,True,True,True,0.667,0.667,0.667,0.6,0.8,0.8,0.833
Generalization,m92,m92_GenLight_400_2,3,3,52,61,False,False,False,True,4,0,18,NaN,NaN,False,False,False,False,0,NaN,NaN,False,False,False,0.333,0.333,0.333,0.4,0.6,0.6,0.85
Generalization,m92,m92_GenLight_400_2,3,3,53,61,True,True,False,True,1,1,22,6.292,0.329,False,False,False,True,4,NaN,NaN,False,False,False,0.0,0.0,0.333,0.4,0.4,0.6,0.867
Generalization,m92,m92_GenLight_400_2,3,3,54,61,True,True,False,True,3,1,12,1.768,0.245,True,True,False,True,1,6.292,0.329,False,False,True,0.333,0.333,0.667,0.4,0.4,0.6,0.883
Generalization,m92,m92_GenLight_400_2,3,3,55,61,True,False,True,True,3,1,22,3.922,0.197,True,True,False,True,3,1.768,0.245,True,True,True,0.667,0.667,1.0,0.4,0.4,0.6,0.9
Generalization,m92,m92_GenLight_400_2,3,3,56,61,True,True,False,False,0,1,14,5.351,0.193,True,False,True,True,3,3.922,0.197,True,True,True,0.667,1.0,1.0,0.4,0.6,0.8,0.917
Generalization,m92,m92_GenLight_400_2,3,3,57,61,False,False,False,False,0,0,0,NaN,NaN,True,True,False,False,0,5.351,0.193,False,True,True,0.667,1.0,0.667,0.6,0.8,0.8,0.933
Generalization,m92,m92_GenLight_400_2,3,3,58,61,False,False,False,False,0,0,0,NaN,NaN,False,False,False,False,0,NaN,NaN,True,True,False,0.333,0.667,0.333,0.6,0.8,0.6,0.95
Generalization,m92,m92_GenLight_400_2,3,3,59,61,True,True,False,True,1,1,20,0.892,0.173,False,False,False,False,0,NaN,NaN,False,False,False,0.333,0.333,0.0,0.4,0.6,0.4,0.967
Generalization,m92,m92_GenLight_400_2,3,3,60,61,True,True,False,True,1,1,28,2.635,0.592,True,True,False,True,1,0.892,0.173,False,False,False,0.333,0.333,0.333,0.4,0.6,0.4,0.983
Generalization,m92,m92_GenLight_400_2,3,3,61,61,False,False,False,False,0,0,0,NaN,NaN,True,True,False,True,1,2.635,0.592,True,True,True,0.667,0.667,0.667,0.6,0.6,0.4,1.0
Generalization,m92,m92_GenLight_400_2,4,4,1,61,True,True,False,True,3,1,30,2.971,0.025,,,,,,NaN,NaN,,,,NaN,NaN,NaN,NaN,NaN,NaN,0.0
Generalization,m92,m92_GenLight_400_2,4,4,2,61,True,True,False,True,2,1,36,7.524,0.298,True,True,False,True,3,2.971,0.025,,,,1.0,1.0,1.0,1.0,1.0,1.0,0.017
Generalization,m92,m92_GenLight_400_2,4,4,3,61,True,True,False,True,9,1,78,3.629,0.146,True,True,False,True,2,7.524,0.298,True,True,True,1.0,1.0,1.0,1.0,1.0,1.0,0.033
Generalization,m92,m92_GenLight_400_2,4,4,4,61,False,False,False,True,1,0,6,NaN,NaN,True,True,False,True,9,3.629,0.146,True,True,True,1.0,1.0,1.0,1.0,1.0,1.0,0.05
Generalization,m92,m92_GenLight_400_2,4,4,5,61,True,True,False,True,5,1,44,5.371,0.274,False,False,False,True,1,NaN,NaN,True,True,True,0.667,0.667,1.0,0.75,0.75,1.0,0.067
Generalization,m92,m92_GenLight_400_2,4,4,6,61,True,True,False,True,4,1,44,4.977,0.173,True,True,False,True,5,5.371,0.274,False,False,True,0.667,0.667,1.0,0.8,0.8,1.0,0.083
Generalization,m92,m92_GenLight_400_2,4,4,7,61,True,True,False,True,5,1,60,3.501,0.237,True,True,False,True,4,4.977,0.173,True,True,True,0.667,0.667,1.0,0.8,0.8,1.0,0.1
Generalization,m92,m92_GenLight_400_2,4,4,8,61,True,True,False,True,4,1,40,5.212,0.263,True,True,False,True,5,3.501,0.237,True,True,True,1.0,1.0,1.0,0.8,0.8,1.0,0.117
Generalization,m92,m92_GenLight_400_2,4,4,9,61,True,True,False,False,0,1,24,2.687,0.198,True,True,False,True,4,5.212,0.263,True,True,True,1.0,1.0,1.0,0.8,0.8,1.0,0.133
Generalization,m92,m92_GenLight_400_2,4,4,10,61,True,True,False,True,8,1,62,3.02,0.817,True,True,False,False,0,2.687,0.198,True,True,True,1.0,1.0,0.667,1.0,1.0,0.8,0.15
Generalization,m92,m92_GenLight_400_2,4,4,11,61,True,True,False,True,2,1,26,1.427,0.324,True,True,False,True,8,3.02,0.817,True,True,False,1.0,1.0,0.667,1.0,1.0,0.8,0.167
Generalization,m92,m92_GenLight_400_2,4,4,12,61,True,True,False,True,3,1,40,4.731,0.117,True,True,False,True,2,1.427,0.324,True,True,True,1.0,1.0,0.667,1.0,1.0,0.8,0.183
Generalization,m92,m92_GenLight_400_2,4,4,13,61,True,True,False,True,1,1,18,1.616,0.238,True,True,False,True,3,4.731,0.117,True,True,True,1.0,1.0,1.0,1.0,1.0,0.8,0.2
Generalization,m92,m92_GenLight_400_2,4,4,14,61,True,True,False,True,4,1,52,1.077,0.253,True,True,False,True,1,1.616,0.238,True,True,True,1.0,1.0,1.0,1.0,1.0,0.8,0.217
Generalization,m92,m92_GenLight_400_2,4,4,15,61,True,True,False,True,6,1,46,1.602,0.882,True,True,False,True,4,1.077,0.253,True,True,True,1.0,1.0,1.0,1.0,1.0,1.0,0.233
Generalization,m92,m92_GenLight_400_2,4,4,16,61,True,True,False,True,4,1,30,1.743,0.384,True,True,False,True,6,1.602,0.882,True,True,True,1.0,1.0,1.0,1.0,1.0,1.0,0.25
Generalization,m92,m92_GenLight_400_2,4,4,17,61,True,True,False,True,2,2,4,0.87,5.047,True,True,False,True,4,1.743,0.384,True,True,True,1.0,1.0,1.0,1.0,1.0,1.0,0.267
Generalization,m92,m92_GenLight_400_2,4,4,18,61,True,True,False,True,5,1,18,0.711,0.148,True,True,False,True,2,0.87,5.047,True,True,True,1.0,1.0,1.0,1.0,1.0,1.0,0.283
Generalization,m92,m92_GenLight_400_2,4,4,19,61,True,True,False,True,3,1,4,0.937,0.127,True,True,False,True,5,0.711,0.148,True,True,True,1.0,1.0,1.0,1.0,1.0,1.0,0.3
Generalization,m92,m92_GenLight_400_2,4,4,20,61,False,False,False,False,0,0,0,NaN,NaN,True,True,False,True,3,0.937,0.127,True,True,True,1.0,1.0,1.0,1.0,1.0,1.0,0.317
Generalization,m92,m92_GenLight_400_2,4,4,21,61,False,False,False,True,5,0,18,NaN,NaN,False,False,False,False,0,NaN,NaN,True,True,True,0.667,0.667,0.667,0.8,0.8,0.8,0.333
Generalization,m92,m92_GenLight_400_2,4,4,22,61,True,True,False,True,2,1,16,1.016,0.359,False,False,False,True,5,NaN,NaN,False,False,False,0.333,0.333,0.667,0.6,0.6,0.8,0.35
Generalization,m92,m92_GenLight_400_2,4,4,23,61,True,True,False,True,8,1,64,1.079,0.227,True,True,False,True,2,1.016,0.359,False,False,True,0.333,0.333,0.667,0.6,0.6,0.8,0.367
Generalization,m92,m92_GenLight_400_2,4,4,24,61,True,True,False,True,3,1,14,4.863,0.296,True,True,False,True,8,1.079,0.227,True,True,True,0.667,0.667,1.0,0.6,0.6,0.8,0.383
Generalization,m92,m92_GenLight_400_2,4,4,25,61,True,True,False,True,4,1,34,3.136,0.309,True,True,False,True,3,4.863,0.296,True,True,True,1.0,1.0,1.0,0.6,0.6,0.8,0.4
Generalization,m92,m92_GenLight_400_2,4,4,26,61,True,True,False,False,0,1,10,2.282,0.343,True,True,False,True,4,3.136,0.309,True,True,True,1.0,1.0,1.0,0.8,0.8,1.0,0.417
Generalization,m92,m92_GenLight_400_2,4,4,27,61,False,False,False,False,0,0,0,NaN,NaN,True,True,False,False,0,2.282,0.343,True,True,True,1.0,1.0,0.667,1.0,1.0,0.8,0.433
Generalization,m92,m92_GenLight_400_2,4,4,28,61,False,False,False,True,1,0,6,NaN,NaN,False,False,False,False,0,NaN,NaN,True,True,False,0.667,0.667,0.333,0.8,0.8,0.6,0.45
Generalization,m92,m92_GenLight_400_2,4,4,29,61,False,False,False,True,1,0,2,NaN,NaN,False,False,False,True,1,NaN,NaN,False,False,False,0.333,0.333,0.333,0.6,0.6,0.6,0.467
Generalization,m92,m92_GenLight_400_2,4,4,30,61,True,True,False,True,2,1,20,1.639,0.238,False,False,False,True,1,NaN,NaN,False,False,True,0.0,0.0,0.667,0.4,0.4,0.6,0.483
Generalization,m92,m92_GenLight_400_2,4,4,31,61,True,True,False,True,2,1,32,3.045,0.267,True,True,False,True,2,1.639,0.238,False,False,True,0.333,0.333,1.0,0.4,0.4,0.6,0.5
Generalization,m92,m92_GenLight_400_2,4,4,32,61,True,True,False,True,1,1,10,2.648,0.325,True,True,False,True,2,3.045,0.267,True,True,True,0.667,0.667,1.0,0.4,0.4,0.8,0.517
Generalization,m92,m92_GenLight_400_2,4,4,33,61,True,True,False,True,1,1,10,6.332,0.223,True,True,False,True,1,2.648,0.325,True,True,True,1.0,1.0,1.0,0.6,0.6,1.0,0.533
Generalization,m92,m92_GenLight_400_2,4,4,34,61,True,False,True,True,5,1,18,4.813,0.175,True,True,False,True,1,6.332,0.223,True,True,True,1.0,1.0,1.0,0.8,0.8,1.0,0.55
Generalization,m92,m92_GenLight_400_2,4,4,35,61,True,True,False,True,3,1,20,1.689,0.171,True,False,True,True,5,4.813,0.175,True,True,True,0.667,1.0,1.0,0.8,1.0,1.0,0.567
Generalization,m92,m92_GenLight_400_2,4,4,36,61,True,True,False,True,5,1,30,0.455,0.239,True,True,False,True,3,1.689,0.171,False,True,True,0.667,1.0,1.0,0.8,1.0,1.0,0.583
Generalization,m92,m92_GenLight_400_2,4,4,37,61,True,True,False,True,5,1,30,6.533,0.352,True,True,False,True,5,0.455,0.239,True,True,True,0.667,1.0,1.0,0.8,1.0,1.0,0.6
Generalization,m92,m92_GenLight_400_2,4,4,38,61,True,False,True,True,1,2,10,1.147,1.04,True,True,False,True,5,6.533,0.352,True,True,True,1.0,1.0,1.0,0.8,1.0,1.0,0.617
Generalization,m92,m92_GenLight_400_2,4,4,39,61,False,False,False,True,5,0,22,NaN,NaN,True,False,True,True,1,1.147,1.04,True,True,True,0.667,1.0,1.0,0.6,1.0,1.0,0.633
Generalization,m92,m92_GenLight_400_2,4,4,40,61,True,True,False,True,1,1,12,2.863,0.209,False,False,False,True,5,NaN,NaN,False,True,True,0.333,0.667,1.0,0.6,0.8,1.0,0.65
Generalization,m92,m92_GenLight_400_2,4,4,41,61,False,False,False,False,0,0,0,NaN,NaN,True,True,False,True,1,2.863,0.209,False,False,True,0.333,0.667,1.0,0.6,0.8,1.0,0.667
Generalization,m92,m92_GenLight_400_2,4,4,42,61,True,True,False,True,1,1,21,5.836,0.193,False,False,False,False,0,NaN,NaN,True,True,True,0.333,0.333,0.667,0.4,0.6,0.8,0.683
Generalization,m92,m92_GenLight_400_2,4,4,43,61,False,False,False,True,4,0,20,NaN,NaN,True,True,False,True,1,5.836,0.193,False,False,False,0.667,0.667,0.667,0.4,0.6,0.8,0.7
Generalization,m92,m92_GenLight_400_2,4,4,44,61,True,True,False,True,4,1,34,0.722,0.181,False,False,False,True,4,NaN,NaN,True,True,True,0.333,0.333,0.667,0.4,0.4,0.8,0.717
Generalization,m92,m92_GenLight_400_2,4,4,45,61,True,True,False,True,6,1,28,7.661,0.096,True,True,False,True,4,0.722,0.181,False,False,True,0.667,0.667,1.0,0.6,0.6,0.8,0.733
Generalization,m92,m92_GenLight_400_2,4,4,46,61,True,True,False,True,2,1,14,5.717,0.2,True,True,False,True,6,7.661,0.096,True,True,True,0.667,0.667,1.0,0.6,0.6,0.8,0.75
Generalization,m92,m92_GenLight_400_2,4,4,47,61,True,True,False,True,6,1,28,1.579,0.261,True,True,False,True,2,5.717,0.2,True,True,True,1.0,1.0,1.0,0.8,0.8,1.0,0.767
Generalization,m92,m92_GenLight_400_2,4,4,48,61,True,True,False,False,0,1,12,3.145,0.16,True,True,False,True,6,1.579,0.261,True,True,True,1.0,1.0,1.0,0.8,0.8,1.0,0.783
Generalization,m92,m92_GenLight_400_2,4,4,49,61,False,False,False,False,0,0,0,NaN,NaN,True,True,False,False,0,3.145,0.16,True,True,True,1.0,1.0,0.667,1.0,1.0,0.8,0.8
Generalization,m92,m92_GenLight_400_2,4,4,50,61,True,True,False,True,4,1,10,4.132,0.22,False,False,False,False,0,NaN,NaN,True,True,False,0.667,0.667,0.333,0.8,0.8,0.6,0.817
Generalization,m92,m92_GenLight_400_2,4,4,51,61,False,False,False,True,2,0,8,NaN,NaN,True,True,False,True,4,4.132,0.22,False,False,False,0.667,0.667,0.333,0.8,0.8,0.6,0.833
Generalization,m92,m92_GenLight_400_2,4,4,52,61,True,True,False,False,0,1,12,0.987,0.126,False,False,False,True,2,NaN,NaN,True,True,True,0.333,0.333,0.667,0.6,0.6,0.6,0.85
Generalization,m92,m92_GenLight_400_2,4,4,53,61,True,True,False,True,3,1,18,2.319,0.179,True,True,False,False,0,0.987,0.126,False,False,True,0.667,0.667,0.667,0.6,0.6,0.4,0.867
Generalization,m92,m92_GenLight_400_2,4,4,54,61,False,False,False,True,1,0,8,NaN,NaN,True,True,False,True,3,2.319,0.179,True,True,False,0.667,0.667,0.667,0.6,0.6,0.6,0.883
Generalization,m92,m92_GenLight_400_2,4,4,55,61,True,True,False,False,0,1,4,2.628,0.155,False,False,False,True,1,NaN,NaN,True,True,True,0.667,0.667,0.667,0.6,0.6,0.8,0.9
Generalization,m92,m92_GenLight_400_2,4,4,56,61,True,True,False,True,3,1,14,0.7,0.133,True,True,False,False,0,2.628,0.155,False,False,True,0.667,0.667,0.667,0.6,0.6,0.6,0.917
Generalization,m92,m92_GenLight_400_2,4,4,57,61,False,False,False,False,0,0,0,NaN,NaN,True,True,False,True,3,0.7,0.133,True,True,False,0.667,0.667,0.667,0.8,0.8,0.6,0.933
Generalization,m92,m92_GenLight_400_2,4,4,58,61,True,False,True,False,0,1,6,2.079,0.082,False,False,False,False,0,NaN,NaN,True,True,True,0.667,0.667,0.333,0.6,0.6,0.6,0.95
Generalization,m92,m92_GenLight_400_2,4,4,59,61,False,False,False,False,0,0,0,NaN,NaN,True,False,True,False,0,2.079,0.082,False,False,False,0.333,0.667,0.333,0.4,0.6,0.4,0.967
Generalization,m92,m92_GenLight_400_2,4,4,60,61,True,True,False,False,0,2,4,6.216,0.349,False,False,False,False,0,NaN,NaN,False,True,False,0.0,0.333,0.0,0.4,0.6,0.2,0.983
Generalization,m92,m92_GenLight_400_2,4,4,61,61,False,False,False,False,0,0,0,NaN,NaN,True,True,False,False,0,6.216,0.349,False,False,False,0.333,0.667,0.0,0.4,0.6,0.2,1.0
Generalization,m93,m93_GenLight_400,1,1,1,61,False,False,False,True,1,0,8,NaN,NaN,,,,,,NaN,NaN,,,,NaN,NaN,NaN,NaN,NaN,NaN,0.0
Generalization,m93,m93_GenLight_400,1,1,2,61,False,False,False,False,0,0,0,NaN,NaN,False,False,False,True,1,NaN,NaN,,,,0.0,0.0,1.0,0.0,0.0,1.0,0.017
Generalization,m93,m93_GenLight_400,1,1,3,61,False,False,False,False,0,0,0,NaN,NaN,False,False,False,False,0,NaN,NaN,False,False,True,0.0,0.0,0.5,0.0,0.0,0.5,0.033
Generalization,m93,m93_GenLight_400,1,1,4,61,False,False,False,True,2,0,10,NaN,NaN,False,False,False,False,0,NaN,NaN,False,False,False,0.0,0.0,0.333,0.0,0.0,0.333,0.05
Generalization,m93,m93_GenLight_400,1,1,5,61,True,True,False,True,1,1,26,6.748,0.227,False,False,False,True,2,NaN,NaN,False,False,False,0.0,0.0,0.333,0.0,0.0,0.5,0.067
Generalization,m93,m93_GenLight_400,1,1,6,61,False,False,False,True,2,0,10,NaN,NaN,True,True,False,True,1,6.748,0.227,False,False,True,0.333,0.333,0.667,0.2,0.2,0.6,0.083
Generalization,m93,m93_GenLight_400,1,1,7,61,True,True,False,True,13,1,56,6.423,0.301,False,False,False,True,2,NaN,NaN,True,True,True,0.333,0.333,1.0,0.2,0.2,0.6,0.1
Generalization,m93,m93_GenLight_400,1,1,8,61,True,True,False,True,4,1,54,7.981,0.193,True,True,False,True,13,6.423,0.301,False,False,True,0.667,0.667,1.0,0.4,0.4,0.8,0.117
Generalization,m93,m93_GenLight_400,1,1,9,61,True,True,False,True,2,1,18,3.665,0.208,True,True,False,True,4,7.981,0.193,True,True,True,0.667,0.667,1.0,0.6,0.6,1.0,0.133
Generalization,m93,m93_GenLight_400,1,1,10,61,False,False,False,True,1,0,2,NaN,NaN,True,True,False,True,2,3.665,0.208,True,True,True,1.0,1.0,1.0,0.8,0.8,1.0,0.15
Generalization,m93,m93_GenLight_400,1,1,11,61,False,False,False,False,0,0,0,NaN,NaN,False,False,False,True,1,NaN,NaN,True,True,True,0.667,0.667,1.0,0.6,0.6,1.0,0.167
Generalization,m93,m93_GenLight_400,1,1,12,61,False,False,False,True,9,0,70,NaN,NaN,False,False,False,False,0,NaN,NaN,False,False,True,0.333,0.333,0.667,0.6,0.6,0.8,0.183
Generalization,m93,m93_GenLight_400,1,1,13,61,False,False,False,True,1,0,2,NaN,NaN,False,False,False,True,9,NaN,NaN,False,False,False,0.0,0.0,0.667,0.4,0.4,0.8,0.2
Generalization,m93,m93_GenLight_400,1,1,14,61,True,True,False,True,3,1,32,7.887,0.17,False,False,False,True,1,NaN,NaN,False,False,True,0.0,0.0,0.667,0.2,0.2,0.8,0.217
Generalization,m93,m93_GenLight_400,1,1,15,61,False,False,False,False,0,0,0,NaN,NaN,True,True,False,True,3,7.887,0.17,False,False,True,0.333,0.333,1.0,0.2,0.2,0.8,0.233
Generalization,m93,m93_GenLight_400,1,1,16,61,False,False,False,True,3,0,18,NaN,NaN,False,False,False,False,0,NaN,NaN,True,True,True,0.333,0.333,0.667,0.2,0.2,0.6,0.25
Generalization,m93,m93_GenLight_400,1,1,17,61,False,False,False,True,5,0,22,NaN,NaN,False,False,False,True,3,NaN,NaN,False,False,False,0.333,0.333,0.667,0.2,0.2,0.8,0.267
Generalization,m93,m93_GenLight_400,1,1,18,61,True,True,False,True,2,1,20,7.875,0.274,False,False,False,True,5,NaN,NaN,False,False,True,0.0,0.0,0.667,0.2,0.2,0.8,0.283
Generalization,m93,m93_GenLight_400,1,1,19,61,True,True,False,True,1,1,16,4.781,0.14,True,True,False,True,2,7.875,0.274,False,False,True,0.333,0.333,1.0,0.4,0.4,0.8,0.3
Generalization,m93,m93_GenLight_400,1,1,20,61,True,True,False,False,0,1,12,1.639,0.284,True,True,False,True,1,4.781,0.14,True,True,True,0.667,0.667,1.0,0.4,0.4,0.8,0.317
Generalization,m93,m93_GenLight_400,1,1,21,61,False,False,False,True,4,0,20,NaN,NaN,True,True,False,False,0,1.639,0.284,True,True,True,1.0,1.0,0.667,0.6,0.6,0.8,0.333
Generalization,m93,m93_GenLight_400,1,1,22,61,True,False,True,False,0,1,12,1.051,0.151,False,False,False,True,4,NaN,NaN,True,True,False,0.667,0.667,0.667,0.6,0.6,0.8,0.35
Generalization,m93,m93_GenLight_400,1,1,23,61,False,False,False,True,1,0,10,NaN,NaN,True,False,True,False,0,1.051,0.151,False,False,True,0.333,0.667,0.333,0.6,0.8,0.6,0.367
Generalization,m93,m93_GenLight_400,1,1,24,61,True,True,False,True,3,1,32,3.256,0.225,False,False,False,True,1,NaN,NaN,False,True,False,0.0,0.333,0.667,0.4,0.6,0.6,0.383
Generalization,m93,m93_GenLight_400,1,1,25,61,False,False,False,True,4,0,30,NaN,NaN,True,True,False,True,3,3.256,0.225,False,False,True,0.333,0.667,0.667,0.4,0.6,0.6,0.4
Generalization,m93,m93_GenLight_400,1,1,26,61,False,False,False,True,2,0,12,NaN,NaN,False,False,False,True,4,NaN,NaN,True,True,True,0.333,0.333,1.0,0.2,0.4,0.8,0.417
Generalization,m93,m93_GenLight_400,1,1,27,61,True,True,False,True,1,1,16,6.327,0.223,False,False,False,True,2,NaN,NaN,False,False,True,0.333,0.333,1.0,0.2,0.4,0.8,0.433
Generalization,m93,m93_GenLight_400,1,1,28,61,False,False,False,True,1,0,8,NaN,NaN,True,True,False,True,1,6.327,0.223,False,False,True,0.333,0.333,1.0,0.4,0.4,1.0,0.45
Generalization,m93,m93_GenLight_400,1,1,29,61,False,False,False,False,0,0,0,NaN,NaN,False,False,False,True,1,NaN,NaN,True,True,True,0.333,0.333,1.0,0.4,0.4,1.0,0.467
Generalization,m93,m93_GenLight_400,1,1,30,61,True,False,True,True,2,1,16,7.688,0.571,False,False,False,False,0,NaN,NaN,False,False,True,0.333,0.333,0.667,0.2,0.2,0.8,0.483
Generalization,m93,m93_GenLight_400,1,1,31,61,True,True,False,False,0,1,16,4.984,0.181,True,False,True,True,2,7.688,0.571,False,False,False,0.0,0.333,0.667,0.2,0.4,0.8,0.5
Generalization,m93,m93_GenLight_400,1,1,32,61,False,False,False,True,1,0,6,NaN,NaN,True,True,False,False,0,4.984,0.181,False,True,True,0.333,0.667,0.333,0.4,0.6,0.6,0.517
Generalization,m93,m93_GenLight_400,1,1,33,61,False,False,False,True,2,0,14,NaN,NaN,False,False,False,True,1,NaN,NaN,True,True,False,0.333,0.667,0.667,0.2,0.4,0.6,0.533
Generalization,m93,m93_GenLight_400,1,1,34,61,True,True,False,True,2,1,32,5.171,0.162,False,False,False,True,2,NaN,NaN,False,False,True,0.333,0.333,0.667,0.2,0.4,0.6,0.55
Generalization,m93,m93_GenLight_400,1,1,35,61,True,True,False,False,0,1,16,2.128,0.138,True,True,False,True,2,5.171,0.162,False,False,True,0.333,0.333,1.0,0.4,0.6,0.8,0.567
Generalization,m93,m93_GenLight_400,1,1,36,61,True,True,False,True,1,1,16,6.39,0.181,True,True,False,False,0,2.128,0.138,True,True,True,0.667,0.667,0.667,0.6,0.6,0.6,0.583
Generalization,m93,m93_GenLight_400,1,1,37,61,False,False,False,True,2,0,12,NaN,NaN,True,True,False,True,1,6.39,0.181,True,True,False,1.0,1.0,0.667,0.6,0.6,0.8,0.6
Generalization,m93,m93_GenLight_400,1,1,38,61,True,True,False,False,0,1,18,1.358,0.216,False,False,False,True,2,NaN,NaN,True,True,True,0.667,0.667,0.667,0.6,0.6,0.8,0.617
Generalization,m93,m93_GenLight_400,1,1,39,61,True,True,False,True,1,1,22,4.992,0.181,True,True,False,False,0,1.358,0.216,False,False,True,0.667,0.667,0.667,0.8,0.8,0.6,0.633
Generalization,m93,m93_GenLight_400,1,1,40,61,True,True,False,True,5,1,34,5.447,0.179,True,True,False,True,1,4.992,0.181,True,True,False,0.667,0.667,0.667,0.8,0.8,0.6,0.65
Generalization,m93,m93_GenLight_400,1,1,41,61,True,True,False,True,1,1,16,3.288,0.143,True,True,False,True,5,5.447,0.179,True,True,True,1.0,1.0,0.667,0.8,0.8,0.8,0.667
Generalization,m93,m93_GenLight_400,1,1,42,61,False,False,False,True,3,0,16,NaN,NaN,True,True,False,True,1,3.288,0.143,True,True,True,1.0,1.0,1.0,0.8,0.8,0.8,0.683
Generalization,m93,m93_GenLight_400,1,1,43,61,True,True,False,False,0,1,12,0.801,0.187,False,False,False,True,3,NaN,NaN,True,True,True,0.667,0.667,1.0,0.8,0.8,0.8,0.7
Generalization,m93,m93_GenLight_400,1,1,44,61,True,True,False,True,2,1,26,1.565,0.188,True,True,False,False,0,0.801,0.187,False,False,True,0.667,0.667,0.667,0.8,0.8,0.8,0.717
Generalization,m93,m93_GenLight_400,1,1,45,61,False,False,False,True,3,0,20,NaN,NaN,True,True,False,True,2,1.565,0.188,True,True,False,0.667,0.667,0.667,0.8,0.8,0.8,0.733
Generalization,m93,m93_GenLight_400,1,1,46,61,True,False,True,True,5,1,34,3.766,0.254,False,False,False,True,3,NaN,NaN,True,True,True,0.667,0.667,0.667,0.6,0.6,0.8,0.75
Generalization,m93,m93_GenLight_400,1,1,47,61,False,False,False,False,0,0,0,NaN,NaN,True,False,True,True,5,3.766,0.254,False,False,True,0.333,0.667,1.0,0.4,0.6,0.8,0.767
Generalization,m93,m93_GenLight_400,1,1,48,61,False,False,False,False,0,0,0,NaN,NaN,False,False,False,False,0,NaN,NaN,False,True,True,0.0,0.333,0.667,0.4,0.6,0.6,0.783
Generalization,m93,m93_GenLight_400,1,1,49,61,False,False,False,False,0,0,0,NaN,NaN,False,False,False,False,0,NaN,NaN,False,False,False,0.0,0.333,0.333,0.2,0.4,0.6,0.8
Generalization,m93,m93_GenLight_400,1,1,50,61,False,False,False,False,0,0,0,NaN,NaN,False,False,False,False,0,NaN,NaN,False,False,False,0.0,0.0,0.0,0.0,0.2,0.4,0.817
Generalization,m93,m93_GenLight_400,1,1,51,61,False,False,False,False,0,0,0,NaN,NaN,False,False,False,False,0,NaN,NaN,False,False,False,0.0,0.0,0.0,0.0,0.2,0.2,0.833
Generalization,m93,m93_GenLight_400,1,1,52,61,True,True,False,True,1,1,20,0.918,0.19,False,False,False,False,0,NaN,NaN,False,False,False,0.0,0.0,0.0,0.0,0.0,0.0,0.85
Generalization,m93,m93_GenLight_400,1,1,53,61,False,False,False,False,0,0,0,NaN,NaN,True,True,False,True,1,0.918,0.19,False,False,False,0.333,0.333,0.333,0.2,0.2,0.2,0.867
Generalization,m93,m93_GenLight_400,1,1,54,61,True,True,False,False,0,1,8,1.125,0.131,False,False,False,False,0,NaN,NaN,True,True,True,0.333,0.333,0.333,0.2,0.2,0.2,0.883
Generalization,m93,m93_GenLight_400,1,1,55,61,False,False,False,True,2,0,26,NaN,NaN,True,True,False,False,0,1.125,0.131,False,False,False,0.667,0.667,0.333,0.4,0.4,0.2,0.9
Generalization,m93,m93_GenLight_400,1,1,56,61,False,False,False,True,2,0,14,NaN,NaN,False,False,False,True,2,NaN,NaN,True,True,False,0.333,0.333,0.333,0.4,0.4,0.4,0.917
Generalization,m93,m93_GenLight_400,1,1,57,61,False,False,False,True,1,0,6,NaN,NaN,False,False,False,True,2,NaN,NaN,False,False,True,0.333,0.333,0.667,0.4,0.4,0.6,0.933
Generalization,m93,m93_GenLight_400,1,1,58,61,False,False,False,True,1,0,6,NaN,NaN,False,False,False,True,1,NaN,NaN,False,False,True,0.0,0.0,1.0,0.2,0.2,0.6,0.95
Generalization,m93,m93_GenLight_400,1,1,59,61,True,True,False,True,1,1,22,1.859,0.205,False,False,False,True,1,NaN,NaN,False,False,True,0.0,0.0,1.0,0.2,0.2,0.8,0.967
Generalization,m93,m93_GenLight_400,1,1,60,61,True,True,False,False,0,1,12,1.513,0.227,True,True,False,True,1,1.859,0.205,False,False,True,0.333,0.333,1.0,0.2,0.2,1.0,0.983
Generalization,m93,m93_GenLight_400,1,1,61,61,False,False,False,False,0,0,0,NaN,NaN,True,True,False,False,0,1.513,0.227,True,True,True,0.667,0.667,0.667,0.4,0.4,0.8,1.0
Generalization,m93,m93_GenLight_400,2,2,1,60,False,False,False,True,3,0,20,NaN,NaN,,,,,,NaN,NaN,,,,NaN,NaN,NaN,NaN,NaN,NaN,0.0
Generalization,m93,m93_GenLight_400,2,2,2,60,False,False,False,True,1,0,8,NaN,NaN,False,False,False,True,3,NaN,NaN,,,,0.0,0.0,1.0,0.0,0.0,1.0,0.017
Generalization,m93,m93_GenLight_400,2,2,3,60,False,False,False,False,0,0,0,NaN,NaN,False,False,False,True,1,NaN,NaN,False,False,True,0.0,0.0,1.0,0.0,0.0,1.0,0.034
Generalization,m93,m93_GenLight_400,2,2,4,60,False,False,False,False,0,0,0,NaN,NaN,False,False,False,False,0,NaN,NaN,False,False,True,0.0,0.0,0.667,0.0,0.0,0.667,0.051
Generalization,m93,m93_GenLight_400,2,2,5,60,False,False,False,True,3,0,12,NaN,NaN,False,False,False,False,0,NaN,NaN,False,False,False,0.0,0.0,0.333,0.0,0.0,0.5,0.068
Generalization,m93,m93_GenLight_400,2,2,6,60,False,False,False,True,2,0,14,NaN,NaN,False,False,False,True,3,NaN,NaN,False,False,False,0.0,0.0,0.333,0.0,0.0,0.6,0.085
Generalization,m93,m93_GenLight_400,2,2,7,60,False,False,False,False,0,0,0,NaN,NaN,False,False,False,True,2,NaN,NaN,False,False,True,0.0,0.0,0.667,0.0,0.0,0.6,0.102
Generalization,m93,m93_GenLight_400,2,2,8,60,True,True,False,True,9,1,42,8.061,0.122,False,False,False,False,0,NaN,NaN,False,False,True,0.0,0.0,0.667,0.0,0.0,0.4,0.119
Generalization,m93,m93_GenLight_400,2,2,9,60,True,True,False,True,5,1,46,4.38,0.166,True,True,False,True,9,8.061,0.122,False,False,False,0.333,0.333,0.667,0.2,0.2,0.6,0.136
Generalization,m93,m93_GenLight_400,2,2,10,60,True,True,False,True,1,1,14,3.94,0.163,True,True,False,True,5,4.38,0.166,True,True,True,0.667,0.667,0.667,0.4,0.4,0.8,0.153
Generalization,m93,m93_GenLight_400,2,2,11,60,False,False,False,True,2,0,6,NaN,NaN,True,True,False,True,1,3.94,0.163,True,True,True,1.0,1.0,1.0,0.6,0.6,0.8,0.169
Generalization,m93,m93_GenLight_400,2,2,12,60,False,False,False,True,4,0,14,NaN,NaN,False,False,False,True,2,NaN,NaN,True,True,True,0.667,0.667,1.0,0.6,0.6,0.8,0.186
Generalization,m93,m93_GenLight_400,2,2,13,60,True,True,False,True,2,1,24,1.789,0.173,False,False,False,True,4,NaN,NaN,False,False,True,0.333,0.333,1.0,0.6,0.6,1.0,0.203
Generalization,m93,m93_GenLight_400,2,2,14,60,True,True,False,True,4,1,36,5.354,0.167,True,True,False,True,2,1.789,0.173,False,False,True,0.333,0.333,1.0,0.6,0.6,1.0,0.22
Generalization,m93,m93_GenLight_400,2,2,15,60,False,False,False,True,1,0,6,NaN,NaN,True,True,False,True,4,5.354,0.167,True,True,True,0.667,0.667,1.0,0.6,0.6,1.0,0.237
Generalization,m93,m93_GenLight_400,2,2,16,60,False,False,False,True,1,0,4,NaN,NaN,False,False,False,True,1,NaN,NaN,True,True,True,0.667,0.667,1.0,0.4,0.4,1.0,0.254
Generalization,m93,m93_GenLight_400,2,2,17,60,False,False,False,False,0,0,0,NaN,NaN,False,False,False,True,1,NaN,NaN,False,False,True,0.333,0.333,1.0,0.4,0.4,1.0,0.271
Generalization,m93,m93_GenLight_400,2,2,18,60,True,True,False,True,3,1,18,7.818,0.313,False,False,False,False,0,NaN,NaN,False,False,True,0.0,0.0,0.667,0.4,0.4,0.8,0.288
Generalization,m93,m93_GenLight_400,2,2,19,60,False,False,False,True,2,0,12,NaN,NaN,True,True,False,True,3,7.818,0.313,False,False,False,0.333,0.333,0.667,0.4,0.4,0.8,0.305
Generalization,m93,m93_GenLight_400,2,2,20,60,False,False,False,True,2,0,10,NaN,NaN,False,False,False,True,2,NaN,NaN,True,True,True,0.333,0.333,0.667,0.2,0.2,0.8,0.322
Generalization,m93,m93_GenLight_400,2,2,21,60,False,False,False,True,1,0,12,NaN,NaN,False,False,False,True,2,NaN,NaN,False,False,True,0.333,0.333,1.0,0.2,0.2,0.8,0.339
Generalization,m93,m93_GenLight_400,2,2,22,60,False,False,False,True,2,0,10,NaN,NaN,False,False,False,True,1,NaN,NaN,False,False,True,0.0,0.0,1.0,0.2,0.2,0.8,0.356
Generalization,m93,m93_GenLight_400,2,2,23,60,False,False,False,False,0,0,0,NaN,NaN,False,False,False,True,2,NaN,NaN,False,False,True,0.0,0.0,1.0,0.2,0.2,1.0,0.373
Generalization,m93,m93_GenLight_400,2,2,24,60,False,False,False,True,1,0,6,NaN,NaN,False,False,False,False,0,NaN,NaN,False,False,True,0.0,0.0,0.667,0.0,0.0,0.8,0.39
Generalization,m93,m93_GenLight_400,2,2,25,60,True,True,False,True,3,1,44,4.498,0.106,False,False,False,True,1,NaN,NaN,False,False,False,0.0,0.0,0.667,0.0,0.0,0.8,0.407
Generalization,m93,m93_GenLight_400,2,2,26,60,False,False,False,True,1,0,4,NaN,NaN,True,True,False,True,3,4.498,0.106,False,False,True,0.333,0.333,0.667,0.2,0.2,0.8,0.424
Generalization,m93,m93_GenLight_400,2,2,27,60,True,True,False,True,6,1,34,4.687,0.235,False,False,False,True,1,NaN,NaN,True,True,True,0.333,0.333,1.0,0.2,0.2,0.8,0.441
Generalization,m93,m93_GenLight_400,2,2,28,60,True,True,False,False,0,1,6,5.301,0.119,True,True,False,True,6,4.687,0.235,False,False,True,0.667,0.667,1.0,0.4,0.4,0.8,0.458
Generalization,m93,m93_GenLight_400,2,2,29,60,False,False,False,True,1,0,6,NaN,NaN,True,True,False,False,0,5.301,0.119,True,True,True,0.667,0.667,0.667,0.6,0.6,0.8,0.475
Generalization,m93,m93_GenLight_400,2,2,30,60,False,False,False,True,2,0,6,NaN,NaN,False,False,False,True,1,NaN,NaN,True,True,False,0.667,0.667,0.667,0.6,0.6,0.8,0.492
Generalization,m93,m93_GenLight_400,2,2,31,60,False,False,False,True,6,0,26,NaN,NaN,False,False,False,True,2,NaN,NaN,False,False,True,0.333,0.333,0.667,0.4,0.4,0.8,0.508
Generalization,m93,m93_GenLight_400,2,2,32,60,True,True,False,False,0,1,14,2.229,0.147,False,False,False,True,6,NaN,NaN,False,False,True,0.0,0.0,1.0,0.4,0.4,0.8,0.525
Generalization,m93,m93_GenLight_400,2,2,33,60,True,False,True,False,0,1,10,0.414,0.122,True,True,False,False,0,2.229,0.147,False,False,True,0.333,0.333,0.667,0.4,0.4,0.6,0.542
Generalization,m93,m93_GenLight_400,2,2,34,60,True,True,False,True,5,1,50,0.592,0.154,True,False,True,False,0,0.414,0.122,True,True,False,0.333,0.667,0.333,0.2,0.4,0.6,0.559
Generalization,m93,m93_GenLight_400,2,2,35,60,False,False,False,True,2,0,10,NaN,NaN,True,True,False,True,5,0.592,0.154,False,True,False,0.667,1.0,0.333,0.4,0.6,0.6,0.576
Generalization,m93,m93_GenLight_400,2,2,36,60,True,True,False,True,4,1,28,2.748,0.225,False,False,False,True,2,NaN,NaN,True,True,True,0.333,0.667,0.667,0.4,0.6,0.6,0.593
Generalization,m93,m93_GenLight_400,2,2,37,60,True,True,False,True,4,1,42,2.458,0.192,True,True,False,True,4,2.748,0.225,False,False,True,0.667,0.667,1.0,0.6,0.8,0.6,0.61
Generalization,m93,m93_GenLight_400,2,2,38,60,False,False,False,True,5,0,14,NaN,NaN,True,True,False,True,4,2.458,0.192,True,True,True,0.667,0.667,1.0,0.6,0.8,0.8,0.627
Generalization,m93,m93_GenLight_400,2,2,39,60,False,False,False,True,4,0,12,NaN,NaN,False,False,False,True,5,NaN,NaN,True,True,True,0.667,0.667,1.0,0.6,0.6,1.0,0.644
Generalization,m93,m93_GenLight_400,2,2,40,60,False,False,False,True,1,0,6,NaN,NaN,False,False,False,True,4,NaN,NaN,False,False,True,0.333,0.333,1.0,0.4,0.4,1.0,0.661
Generalization,m93,m93_GenLight_400,2,2,41,60,True,True,False,True,2,1,18,4.346,0.177,False,False,False,True,1,NaN,NaN,False,False,True,0.0,0.0,1.0,0.4,0.4,1.0,0.678
Generalization,m93,m93_GenLight_400,2,2,42,60,False,False,False,True,2,0,6,NaN,NaN,True,True,False,True,2,4.346,0.177,False,False,True,0.333,0.333,1.0,0.4,0.4,1.0,0.695
Generalization,m93,m93_GenLight_400,2,2,43,60,True,True,False,True,2,1,24,0.452,0.177,False,False,False,True,2,NaN,NaN,True,True,True,0.333,0.333,1.0,0.2,0.2,1.0,0.712
Generalization,m93,m93_GenLight_400,2,2,44,60,False,False,False,True,2,0,12,NaN,NaN,True,True,False,True,2,0.452,0.177,False,False,True,0.667,0.667,1.0,0.4,0.4,1.0,0.729
Generalization,m93,m93_GenLight_400,2,2,45,60,True,True,False,False,0,1,10,7.212,0.227,False,False,False,True,2,NaN,NaN,True,True,True,0.333,0.333,1.0,0.4,0.4,1.0,0.746
Generalization,m93,m93_GenLight_400,2,2,46,60,True,True,False,True,2,1,32,0.922,0.199,True,True,False,False,0,7.212,0.227,False,False,True,0.667,0.667,0.667,0.6,0.6,0.8,0.763
Generalization,m93,m93_GenLight_400,2,2,47,60,True,True,False,True,3,1,24,1.443,0.131,True,True,False,True,2,0.922,0.199,True,True,False,0.667,0.667,0.667,0.6,0.6,0.8,0.78
Generalization,m93,m93_GenLight_400,2,2,48,60,False,False,False,True,2,0,6,NaN,NaN,True,True,False,True,3,1.443,0.131,True,True,True,1.0,1.0,0.667,0.8,0.8,0.8,0.797
Generalization,m93,m93_GenLight_400,2,2,49,60,True,True,False,False,0,1,6,6.793,0.101,False,False,False,True,2,NaN,NaN,True,True,True,0.667,0.667,1.0,0.6,0.6,0.8,0.814
Generalization,m93,m93_GenLight_400,2,2,50,60,False,False,False,False,0,0,0,NaN,NaN,True,True,False,False,0,6.793,0.101,False,False,True,0.667,0.667,0.667,0.8,0.8,0.6,0.831
Generalization,m93,m93_GenLight_400,2,2,51,60,True,True,False,True,1,1,16,6.207,0.162,False,False,False,False,0,NaN,NaN,True,True,False,0.333,0.333,0.333,0.6,0.6,0.6,0.847
Generalization,m93,m93_GenLight_400,2,2,52,60,False,False,False,True,3,0,18,NaN,NaN,True,True,False,True,1,6.207,0.162,False,False,False,0.667,0.667,0.333,0.6,0.6,0.6,0.864
Generalization,m93,m93_GenLight_400,2,2,53,60,True,True,False,True,2,1,22,4.185,0.152,False,False,False,True,3,NaN,NaN,True,True,True,0.333,0.333,0.667,0.4,0.4,0.6,0.881
Generalization,m93,m93_GenLight_400,2,2,54,60,True,True,False,True,3,1,24,7.862,0.14,True,True,False,True,2,4.185,0.152,False,False,True,0.667,0.667,1.0,0.6,0.6,0.6,0.898
Generalization,m93,m93_GenLight_400,2,2,55,60,False,False,False,True,2,0,12,NaN,NaN,True,True,False,True,3,7.862,0.14,True,True,True,0.667,0.667,1.0,0.6,0.6,0.8,0.915
Generalization,m93,m93_GenLight_400,2,2,56,60,False,False,False,True,1,0,2,NaN,NaN,False,False,False,True,2,NaN,NaN,True,True,True,0.667,0.667,1.0,0.6,0.6,1.0,0.932
Generalization,m93,m93_GenLight_400,2,2,57,60,False,False,False,False,0,0,0,NaN,NaN,False,False,False,True,1,NaN,NaN,False,False,True,0.333,0.333,1.0,0.4,0.4,1.0,0.949
Generalization,m93,m93_GenLight_400,2,2,58,60,False,False,False,True,5,0,20,NaN,NaN,False,False,False,False,0,NaN,NaN,False,False,True,0.0,0.0,0.667,0.4,0.4,0.8,0.966
Generalization,m93,m93_GenLight_400,2,2,59,60,False,False,False,False,0,0,0,NaN,NaN,False,False,False,True,5,NaN,NaN,False,False,False,0.0,0.0,0.667,0.2,0.2,0.8,0.983
Generalization,m93,m93_GenLight_400,2,2,60,60,False,False,False,False,0,0,0,NaN,NaN,False,False,False,False,0,NaN,NaN,False,False,True,0.0,0.0,0.333,0.0,0.0,0.6,1.0
Generalization,m93,m93_GenLight_400_2,3,3,1,61,True,True,False,True,6,1,40,4.225,0.325,,,,,,NaN,NaN,,,,NaN,NaN,NaN,NaN,NaN,NaN,0.0
Generalization,m93,m93_GenLight_400_2,3,3,2,61,False,False,False,True,2,0,16,NaN,NaN,True,True,False,True,6,4.225,0.325,,,,1.0,1.0,1.0,1.0,1.0,1.0,0.017
Generalization,m93,m93_GenLight_400_2,3,3,3,61,False,False,False,True,4,0,10,NaN,NaN,False,False,False,True,2,NaN,NaN,True,True,True,0.5,0.5,1.0,0.5,0.5,1.0,0.033
Generalization,m93,m93_GenLight_400_2,3,3,4,61,False,False,False,True,3,0,6,NaN,NaN,False,False,False,True,4,NaN,NaN,False,False,True,0.333,0.333,1.0,0.333,0.333,1.0,0.05
Generalization,m93,m93_GenLight_400_2,3,3,5,61,True,True,False,False,0,1,10,2.238,0.134,False,False,False,True,3,NaN,NaN,False,False,True,0.0,0.0,1.0,0.25,0.25,1.0,0.067
Generalization,m93,m93_GenLight_400_2,3,3,6,61,True,True,False,True,4,1,40,0.593,0.213,True,True,False,False,0,2.238,0.134,False,False,True,0.333,0.333,0.667,0.4,0.4,0.8,0.083
Generalization,m93,m93_GenLight_400_2,3,3,7,61,True,True,False,True,5,1,20,2.464,0.162,True,True,False,True,4,0.593,0.213,True,True,False,0.667,0.667,0.667,0.4,0.4,0.8,0.1
Generalization,m93,m93_GenLight_400_2,3,3,8,61,True,True,False,True,2,1,30,0.504,0.146,True,True,False,True,5,2.464,0.162,True,True,True,1.0,1.0,0.667,0.6,0.6,0.8,0.117
Generalization,m93,m93_GenLight_400_2,3,3,9,61,True,True,False,True,2,1,26,1.4,0.173,True,True,False,True,2,0.504,0.146,True,True,True,1.0,1.0,1.0,0.8,0.8,0.8,0.133
Generalization,m93,m93_GenLight_400_2,3,3,10,61,True,True,False,True,4,1,26,5.944,0.16,True,True,False,True,2,1.4,0.173,True,True,True,1.0,1.0,1.0,1.0,1.0,0.8,0.15
Generalization,m93,m93_GenLight_400_2,3,3,11,61,True,True,False,True,4,1,42,1.658,0.146,True,True,False,True,4,5.944,0.16,True,True,True,1.0,1.0,1.0,1.0,1.0,1.0,0.167
Generalization,m93,m93_GenLight_400_2,3,3,12,61,True,True,False,True,5,1,44,2.252,0.154,True,True,False,True,4,1.658,0.146,True,True,True,1.0,1.0,1.0,1.0,1.0,1.0,0.183
Generalization,m93,m93_GenLight_400_2,3,3,13,61,True,True,False,True,1,1,16,0.417,0.144,True,True,False,True,5,2.252,0.154,True,True,True,1.0,1.0,1.0,1.0,1.0,1.0,0.2
Generalization,m93,m93_GenLight_400_2,3,3,14,61,False,False,False,True,2,0,12,NaN,NaN,True,True,False,True,1,0.417,0.144,True,True,True,1.0,1.0,1.0,1.0,1.0,1.0,0.217
Generalization,m93,m93_GenLight_400_2,3,3,15,61,True,True,False,True,2,1,18,6.893,0.207,False,False,False,True,2,NaN,NaN,True,True,True,0.667,0.667,1.0,0.8,0.8,1.0,0.233
Generalization,m93,m93_GenLight_400_2,3,3,16,61,False,False,False,True,2,0,10,NaN,NaN,True,True,False,True,2,6.893,0.207,False,False,True,0.667,0.667,1.0,0.8,0.8,1.0,0.25
Generalization,m93,m93_GenLight_400_2,3,3,17,61,False,False,False,True,1,0,2,NaN,NaN,False,False,False,True,2,NaN,NaN,True,True,True,0.333,0.333,1.0,0.6,0.6,1.0,0.267
Generalization,m93,m93_GenLight_400_2,3,3,18,61,True,True,False,False,0,1,10,6.568,0.155,False,False,False,True,1,NaN,NaN,False,False,True,0.333,0.333,1.0,0.4,0.4,1.0,0.283
Generalization,m93,m93_GenLight_400_2,3,3,19,61,True,True,False,True,2,1,12,2.322,0.13,True,True,False,False,0,6.568,0.155,False,False,True,0.333,0.333,0.667,0.4,0.4,0.8,0.3
Generalization,m93,m93_GenLight_400_2,3,3,20,61,True,True,False,True,5,1,32,3.783,0.268,True,True,False,True,2,2.322,0.13,True,True,False,0.667,0.667,0.667,0.6,0.6,0.8,0.317
Generalization,m93,m93_GenLight_400_2,3,3,21,61,False,False,False,True,2,0,4,NaN,NaN,True,True,False,True,5,3.783,0.268,True,True,True,1.0,1.0,0.667,0.6,0.6,0.8,0.333
Generalization,m93,m93_GenLight_400_2,3,3,22,61,True,True,False,True,2,1,22,3.98,0.201,False,False,False,True,2,NaN,NaN,True,True,True,0.667,0.667,1.0,0.6,0.6,0.8,0.35
Generalization,m93,m93_GenLight_400_2,3,3,23,61,True,True,False,True,4,1,38,5.328,0.174,True,True,False,True,2,3.98,0.201,False,False,True,0.667,0.667,1.0,0.8,0.8,0.8,0.367
Generalization,m93,m93_GenLight_400_2,3,3,24,61,False,False,False,True,3,0,14,NaN,NaN,True,True,False,True,4,5.328,0.174,True,True,True,0.667,0.667,1.0,0.8,0.8,1.0,0.383
Generalization,m93,m93_GenLight_400_2,3,3,25,61,False,False,False,True,1,0,8,NaN,NaN,False,False,False,True,3,NaN,NaN,True,True,True,0.667,0.667,1.0,0.6,0.6,1.0,0.4
Generalization,m93,m93_GenLight_400_2,3,3,26,61,False,False,False,True,3,0,4,NaN,NaN,False,False,False,True,1,NaN,NaN,False,False,True,0.333,0.333,1.0,0.4,0.4,1.0,0.417
Generalization,m93,m93_GenLight_400_2,3,3,27,61,True,True,False,True,2,1,28,3.66,0.223,False,False,False,True,3,NaN,NaN,False,False,True,0.0,0.0,1.0,0.4,0.4,1.0,0.433
Generalization,m93,m93_GenLight_400_2,3,3,28,61,True,True,False,True,2,1,32,5.223,0.164,True,True,False,True,2,3.66,0.223,False,False,True,0.333,0.333,1.0,0.4,0.4,1.0,0.45
Generalization,m93,m93_GenLight_400_2,3,3,29,61,True,True,False,True,2,1,18,3.555,0.202,True,True,False,True,2,5.223,0.164,True,True,True,0.667,0.667,1.0,0.4,0.4,1.0,0.467
Generalization,m93,m93_GenLight_400_2,3,3,30,61,True,True,False,True,3,1,22,7.845,0.185,True,True,False,True,2,3.555,0.202,True,True,True,1.0,1.0,1.0,0.6,0.6,1.0,0.483
Generalization,m93,m93_GenLight_400_2,3,3,31,61,True,True,False,True,1,1,24,5.532,0.175,True,True,False,True,3,7.845,0.185,True,True,True,1.0,1.0,1.0,0.8,0.8,1.0,0.5
Generalization,m93,m93_GenLight_400_2,3,3,32,61,True,True,False,True,2,1,28,2.635,0.25,True,True,False,True,1,5.532,0.175,True,True,True,1.0,1.0,1.0,1.0,1.0,1.0,0.517
Generalization,m93,m93_GenLight_400_2,3,3,33,61,True,True,False,True,1,1,18,6.1,0.159,True,True,False,True,2,2.635,0.25,True,True,True,1.0,1.0,1.0,1.0,1.0,1.0,0.533
Generalization,m93,m93_GenLight_400_2,3,3,34,61,False,False,False,False,0,0,0,NaN,NaN,True,True,False,True,1,6.1,0.159,True,True,True,1.0,1.0,1.0,1.0,1.0,1.0,0.55
Generalization,m93,m93_GenLight_400_2,3,3,35,61,False,False,False,True,1,0,4,NaN,NaN,False,False,False,False,0,NaN,NaN,True,True,True,0.667,0.667,0.667,0.8,0.8,0.8,0.567
Generalization,m93,m93_GenLight_400_2,3,3,36,61,True,True,False,True,4,1,24,1.824,0.17,False,False,False,True,1,NaN,NaN,False,False,False,0.333,0.333,0.667,0.6,0.6,0.8,0.583
Generalization,m93,m93_GenLight_400_2,3,3,37,61,True,True,False,True,2,1,16,3.363,0.137,True,True,False,True,4,1.824,0.17,False,False,True,0.333,0.333,0.667,0.6,0.6,0.8,0.6
Generalization,m93,m93_GenLight_400_2,3,3,38,61,True,True,False,True,4,1,37,5.056,0.224,True,True,False,True,2,3.363,0.137,True,True,True,0.667,0.667,1.0,0.6,0.6,0.8,0.617
Generalization,m93,m93_GenLight_400_2,3,3,39,61,True,True,False,True,3,1,28,3.474,0.134,True,True,False,True,4,5.056,0.224,True,True,True,1.0,1.0,1.0,0.6,0.6,0.8,0.633
Generalization,m93,m93_GenLight_400_2,3,3,40,61,True,True,False,True,2,1,14,3.123,0.118,True,True,False,True,3,3.474,0.134,True,True,True,1.0,1.0,1.0,0.8,0.8,1.0,0.65
Generalization,m93,m93_GenLight_400_2,3,3,41,61,True,True,False,True,3,1,26,4.65,0.119,True,True,False,True,2,3.123,0.118,True,True,True,1.0,1.0,1.0,1.0,1.0,1.0,0.667
Generalization,m93,m93_GenLight_400_2,3,3,42,61,True,True,False,True,6,1,36,6.986,0.146,True,True,False,True,3,4.65,0.119,True,True,True,1.0,1.0,1.0,1.0,1.0,1.0,0.683
Generalization,m93,m93_GenLight_400_2,3,3,43,61,False,False,False,True,1,0,4,NaN,NaN,True,True,False,True,6,6.986,0.146,True,True,True,1.0,1.0,1.0,1.0,1.0,1.0,0.7
Generalization,m93,m93_GenLight_400_2,3,3,44,61,True,True,False,False,0,1,12,4.631,0.145,False,False,False,True,1,NaN,NaN,True,True,True,0.667,0.667,1.0,0.8,0.8,1.0,0.717
Generalization,m93,m93_GenLight_400_2,3,3,45,61,False,False,False,False,0,0,0,NaN,NaN,True,True,False,False,0,4.631,0.145,False,False,True,0.667,0.667,0.667,0.8,0.8,0.8,0.733
Generalization,m93,m93_GenLight_400_2,3,3,46,61,False,False,False,True,2,0,10,NaN,NaN,False,False,False,False,0,NaN,NaN,True,True,False,0.333,0.333,0.333,0.6,0.6,0.6,0.75
Generalization,m93,m93_GenLight_400_2,3,3,47,61,True,True,False,True,1,1,20,0.617,0.189,False,False,False,True,2,NaN,NaN,False,False,False,0.333,0.333,0.333,0.4,0.4,0.6,0.767
Generalization,m93,m93_GenLight_400_2,3,3,48,61,False,False,False,True,1,0,6,NaN,NaN,True,True,False,True,1,0.617,0.189,False,False,True,0.333,0.333,0.667,0.4,0.4,0.6,0.783
Generalization,m93,m93_GenLight_400_2,3,3,49,61,False,False,False,True,2,0,14,NaN,NaN,False,False,False,True,1,NaN,NaN,True,True,True,0.333,0.333,1.0,0.4,0.4,0.6,0.8
Generalization,m93,m93_GenLight_400_2,3,3,50,61,True,True,False,True,3,1,26,2.527,0.225,False,False,False,True,2,NaN,NaN,False,False,True,0.333,0.333,1.0,0.2,0.2,0.8,0.817
Generalization,m93,m93_GenLight_400_2,3,3,51,61,True,True,False,True,7,1,28,7.475,0.2,True,True,False,True,3,2.527,0.225,False,False,True,0.333,0.333,1.0,0.4,0.4,1.0,0.833
Generalization,m93,m93_GenLight_400_2,3,3,52,61,True,True,False,True,1,1,19,3.646,0.194,True,True,False,True,7,7.475,0.2,True,True,True,0.667,0.667,1.0,0.6,0.6,1.0,0.85
Generalization,m93,m93_GenLight_400_2,3,3,53,61,True,True,False,True,11,1,28,5.999,0.235,True,True,False,True,1,3.646,0.194,True,True,True,1.0,1.0,1.0,0.6,0.6,1.0,0.867
Generalization,m93,m93_GenLight_400_2,3,3,54,61,True,True,False,True,4,1,28,1.104,0.215,True,True,False,True,11,5.999,0.235,True,True,True,1.0,1.0,1.0,0.8,0.8,1.0,0.883
Generalization,m93,m93_GenLight_400_2,3,3,55,61,False,False,False,True,1,0,8,NaN,NaN,True,True,False,True,4,1.104,0.215,True,True,True,1.0,1.0,1.0,1.0,1.0,1.0,0.9
Generalization,m93,m93_GenLight_400_2,3,3,56,61,False,False,False,True,3,0,12,NaN,NaN,False,False,False,True,1,NaN,NaN,True,True,True,0.667,0.667,1.0,0.8,0.8,1.0,0.917
Generalization,m93,m93_GenLight_400_2,3,3,57,61,True,True,False,True,4,1,18,0.615,0.207,False,False,False,True,3,NaN,NaN,False,False,True,0.333,0.333,1.0,0.6,0.6,1.0,0.933
Generalization,m93,m93_GenLight_400_2,3,3,58,61,True,True,False,True,3,1,28,3.51,0.155,True,True,False,True,4,0.615,0.207,False,False,True,0.333,0.333,1.0,0.6,0.6,1.0,0.95
Generalization,m93,m93_GenLight_400_2,3,3,59,61,True,True,False,False,0,1,10,5.025,0.192,True,True,False,True,3,3.51,0.155,True,True,True,0.667,0.667,1.0,0.6,0.6,1.0,0.967
Generalization,m93,m93_GenLight_400_2,3,3,60,61,True,True,False,True,1,1,24,5.385,2.713,True,True,False,False,0,5.025,0.192,True,True,True,1.0,1.0,0.667,0.6,0.6,0.8,0.983
Generalization,m93,m93_GenLight_400_2,3,3,61,61,False,False,False,False,0,0,0,NaN,NaN,True,True,False,True,1,5.385,2.713,True,True,False,1.0,1.0,0.667,0.8,0.8,0.8,1.0
Generalization,m93,m93_GenLight_400_2,4,4,1,61,True,True,False,False,0,1,4,5.122,0.217,,,,,,NaN,NaN,,,,NaN,NaN,NaN,NaN,NaN,NaN,0.0
Generalization,m93,m93_GenLight_400_2,4,4,2,61,True,True,False,True,8,1,38,2.754,0.219,True,True,False,False,0,5.122,0.217,,,,1.0,1.0,0.0,1.0,1.0,0.0,0.017
Generalization,m93,m93_GenLight_400_2,4,4,3,61,True,True,False,True,6,1,38,0.487,0.25,True,True,False,True,8,2.754,0.219,True,True,False,1.0,1.0,0.5,1.0,1.0,0.5,0.033
Generalization,m93,m93_GenLight_400_2,4,4,4,61,True,True,False,True,19,1,62,5.327,0.149,True,True,False,True,6,0.487,0.25,True,True,True,1.0,1.0,0.667,1.0,1.0,0.667,0.05
Generalization,m93,m93_GenLight_400_2,4,4,5,61,True,True,False,True,2,1,20,6.636,0.147,True,True,False,True,19,5.327,0.149,True,True,True,1.0,1.0,1.0,1.0,1.0,0.75,0.067
Generalization,m93,m93_GenLight_400_2,4,4,6,61,True,True,False,True,3,1,18,5.758,0.102,True,True,False,True,2,6.636,0.147,True,True,True,1.0,1.0,1.0,1.0,1.0,0.8,0.083
Generalization,m93,m93_GenLight_400_2,4,4,7,61,True,True,False,True,2,1,14,7.35,0.149,True,True,False,True,3,5.758,0.102,True,True,True,1.0,1.0,1.0,1.0,1.0,1.0,0.1
Generalization,m93,m93_GenLight_400_2,4,4,8,61,True,True,False,False,0,1,10,2.605,0.13,True,True,False,True,2,7.35,0.149,True,True,True,1.0,1.0,1.0,1.0,1.0,1.0,0.117
Generalization,m93,m93_GenLight_400_2,4,4,9,61,True,False,True,True,1,1,10,3.742,0.152,True,True,False,False,0,2.605,0.13,True,True,True,1.0,1.0,0.667,1.0,1.0,0.8,0.133
Generalization,m93,m93_GenLight_400_2,4,4,10,61,True,False,True,True,3,2,8,0.049,0.166,True,False,True,True,1,3.742,0.152,True,True,False,0.667,1.0,0.667,0.8,1.0,0.8,0.15
Generalization,m93,m93_GenLight_400_2,4,4,11,61,True,True,False,True,6,1,22,4.803,0.174,True,False,True,True,3,0.049,0.166,False,True,True,0.333,1.0,0.667,0.6,1.0,0.8,0.167
Generalization,m93,m93_GenLight_400_2,4,4,12,61,False,False,False,True,5,0,6,NaN,NaN,True,True,False,True,6,4.803,0.174,False,True,True,0.333,1.0,1.0,0.6,1.0,0.8,0.183
Generalization,m93,m93_GenLight_400_2,4,4,13,61,True,True,False,True,3,1,26,4.258,0.149,False,False,False,True,5,NaN,NaN,True,True,True,0.333,0.667,1.0,0.4,0.8,0.8,0.2
Generalization,m93,m93_GenLight_400_2,4,4,14,61,True,True,False,True,5,1,36,1.98,0.157,True,True,False,True,3,4.258,0.149,False,False,True,0.667,0.667,1.0,0.4,0.8,1.0,0.217
Generalization,m93,m93_GenLight_400_2,4,4,15,61,True,True,False,True,3,2,18,3.481,0.138,True,True,False,True,5,1.98,0.157,True,True,True,0.667,0.667,1.0,0.6,0.8,1.0,0.233
Generalization,m93,m93_GenLight_400_2,4,4,16,61,True,True,False,False,0,1,12,1.285,0.133,True,True,False,True,3,3.481,0.138,True,True,True,1.0,1.0,1.0,0.8,0.8,1.0,0.25
Generalization,m93,m93_GenLight_400_2,4,4,17,61,True,True,False,False,0,1,12,3.217,0.139,True,True,False,False,0,1.285,0.133,True,True,True,1.0,1.0,0.667,0.8,0.8,0.8,0.267
Generalization,m93,m93_GenLight_400_2,4,4,18,61,True,True,False,True,2,1,24,6.657,0.152,True,True,False,False,0,3.217,0.139,True,True,False,1.0,1.0,0.333,1.0,1.0,0.6,0.283
Generalization,m93,m93_GenLight_400_2,4,4,19,61,True,True,False,True,2,1,22,1.238,0.133,True,True,False,True,2,6.657,0.152,True,True,False,1.0,1.0,0.333,1.0,1.0,0.6,0.3
Generalization,m93,m93_GenLight_400_2,4,4,20,61,True,True,False,True,6,1,24,3.956,0.12,True,True,False,True,2,1.238,0.133,True,True,True,1.0,1.0,0.667,1.0,1.0,0.6,0.317
Generalization,m93,m93_GenLight_400_2,4,4,21,61,True,False,True,True,3,1,10,0.924,0.082,True,True,False,True,6,3.956,0.12,True,True,True,1.0,1.0,1.0,1.0,1.0,0.6,0.333
Generalization,m93,m93_GenLight_400_2,4,4,22,61,True,True,False,True,1,1,16,1.69,0.142,True,False,True,True,3,0.924,0.082,True,True,True,0.667,1.0,1.0,0.8,1.0,0.8,0.35
Generalization,m93,m93_GenLight_400_2,4,4,23,61,False,False,False,True,5,0,12,NaN,NaN,True,True,False,True,1,1.69,0.142,False,True,True,0.667,1.0,1.0,0.8,1.0,1.0,0.367
Generalization,m93,m93_GenLight_400_2,4,4,24,61,True,True,False,True,1,1,14,2.306,0.159,False,False,False,True,5,NaN,NaN,True,True,True,0.333,0.667,1.0,0.6,0.8,1.0,0.383
Generalization,m93,m93_GenLight_400_2,4,4,25,61,True,True,False,True,6,1,26,5.339,0.14,True,True,False,True,1,2.306,0.159,False,False,True,0.667,0.667,1.0,0.6,0.8,1.0,0.4
Generalization,m93,m93_GenLight_400_2,4,4,26,61,True,True,False,True,3,1,22,1.959,0.097,True,True,False,True,6,5.339,0.14,True,True,True,0.667,0.667,1.0,0.6,0.8,1.0,0.417
Generalization,m93,m93_GenLight_400_2,4,4,27,61,True,True,False,True,3,1,22,0.854,0.089,True,True,False,True,3,1.959,0.097,True,True,True,1.0,1.0,1.0,0.8,0.8,1.0,0.433
Generalization,m93,m93_GenLight_400_2,4,4,28,61,True,True,False,True,1,1,14,2.693,0.116,True,True,False,True,3,0.854,0.089,True,True,True,1.0,1.0,1.0,0.8,0.8,1.0,0.45
Generalization,m93,m93_GenLight_400_2,4,4,29,61,True,True,False,False,0,1,14,1.308,0.123,True,True,False,True,1,2.693,0.116,True,True,True,1.0,1.0,1.0,1.0,1.0,1.0,0.467
Generalization,m93,m93_GenLight_400_2,4,4,30,61,False,False,False,True,5,0,6,NaN,NaN,True,True,False,False,0,1.308,0.123,True,True,True,1.0,1.0,0.667,1.0,1.0,0.8,0.483
Generalization,m93,m93_GenLight_400_2,4,4,31,61,True,True,False,True,1,1,14,1.885,0.161,False,False,False,True,5,NaN,NaN,True,True,False,0.667,0.667,0.667,0.8,0.8,0.8,0.5
Generalization,m93,m93_GenLight_400_2,4,4,32,61,True,True,False,True,1,1,14,0.845,0.108,True,True,False,True,1,1.885,0.161,False,False,True,0.667,0.667,0.667,0.8,0.8,0.8,0.517
Generalization,m93,m93_GenLight_400_2,4,4,33,61,True,True,False,True,1,1,12,2.9,0.15,True,True,False,True,1,0.845,0.108,True,True,True,0.667,0.667,1.0,0.8,0.8,0.8,0.533
Generalization,m93,m93_GenLight_400_2,4,4,34,61,True,True,False,True,2,1,24,3.147,0.124,True,True,False,True,1,2.9,0.15,True,True,True,1.0,1.0,1.0,0.8,0.8,0.8,0.55
Generalization,m93,m93_GenLight_400_2,4,4,35,61,False,False,False,True,3,0,8,NaN,NaN,True,True,False,True,2,3.147,0.124,True,True,True,1.0,1.0,1.0,0.8,0.8,1.0,0.567
Generalization,m93,m93_GenLight_400_2,4,4,36,61,True,True,False,True,2,1,22,4.239,0.13,False,False,False,True,3,NaN,NaN,True,True,True,0.667,0.667,1.0,0.8,0.8,1.0,0.583
Generalization,m93,m93_GenLight_400_2,4,4,37,61,True,True,False,True,1,1,16,1.494,0.125,True,True,False,True,2,4.239,0.13,False,False,True,0.667,0.667,1.0,0.8,0.8,1.0,0.6
Generalization,m93,m93_GenLight_400_2,4,4,38,61,True,True,False,True,2,1,16,5.867,0.042,True,True,False,True,1,1.494,0.125,True,True,True,0.667,0.667,1.0,0.8,0.8,1.0,0.617
Generalization,m93,m93_GenLight_400_2,4,4,39,61,False,False,False,True,2,0,8,NaN,NaN,True,True,False,True,2,5.867,0.042,True,True,True,1.0,1.0,1.0,0.8,0.8,1.0,0.633
Generalization,m93,m93_GenLight_400_2,4,4,40,61,True,False,True,True,3,1,16,2.57,0.109,False,False,False,True,2,NaN,NaN,True,True,True,0.667,0.667,1.0,0.6,0.6,1.0,0.65
Generalization,m93,m93_GenLight_400_2,4,4,41,61,True,True,False,False,0,1,14,2.667,0.145,True,False,True,True,3,2.57,0.109,False,False,True,0.333,0.667,1.0,0.6,0.8,1.0,0.667
Generalization,m93,m93_GenLight_400_2,4,4,42,61,True,True,False,True,1,1,16,5.651,0.088,True,True,False,False,0,2.667,0.145,False,True,True,0.333,0.667,0.667,0.6,0.8,0.8,0.683
Generalization,m93,m93_GenLight_400_2,4,4,43,61,True,True,False,True,2,1,20,2.323,0.167,True,True,False,True,1,5.651,0.088,True,True,False,0.667,1.0,0.667,0.6,0.8,0.8,0.7
Generalization,m93,m93_GenLight_400_2,4,4,44,61,True,True,False,True,2,1,20,2.597,0.096,True,True,False,True,2,2.323,0.167,True,True,True,1.0,1.0,0.667,0.6,0.8,0.8,0.717
Generalization,m93,m93_GenLight_400_2,4,4,45,61,False,False,False,True,1,0,2,NaN,NaN,True,True,False,True,2,2.597,0.096,True,True,True,1.0,1.0,1.0,0.8,1.0,0.8,0.733
Generalization,m93,m93_GenLight_400_2,4,4,46,61,True,True,False,True,4,1,26,5.927,0.13,False,False,False,True,1,NaN,NaN,True,True,True,0.667,0.667,1.0,0.8,0.8,0.8,0.75
Generalization,m93,m93_GenLight_400_2,4,4,47,61,True,True,False,True,5,1,14,1.661,0.137,True,True,False,True,4,5.927,0.13,False,False,True,0.667,0.667,1.0,0.8,0.8,1.0,0.767
Generalization,m93,m93_GenLight_400_2,4,4,48,61,True,True,False,False,0,1,12,5.384,0.181,True,True,False,True,5,1.661,0.137,True,True,True,0.667,0.667,1.0,0.8,0.8,1.0,0.783
Generalization,m93,m93_GenLight_400_2,4,4,49,61,True,True,False,True,2,1,14,1.404,0.176,True,True,False,False,0,5.384,0.181,True,True,True,1.0,1.0,0.667,0.8,0.8,0.8,0.8
Generalization,m93,m93_GenLight_400_2,4,4,50,61,True,True,False,True,4,1,22,0.43,0.095,True,True,False,True,2,1.404,0.176,True,True,False,1.0,1.0,0.667,0.8,0.8,0.8,0.817
Generalization,m93,m93_GenLight_400_2,4,4,51,61,True,True,False,True,1,1,14,1.673,0.117,True,True,False,True,4,0.43,0.095,True,True,True,1.0,1.0,0.667,1.0,1.0,0.8,0.833
Generalization,m93,m93_GenLight_400_2,4,4,52,61,True,True,False,True,3,1,14,4.831,0.135,True,True,False,True,1,1.673,0.117,True,True,True,1.0,1.0,1.0,1.0,1.0,0.8,0.85
Generalization,m93,m93_GenLight_400_2,4,4,53,61,True,True,False,True,1,1,18,1.33,0.129,True,True,False,True,3,4.831,0.135,True,True,True,1.0,1.0,1.0,1.0,1.0,0.8,0.867
Generalization,m93,m93_GenLight_400_2,4,4,54,61,True,True,False,True,2,1,16,6.818,0.187,True,True,False,True,1,1.33,0.129,True,True,True,1.0,1.0,1.0,1.0,1.0,1.0,0.883
Generalization,m93,m93_GenLight_400_2,4,4,55,61,False,False,False,True,3,0,6,NaN,NaN,True,True,False,True,2,6.818,0.187,True,True,True,1.0,1.0,1.0,1.0,1.0,1.0,0.9
Generalization,m93,m93_GenLight_400_2,4,4,56,61,True,True,False,True,3,1,24,2.837,0.112,False,False,False,True,3,NaN,NaN,True,True,True,0.667,0.667,1.0,0.8,0.8,1.0,0.917
Generalization,m93,m93_GenLight_400_2,4,4,57,61,True,True,False,True,2,1,28,1.13,0.214,True,True,False,True,3,2.837,0.112,False,False,True,0.667,0.667,1.0,0.8,0.8,1.0,0.933
Generalization,m93,m93_GenLight_400_2,4,4,58,61,True,False,True,False,0,1,6,1.087,0.133,True,True,False,True,2,1.13,0.214,True,True,True,0.667,0.667,1.0,0.8,0.8,1.0,0.95
Generalization,m93,m93_GenLight_400_2,4,4,59,61,False,False,False,True,2,0,6,NaN,NaN,True,False,True,False,0,1.087,0.133,True,True,True,0.667,1.0,0.667,0.6,0.8,0.8,0.967
Generalization,m93,m93_GenLight_400_2,4,4,60,61,True,True,False,False,0,1,12,2.157,0.07,False,False,False,True,2,NaN,NaN,False,True,False,0.333,0.667,0.667,0.4,0.6,0.8,0.983
Generalization,m93,m93_GenLight_400_2,4,4,61,61,False,False,False,False,0,0,0,NaN,NaN,True,True,False,False,0,2.157,0.07,False,False,True,0.333,0.667,0.333,0.6,0.8,0.6,1.0
Generalization,m97,m97_GenLight_400,1,1,1,61,False,False,False,True,4,0,14,NaN,NaN,,,,,,NaN,NaN,,,,NaN,NaN,NaN,NaN,NaN,NaN,0.0
Generalization,m97,m97_GenLight_400,1,1,2,61,False,False,False,True,1,0,2,NaN,NaN,False,False,False,True,4,NaN,NaN,,,,0.0,0.0,1.0,0.0,0.0,1.0,0.017
Generalization,m97,m97_GenLight_400,1,1,3,61,False,False,False,True,3,0,12,NaN,NaN,False,False,False,True,1,NaN,NaN,False,False,True,0.0,0.0,1.0,0.0,0.0,1.0,0.033
Generalization,m97,m97_GenLight_400,1,1,4,61,True,False,True,False,0,1,0,3.961,NaN,False,False,False,True,3,NaN,NaN,False,False,True,0.0,0.0,1.0,0.0,0.0,1.0,0.05
Generalization,m97,m97_GenLight_400,1,1,5,61,False,False,False,True,2,0,8,NaN,NaN,True,False,True,False,0,3.961,NaN,False,False,True,0.0,0.333,0.667,0.0,0.25,0.75,0.067
Generalization,m97,m97_GenLight_400,1,1,6,61,False,False,False,True,1,0,4,NaN,NaN,False,False,False,True,2,NaN,NaN,False,True,False,0.0,0.333,0.667,0.0,0.2,0.8,0.083
Generalization,m97,m97_GenLight_400,1,1,7,61,False,False,False,True,4,0,10,NaN,NaN,False,False,False,True,1,NaN,NaN,False,False,True,0.0,0.333,0.667,0.0,0.2,0.8,0.1
Generalization,m97,m97_GenLight_400,1,1,8,61,True,True,False,True,2,1,30,0.46,0.207,False,False,False,True,4,NaN,NaN,False,False,True,0.0,0.0,1.0,0.0,0.2,0.8,0.117
Generalization,m97,m97_GenLight_400,1,1,9,61,True,True,False,True,3,1,28,3.944,0.217,True,True,False,True,2,0.46,0.207,False,False,True,0.333,0.333,1.0,0.2,0.4,0.8,0.133
Generalization,m97,m97_GenLight_400,1,1,10,61,False,False,False,True,7,0,30,NaN,NaN,True,True,False,True,3,3.944,0.217,True,True,True,0.667,0.667,1.0,0.4,0.4,1.0,0.15
Generalization,m97,m97_GenLight_400,1,1,11,61,True,True,False,True,5,1,42,3.123,0.184,False,False,False,True,7,NaN,NaN,True,True,True,0.667,0.667,1.0,0.4,0.4,1.0,0.167
Generalization,m97,m97_GenLight_400,1,1,12,61,False,False,False,True,10,0,36,NaN,NaN,True,True,False,True,5,3.123,0.184,False,False,True,0.667,0.667,1.0,0.6,0.6,1.0,0.183
Generalization,m97,m97_GenLight_400,1,1,13,61,False,False,False,True,6,0,24,NaN,NaN,False,False,False,True,10,NaN,NaN,True,True,True,0.333,0.333,1.0,0.6,0.6,1.0,0.2
Generalization,m97,m97_GenLight_400,1,1,14,61,True,True,False,True,1,1,28,2.657,0.199,False,False,False,True,6,NaN,NaN,False,False,True,0.333,0.333,1.0,0.4,0.4,1.0,0.217
Generalization,m97,m97_GenLight_400,1,1,15,61,True,True,False,True,2,1,26,2.155,0.154,True,True,False,True,1,2.657,0.199,False,False,True,0.333,0.333,1.0,0.4,0.4,1.0,0.233
Generalization,m97,m97_GenLight_400,1,1,16,61,False,False,False,True,1,0,8,NaN,NaN,True,True,False,True,2,2.155,0.154,True,True,True,0.667,0.667,1.0,0.6,0.6,1.0,0.25
Generalization,m97,m97_GenLight_400,1,1,17,61,False,False,False,False,0,0,0,NaN,NaN,False,False,False,True,1,NaN,NaN,True,True,True,0.667,0.667,1.0,0.4,0.4,1.0,0.267
Generalization,m97,m97_GenLight_400,1,1,18,61,False,False,False,True,2,0,18,NaN,NaN,False,False,False,False,0,NaN,NaN,False,False,True,0.333,0.333,0.667,0.4,0.4,0.8,0.283
Generalization,m97,m97_GenLight_400,1,1,19,61,False,False,False,True,2,0,6,NaN,NaN,False,False,False,True,2,NaN,NaN,False,False,False,0.0,0.0,0.667,0.4,0.4,0.8,0.3
Generalization,m97,m97_GenLight_400,1,1,20,61,True,True,False,True,4,1,28,4.15,0.279,False,False,False,True,2,NaN,NaN,False,False,True,0.0,0.0,0.667,0.2,0.2,0.8,0.317
Generalization,m97,m97_GenLight_400,1,1,21,61,True,True,False,True,7,1,52,0.558,0.239,True,True,False,True,4,4.15,0.279,False,False,True,0.333,0.333,1.0,0.2,0.2,0.8,0.333
Generalization,m97,m97_GenLight_400,1,1,22,61,False,False,False,True,6,0,26,NaN,NaN,True,True,False,True,7,0.558,0.239,True,True,True,0.667,0.667,1.0,0.4,0.4,0.8,0.35
Generalization,m97,m97_GenLight_400,1,1,23,61,True,True,False,True,2,1,18,3.34,0.192,False,False,False,True,6,NaN,NaN,True,True,True,0.667,0.667,1.0,0.4,0.4,1.0,0.367
Generalization,m97,m97_GenLight_400,1,1,24,61,True,False,True,True,6,1,40,6.682,0.218,True,True,False,True,2,3.34,0.192,False,False,True,0.667,0.667,1.0,0.6,0.6,1.0,0.383
Generalization,m97,m97_GenLight_400,1,1,25,61,True,True,False,True,3,1,36,0.699,0.193,True,False,True,True,6,6.682,0.218,True,True,True,0.333,0.667,1.0,0.6,0.8,1.0,0.4
Generalization,m97,m97_GenLight_400,1,1,26,61,True,True,False,True,9,1,52,2.247,0.158,True,True,False,True,3,0.699,0.193,False,True,True,0.667,1.0,1.0,0.6,0.8,1.0,0.417
Generalization,m97,m97_GenLight_400,1,1,27,61,True,True,False,True,7,1,46,1.993,0.191,True,True,False,True,9,2.247,0.158,True,True,True,0.667,1.0,1.0,0.6,0.8,1.0,0.433
Generalization,m97,m97_GenLight_400,1,1,28,61,True,True,False,True,1,1,16,5.752,0.186,True,True,False,True,7,1.993,0.191,True,True,True,1.0,1.0,1.0,0.8,1.0,1.0,0.45
Generalization,m97,m97_GenLight_400,1,1,29,61,False,False,False,True,20,0,86,NaN,NaN,True,True,False,True,1,5.752,0.186,True,True,True,1.0,1.0,1.0,0.8,1.0,1.0,0.467
Generalization,m97,m97_GenLight_400,1,1,30,61,True,False,True,True,4,1,18,0.428,0.129,False,False,False,True,20,NaN,NaN,True,True,True,0.667,0.667,1.0,0.8,0.8,1.0,0.483
Generalization,m97,m97_GenLight_400,1,1,31,61,True,True,False,True,1,1,16,0.145,0.194,True,False,True,True,4,0.428,0.129,False,False,True,0.333,0.667,1.0,0.6,0.8,1.0,0.5
Generalization,m97,m97_GenLight_400,1,1,32,61,True,True,False,True,1,1,16,3.762,0.365,True,True,False,True,1,0.145,0.194,False,True,True,0.333,0.667,1.0,0.6,0.8,1.0,0.517
Generalization,m97,m97_GenLight_400,1,1,33,61,True,False,True,True,3,1,22,0.292,0.162,True,True,False,True,1,3.762,0.365,True,True,True,0.667,1.0,1.0,0.6,0.8,1.0,0.533
Generalization,m97,m97_GenLight_400,1,1,34,61,True,False,True,True,5,1,22,0.166,0.229,True,False,True,True,3,0.292,0.162,True,True,True,0.667,1.0,1.0,0.4,0.8,1.0,0.55
Generalization,m97,m97_GenLight_400,1,1,35,61,True,True,False,True,1,1,16,1.962,0.221,True,False,True,True,5,0.166,0.229,False,True,True,0.333,1.0,1.0,0.4,1.0,1.0,0.567
Generalization,m97,m97_GenLight_400,1,1,36,61,True,True,False,True,4,1,28,1.208,0.202,True,True,False,True,1,1.962,0.221,False,True,True,0.333,1.0,1.0,0.6,1.0,1.0,0.583
Generalization,m97,m97_GenLight_400,1,1,37,61,True,True,False,False,0,1,8,4.746,0.227,True,True,False,True,4,1.208,0.202,True,True,True,0.667,1.0,1.0,0.6,1.0,1.0,0.6
Generalization,m97,m97_GenLight_400,1,1,38,61,False,False,False,True,2,0,12,NaN,NaN,True,True,False,False,0,4.746,0.227,True,True,True,1.0,1.0,0.667,0.6,1.0,0.8,0.617
Generalization,m97,m97_GenLight_400,1,1,39,61,True,True,False,True,4,1,26,7.906,0.416,False,False,False,True,2,NaN,NaN,True,True,False,0.667,0.667,0.667,0.6,0.8,0.8,0.633
Generalization,m97,m97_GenLight_400,1,1,40,61,False,False,False,True,4,0,30,NaN,NaN,True,True,False,True,4,7.906,0.416,False,False,True,0.667,0.667,0.667,0.8,0.8,0.8,0.65
Generalization,m97,m97_GenLight_400,1,1,41,61,False,False,False,True,2,0,8,NaN,NaN,False,False,False,True,4,NaN,NaN,True,True,True,0.333,0.333,1.0,0.6,0.6,0.8,0.667
Generalization,m97,m97_GenLight_400,1,1,42,61,False,False,False,True,1,0,4,NaN,NaN,False,False,False,True,2,NaN,NaN,False,False,True,0.333,0.333,1.0,0.4,0.4,0.8,0.683
Generalization,m97,m97_GenLight_400,1,1,43,61,False,False,False,True,5,0,22,NaN,NaN,False,False,False,True,1,NaN,NaN,False,False,True,0.0,0.0,1.0,0.2,0.2,1.0,0.7
Generalization,m97,m97_GenLight_400,1,1,44,61,False,False,False,True,7,0,22,NaN,NaN,False,False,False,True,5,NaN,NaN,False,False,True,0.0,0.0,1.0,0.2,0.2,1.0,0.717
Generalization,m97,m97_GenLight_400,1,1,45,61,True,True,False,False,0,1,18,6.048,0.16,False,False,False,True,7,NaN,NaN,False,False,True,0.0,0.0,1.0,0.0,0.0,1.0,0.733
Generalization,m97,m97_GenLight_400,1,1,46,61,False,False,False,False,0,0,0,NaN,NaN,True,True,False,False,0,6.048,0.16,False,False,True,0.333,0.333,0.667,0.2,0.2,0.8,0.75
Generalization,m97,m97_GenLight_400,1,1,47,61,False,False,False,True,4,0,26,NaN,NaN,False,False,False,False,0,NaN,NaN,True,True,False,0.333,0.333,0.333,0.2,0.2,0.6,0.767
Generalization,m97,m97_GenLight_400,1,1,48,61,False,False,False,True,3,0,10,NaN,NaN,False,False,False,True,4,NaN,NaN,False,False,False,0.333,0.333,0.333,0.2,0.2,0.6,0.783
Generalization,m97,m97_GenLight_400,1,1,49,61,True,True,False,True,6,1,34,0.577,0.164,False,False,False,True,3,NaN,NaN,False,False,True,0.0,0.0,0.667,0.2,0.2,0.6,0.8
Generalization,m97,m97_GenLight_400,1,1,50,61,False,False,False,True,2,0,14,NaN,NaN,True,True,False,True,6,0.577,0.164,False,False,True,0.333,0.333,1.0,0.4,0.4,0.6,0.817
Generalization,m97,m97_GenLight_400,1,1,51,61,True,True,False,False,0,1,12,0.848,0.194,False,False,False,True,2,NaN,NaN,True,True,True,0.333,0.333,1.0,0.2,0.2,0.8,0.833
Generalization,m97,m97_GenLight_400,1,1,52,61,False,False,False,False,0,0,0,NaN,NaN,True,True,False,False,0,0.848,0.194,False,False,True,0.667,0.667,0.667,0.4,0.4,0.8,0.85
Generalization,m97,m97_GenLight_400,1,1,53,61,True,True,False,True,1,1,16,3.34,0.225,False,False,False,False,0,NaN,NaN,True,True,False,0.333,0.333,0.333,0.4,0.4,0.6,0.867
Generalization,m97,m97_GenLight_400,1,1,54,61,False,False,False,True,1,0,8,NaN,NaN,True,True,False,True,1,3.34,0.225,False,False,False,0.667,0.667,0.333,0.6,0.6,0.6,0.883
Generalization,m97,m97_GenLight_400,1,1,55,61,False,False,False,True,3,0,20,NaN,NaN,False,False,False,True,1,NaN,NaN,True,True,True,0.333,0.333,0.667,0.4,0.4,0.6,0.9
Generalization,m97,m97_GenLight_400,1,1,56,61,False,False,False,True,1,0,6,NaN,NaN,False,False,False,True,3,NaN,NaN,False,False,True,0.333,0.333,1.0,0.4,0.4,0.6,0.917
Generalization,m97,m97_GenLight_400,1,1,57,61,True,True,False,True,2,1,24,0.529,0.274,False,False,False,True,1,NaN,NaN,False,False,True,0.0,0.0,1.0,0.2,0.2,0.8,0.933
Generalization,m97,m97_GenLight_400,1,1,58,61,False,False,False,True,2,0,12,NaN,NaN,True,True,False,True,2,0.529,0.274,False,False,True,0.333,0.333,1.0,0.4,0.4,1.0,0.95
Generalization,m97,m97_GenLight_400,1,1,59,61,True,True,False,True,1,1,16,4.41,0.243,False,False,False,True,2,NaN,NaN,True,True,True,0.333,0.333,1.0,0.2,0.2,1.0,0.967
Generalization,m97,m97_GenLight_400,1,1,60,61,True,True,False,True,1,1,16,5.275,0.327,True,True,False,True,1,4.41,0.243,False,False,True,0.667,0.667,1.0,0.4,0.4,1.0,0.983
Generalization,m97,m97_GenLight_400,1,1,61,61,False,False,False,False,0,0,0,NaN,NaN,True,True,False,True,1,5.275,0.327,True,True,True,0.667,0.667,1.0,0.6,0.6,1.0,1.0
Generalization,m97,m97_GenLight_400,2,2,1,60,True,False,True,True,1,1,6,1.862,17.73,,,,,,NaN,NaN,,,,NaN,NaN,NaN,NaN,NaN,NaN,0.0
Generalization,m97,m97_GenLight_400,2,2,2,60,False,False,False,True,1,0,6,NaN,NaN,True,False,True,True,1,1.862,17.73,,,,0.0,1.0,1.0,0.0,1.0,1.0,0.017
Generalization,m97,m97_GenLight_400,2,2,3,60,True,False,True,True,10,1,24,0.725,28.331,False,False,False,True,1,NaN,NaN,False,True,True,0.0,0.5,1.0,0.0,0.5,1.0,0.034
Generalization,m97,m97_GenLight_400,2,2,4,60,True,True,False,True,5,1,26,6.661,0.249,True,False,True,True,10,0.725,28.331,False,False,True,0.0,0.667,1.0,0.0,0.667,1.0,0.051
Generalization,m97,m97_GenLight_400,2,2,5,60,True,True,False,True,7,1,54,0.287,0.226,True,True,False,True,5,6.661,0.249,False,True,True,0.333,0.667,1.0,0.25,0.75,1.0,0.068
Generalization,m97,m97_GenLight_400,2,2,6,60,False,False,False,True,6,0,38,NaN,NaN,True,True,False,True,7,0.287,0.226,True,True,True,0.667,1.0,1.0,0.4,0.8,1.0,0.085
Generalization,m97,m97_GenLight_400,2,2,7,60,True,True,False,True,9,1,58,4.881,0.205,False,False,False,True,6,NaN,NaN,True,True,True,0.667,0.667,1.0,0.4,0.6,1.0,0.102
Generalization,m97,m97_GenLight_400,2,2,8,60,True,True,False,True,3,1,26,1.952,0.209,True,True,False,True,9,4.881,0.205,False,False,True,0.667,0.667,1.0,0.6,0.8,1.0,0.119
Generalization,m97,m97_GenLight_400,2,2,9,60,True,True,False,True,2,1,10,1.649,0.198,True,True,False,True,3,1.952,0.209,True,True,True,0.667,0.667,1.0,0.8,0.8,1.0,0.136
Generalization,m97,m97_GenLight_400,2,2,10,60,False,False,False,True,6,0,28,NaN,NaN,True,True,False,True,2,1.649,0.198,True,True,True,1.0,1.0,1.0,0.8,0.8,1.0,0.153
Generalization,m97,m97_GenLight_400,2,2,11,60,True,True,False,True,17,1,88,3.602,0.169,False,False,False,True,6,NaN,NaN,True,True,True,0.667,0.667,1.0,0.6,0.6,1.0,0.169
Generalization,m97,m97_GenLight_400,2,2,12,60,False,False,False,True,4,0,16,NaN,NaN,True,True,False,True,17,3.602,0.169,False,False,True,0.667,0.667,1.0,0.8,0.8,1.0,0.186
Generalization,m97,m97_GenLight_400,2,2,13,60,True,True,False,True,4,1,48,2.905,0.134,False,False,False,True,4,NaN,NaN,True,True,True,0.333,0.333,1.0,0.6,0.6,1.0,0.203
Generalization,m97,m97_GenLight_400,2,2,14,60,False,False,False,True,16,0,62,NaN,NaN,True,True,False,True,4,2.905,0.134,False,False,True,0.667,0.667,1.0,0.6,0.6,1.0,0.22
Generalization,m97,m97_GenLight_400,2,2,15,60,True,True,False,True,13,1,68,0.689,0.174,False,False,False,True,16,NaN,NaN,True,True,True,0.333,0.333,1.0,0.4,0.4,1.0,0.237
Generalization,m97,m97_GenLight_400,2,2,16,60,True,True,False,True,2,1,20,2.463,0.147,True,True,False,True,13,0.689,0.174,False,False,True,0.667,0.667,1.0,0.6,0.6,1.0,0.254
Generalization,m97,m97_GenLight_400,2,2,17,60,True,True,False,True,4,1,20,5.068,0.151,True,True,False,True,2,2.463,0.147,True,True,True,0.667,0.667,1.0,0.6,0.6,1.0,0.271
Generalization,m97,m97_GenLight_400,2,2,18,60,False,False,False,True,6,0,20,NaN,NaN,True,True,False,True,4,5.068,0.151,True,True,True,1.0,1.0,1.0,0.8,0.8,1.0,0.288
Generalization,m97,m97_GenLight_400,2,2,19,60,True,True,False,True,12,1,46,6.039,0.208,False,False,False,True,6,NaN,NaN,True,True,True,0.667,0.667,1.0,0.6,0.6,1.0,0.305
Generalization,m97,m97_GenLight_400,2,2,20,60,True,True,False,True,4,1,38,0.541,0.291,True,True,False,True,12,6.039,0.208,False,False,True,0.667,0.667,1.0,0.8,0.8,1.0,0.322
Generalization,m97,m97_GenLight_400,2,2,21,60,True,True,False,True,2,1,20,3.286,0.2,True,True,False,True,4,0.541,0.291,True,True,True,0.667,0.667,1.0,0.8,0.8,1.0,0.339
Generalization,m97,m97_GenLight_400,2,2,22,60,False,False,False,True,4,0,18,NaN,NaN,True,True,False,True,2,3.286,0.2,True,True,True,1.0,1.0,1.0,0.8,0.8,1.0,0.356
Generalization,m97,m97_GenLight_400,2,2,23,60,True,True,False,True,3,1,28,4.294,0.223,False,False,False,True,4,NaN,NaN,True,True,True,0.667,0.667,1.0,0.6,0.6,1.0,0.373
Generalization,m97,m97_GenLight_400,2,2,24,60,False,False,False,False,0,0,0,NaN,NaN,True,True,False,True,3,4.294,0.223,False,False,True,0.667,0.667,1.0,0.8,0.8,1.0,0.39
Generalization,m97,m97_GenLight_400,2,2,25,60,False,False,False,True,2,0,6,NaN,NaN,False,False,False,False,0,NaN,NaN,True,True,True,0.333,0.333,0.667,0.6,0.6,0.8,0.407
Generalization,m97,m97_GenLight_400,2,2,26,60,True,True,False,True,1,1,18,1.053,0.169,False,False,False,True,2,NaN,NaN,False,False,False,0.333,0.333,0.667,0.4,0.4,0.8,0.424
Generalization,m97,m97_GenLight_400,2,2,27,60,True,True,False,True,1,1,14,6.355,0.1,True,True,False,True,1,1.053,0.169,False,False,True,0.333,0.333,0.667,0.4,0.4,0.8,0.441
Generalization,m97,m97_GenLight_400,2,2,28,60,True,True,False,True,3,1,30,1.765,0.156,True,True,False,True,1,6.355,0.1,True,True,True,0.667,0.667,1.0,0.6,0.6,0.8,0.458
Generalization,m97,m97_GenLight_400,2,2,29,60,True,True,False,True,2,1,14,4.229,0.149,True,True,False,True,3,1.765,0.156,True,True,True,1.0,1.0,1.0,0.6,0.6,0.8,0.475
Generalization,m97,m97_GenLight_400,2,2,30,60,False,False,False,True,2,0,8,NaN,NaN,True,True,False,True,2,4.229,0.149,True,True,True,1.0,1.0,1.0,0.8,0.8,1.0,0.492
Generalization,m97,m97_GenLight_400,2,2,31,60,True,True,False,True,1,1,14,6.928,0.236,False,False,False,True,2,NaN,NaN,True,True,True,0.667,0.667,1.0,0.8,0.8,1.0,0.508
Generalization,m97,m97_GenLight_400,2,2,32,60,True,True,False,True,7,1,48,3.057,0.158,True,True,False,True,1,6.928,0.236,False,False,True,0.667,0.667,1.0,0.8,0.8,1.0,0.525
Generalization,m97,m97_GenLight_400,2,2,33,60,True,True,False,True,7,1,36,5.334,0.28,True,True,False,True,7,3.057,0.158,True,True,True,0.667,0.667,1.0,0.8,0.8,1.0,0.542
Generalization,m97,m97_GenLight_400,2,2,34,60,True,True,False,True,7,1,32,0.544,0.191,True,True,False,True,7,5.334,0.28,True,True,True,1.0,1.0,1.0,0.8,0.8,1.0,0.559
Generalization,m97,m97_GenLight_400,2,2,35,60,True,True,False,False,0,1,8,2.547,0.449,True,True,False,True,7,0.544,0.191,True,True,True,1.0,1.0,1.0,0.8,0.8,1.0,0.576
Generalization,m97,m97_GenLight_400,2,2,36,60,True,True,False,True,4,1,32,6.572,0.124,True,True,False,False,0,2.547,0.449,True,True,True,1.0,1.0,0.667,1.0,1.0,0.8,0.593
Generalization,m97,m97_GenLight_400,2,2,37,60,True,True,False,True,3,1,18,1.517,0.234,True,True,False,True,4,6.572,0.124,True,True,False,1.0,1.0,0.667,1.0,1.0,0.8,0.61
Generalization,m97,m97_GenLight_400,2,2,38,60,True,True,False,True,9,1,46,2.423,0.227,True,True,False,True,3,1.517,0.234,True,True,True,1.0,1.0,0.667,1.0,1.0,0.8,0.627
Generalization,m97,m97_GenLight_400,2,2,39,60,True,True,False,True,3,1,30,0.552,0.174,True,True,False,True,9,2.423,0.227,True,True,True,1.0,1.0,1.0,1.0,1.0,0.8,0.644
Generalization,m97,m97_GenLight_400,2,2,40,60,True,True,False,True,1,1,14,4.871,0.132,True,True,False,True,3,0.552,0.174,True,True,True,1.0,1.0,1.0,1.0,1.0,0.8,0.661
Generalization,m97,m97_GenLight_400,2,2,41,60,False,False,False,False,0,0,0,NaN,NaN,True,True,False,True,1,4.871,0.132,True,True,True,1.0,1.0,1.0,1.0,1.0,1.0,0.678
Generalization,m97,m97_GenLight_400,2,2,42,60,True,True,False,True,1,1,18,4.416,0.079,False,False,False,False,0,NaN,NaN,True,True,True,0.667,0.667,0.667,0.8,0.8,0.8,0.695
Generalization,m97,m97_GenLight_400,2,2,43,60,True,True,False,True,2,1,19,4.703,0.12,True,True,False,True,1,4.416,0.079,False,False,False,0.667,0.667,0.667,0.8,0.8,0.8,0.712
Generalization,m97,m97_GenLight_400,2,2,44,60,True,False,True,True,7,1,18,2.489,0.226,True,True,False,True,2,4.703,0.12,True,True,True,0.667,0.667,0.667,0.8,0.8,0.8,0.729
Generalization,m97,m97_GenLight_400,2,2,45,60,True,True,False,True,7,1,48,0.609,0.167,True,False,True,True,7,2.489,0.226,True,True,True,0.667,1.0,1.0,0.6,0.8,0.8,0.746
Generalization,m97,m97_GenLight_400,2,2,46,60,True,True,False,True,1,1,20,6.501,0.313,True,True,False,True,7,0.609,0.167,False,True,True,0.667,1.0,1.0,0.6,0.8,0.8,0.763
Generalization,m97,m97_GenLight_400,2,2,47,60,True,True,False,False,0,1,8,5.023,0.114,True,True,False,True,1,6.501,0.313,True,True,True,0.667,1.0,1.0,0.8,1.0,1.0,0.78
Generalization,m97,m97_GenLight_400,2,2,48,60,True,True,False,True,3,1,22,3.616,0.19,True,True,False,False,0,5.023,0.114,True,True,True,1.0,1.0,0.667,0.8,1.0,0.8,0.797
Generalization,m97,m97_GenLight_400,2,2,49,60,False,False,False,True,1,0,8,NaN,NaN,True,True,False,True,3,3.616,0.19,True,True,False,1.0,1.0,0.667,0.8,1.0,0.8,0.814
Generalization,m97,m97_GenLight_400,2,2,50,60,True,True,False,True,2,1,18,1.402,0.288,False,False,False,True,1,NaN,NaN,True,True,True,0.667,0.667,0.667,0.8,0.8,0.8,0.831
Generalization,m97,m97_GenLight_400,2,2,51,60,False,False,False,True,2,0,6,NaN,NaN,True,True,False,True,2,1.402,0.288,False,False,True,0.667,0.667,1.0,0.8,0.8,0.8,0.847
Generalization,m97,m97_GenLight_400,2,2,52,60,False,False,False,True,4,0,18,NaN,NaN,False,False,False,True,2,NaN,NaN,True,True,True,0.333,0.333,1.0,0.6,0.6,0.8,0.864
Generalization,m97,m97_GenLight_400,2,2,53,60,False,False,False,True,1,0,12,NaN,NaN,False,False,False,True,4,NaN,NaN,False,False,True,0.333,0.333,1.0,0.4,0.4,1.0,0.881
Generalization,m97,m97_GenLight_400,2,2,54,60,True,True,False,True,2,1,12,3.482,0.219,False,False,False,True,1,NaN,NaN,False,False,True,0.0,0.0,1.0,0.2,0.2,1.0,0.898
Generalization,m97,m97_GenLight_400,2,2,55,60,True,True,False,True,2,1,24,0.455,0.171,True,True,False,True,2,3.482,0.219,False,False,True,0.333,0.333,1.0,0.4,0.4,1.0,0.915
Generalization,m97,m97_GenLight_400,2,2,56,60,False,False,False,True,2,0,12,NaN,NaN,True,True,False,True,2,0.455,0.171,True,True,True,0.667,0.667,1.0,0.4,0.4,1.0,0.932
Generalization,m97,m97_GenLight_400,2,2,57,60,True,False,True,False,0,1,10,5.376,0.092,False,False,False,True,2,NaN,NaN,True,True,True,0.667,0.667,1.0,0.4,0.4,1.0,0.949
Generalization,m97,m97_GenLight_400,2,2,58,60,False,False,False,True,1,0,8,NaN,NaN,True,False,True,False,0,5.376,0.092,False,False,True,0.333,0.667,0.667,0.4,0.6,0.8,0.966
Generalization,m97,m97_GenLight_400,2,2,59,60,False,False,False,True,5,0,10,NaN,NaN,False,False,False,True,1,NaN,NaN,False,True,False,0.0,0.333,0.667,0.4,0.6,0.8,0.983
Generalization,m97,m97_GenLight_400,2,2,60,60,False,False,False,False,0,0,0,NaN,NaN,False,False,False,True,5,NaN,NaN,False,False,True,0.0,0.333,0.667,0.2,0.4,0.8,1.0
Generalization,m97,m97_GenLight_400_2,3,3,1,61,True,True,False,True,2,1,18,4.795,0.294,,,,,,NaN,NaN,,,,NaN,NaN,NaN,NaN,NaN,NaN,0.0
Generalization,m97,m97_GenLight_400_2,3,3,2,61,True,True,False,True,2,2,18,4.345,0.186,True,True,False,True,2,4.795,0.294,,,,1.0,1.0,1.0,1.0,1.0,1.0,0.017
Generalization,m97,m97_GenLight_400_2,3,3,3,61,True,True,False,True,2,1,16,6.208,0.098,True,True,False,True,2,4.345,0.186,True,True,True,1.0,1.0,1.0,1.0,1.0,1.0,0.033
Generalization,m97,m97_GenLight_400_2,3,3,4,61,True,True,False,False,0,1,14,2.389,0.14,True,True,False,True,2,6.208,0.098,True,True,True,1.0,1.0,1.0,1.0,1.0,1.0,0.05
Generalization,m97,m97_GenLight_400_2,3,3,5,61,True,True,False,True,3,1,28,0.551,0.315,True,True,False,False,0,2.389,0.14,True,True,True,1.0,1.0,0.667,1.0,1.0,0.75,0.067
Generalization,m97,m97_GenLight_400_2,3,3,6,61,True,True,False,True,1,1,14,0.354,0.272,True,True,False,True,3,0.551,0.315,True,True,False,1.0,1.0,0.667,1.0,1.0,0.8,0.083
Generalization,m97,m97_GenLight_400_2,3,3,7,61,True,True,False,True,6,1,30,2.995,0.313,True,True,False,True,1,0.354,0.272,True,True,True,1.0,1.0,0.667,1.0,1.0,0.8,0.1
Generalization,m97,m97_GenLight_400_2,3,3,8,61,True,True,False,True,3,1,8,1.497,0.229,True,True,False,True,6,2.995,0.313,True,True,True,1.0,1.0,1.0,1.0,1.0,0.8,0.117
Generalization,m97,m97_GenLight_400_2,3,3,9,61,True,True,False,True,1,1,18,1.473,0.433,True,True,False,True,3,1.497,0.229,True,True,True,1.0,1.0,1.0,1.0,1.0,0.8,0.133
Generalization,m97,m97_GenLight_400_2,3,3,10,61,False,False,False,True,1,0,4,NaN,NaN,True,True,False,True,1,1.473,0.433,True,True,True,1.0,1.0,1.0,1.0,1.0,1.0,0.15
Generalization,m97,m97_GenLight_400_2,3,3,11,61,True,True,False,True,1,1,20,3.219,0.242,False,False,False,True,1,NaN,NaN,True,True,True,0.667,0.667,1.0,0.8,0.8,1.0,0.167
Generalization,m97,m97_GenLight_400_2,3,3,12,61,True,True,False,False,0,1,8,1.027,0.22,True,True,False,True,1,3.219,0.242,False,False,True,0.667,0.667,1.0,0.8,0.8,1.0,0.183
Generalization,m97,m97_GenLight_400_2,3,3,13,61,True,True,False,False,0,1,8,1.595,0.251,True,True,False,False,0,1.027,0.22,True,True,True,0.667,0.667,0.667,0.8,0.8,0.8,0.2
Generalization,m97,m97_GenLight_400_2,3,3,14,61,False,False,False,False,0,0,0,NaN,NaN,True,True,False,False,0,1.595,0.251,True,True,False,1.0,1.0,0.333,0.8,0.8,0.6,0.217
Generalization,m97,m97_GenLight_400_2,3,3,15,61,True,True,False,False,0,1,18,1.972,0.106,False,False,False,False,0,NaN,NaN,True,True,False,0.667,0.667,0.0,0.6,0.6,0.4,0.233
Generalization,m97,m97_GenLight_400_2,3,3,16,61,False,False,False,True,7,0,18,NaN,NaN,True,True,False,False,0,1.972,0.106,False,False,False,0.667,0.667,0.0,0.8,0.8,0.2,0.25
Generalization,m97,m97_GenLight_400_2,3,3,17,61,True,True,False,True,1,1,22,5.112,0.168,False,False,False,True,7,NaN,NaN,True,True,False,0.333,0.333,0.333,0.6,0.6,0.2,0.267
Generalization,m97,m97_GenLight_400_2,3,3,18,61,True,False,True,True,1,2,4,4.994,22.511,True,True,False,True,1,5.112,0.168,False,False,True,0.667,0.667,0.667,0.6,0.6,0.4,0.283
Generalization,m97,m97_GenLight_400_2,3,3,19,61,True,False,True,True,3,1,14,7.412,0.242,True,False,True,True,1,4.994,22.511,True,True,True,0.333,0.667,1.0,0.4,0.6,0.6,0.3
Generalization,m97,m97_GenLight_400_2,3,3,20,61,True,True,False,True,3,1,10,0.771,0.383,True,False,True,True,3,7.412,0.242,False,True,True,0.333,1.0,1.0,0.4,0.8,0.8,0.317
Generalization,m97,m97_GenLight_400_2,3,3,21,61,False,False,False,False,0,0,0,NaN,NaN,True,True,False,True,3,0.771,0.383,False,True,True,0.333,1.0,1.0,0.4,0.8,1.0,0.333
Generalization,m97,m97_GenLight_400_2,3,3,22,61,False,False,False,False,0,0,0,NaN,NaN,False,False,False,False,0,NaN,NaN,True,True,True,0.333,0.667,0.667,0.4,0.8,0.8,0.35
Generalization,m97,m97_GenLight_400_2,3,3,23,61,True,True,False,True,3,2,8,0.572,0.61,False,False,False,False,0,NaN,NaN,False,False,False,0.333,0.333,0.333,0.2,0.6,0.6,0.367
Generalization,m97,m97_GenLight_400_2,3,3,24,61,False,False,False,False,0,0,0,NaN,NaN,True,True,False,True,3,0.572,0.61,False,False,False,0.333,0.333,0.333,0.4,0.6,0.6,0.383
Generalization,m97,m97_GenLight_400_2,3,3,25,61,True,True,False,False,0,1,12,1.341,0.276,False,False,False,False,0,NaN,NaN,True,True,True,0.333,0.333,0.333,0.4,0.4,0.4,0.4
Generalization,m97,m97_GenLight_400_2,3,3,26,61,False,False,False,False,0,0,0,NaN,NaN,True,True,False,False,0,1.341,0.276,False,False,False,0.667,0.667,0.333,0.4,0.4,0.2,0.417
Generalization,m97,m97_GenLight_400_2,3,3,27,61,True,True,False,False,0,1,10,4.51,0.139,False,False,False,False,0,NaN,NaN,True,True,False,0.333,0.333,0.0,0.4,0.4,0.2,0.433
Generalization,m97,m97_GenLight_400_2,3,3,28,61,True,True,False,False,0,1,10,1.439,0.208,True,True,False,False,0,4.51,0.139,False,False,False,0.667,0.667,0.0,0.6,0.6,0.2,0.45
Generalization,m97,m97_GenLight_400_2,3,3,29,61,False,False,False,False,0,0,0,NaN,NaN,True,True,False,False,0,1.439,0.208,True,True,False,0.667,0.667,0.0,0.6,0.6,0.0,0.467
Generalization,m97,m97_GenLight_400_2,3,3,30,61,False,False,False,False,0,0,0,NaN,NaN,False,False,False,False,0,NaN,NaN,True,True,False,0.667,0.667,0.0,0.6,0.6,0.0,0.483
Generalization,m97,m97_GenLight_400_2,3,3,31,61,False,False,False,False,0,0,0,NaN,NaN,False,False,False,False,0,NaN,NaN,False,False,False,0.333,0.333,0.0,0.4,0.4,0.0,0.5
Generalization,m97,m97_GenLight_400_2,3,3,32,61,False,False,False,False,0,0,0,NaN,NaN,False,False,False,False,0,NaN,NaN,False,False,False,0.0,0.0,0.0,0.4,0.4,0.0,0.517
Generalization,m97,m97_GenLight_400_2,3,3,33,61,True,True,False,False,0,1,6,5.54,0.355,False,False,False,False,0,NaN,NaN,False,False,False,0.0,0.0,0.0,0.2,0.2,0.0,0.533
Generalization,m97,m97_GenLight_400_2,3,3,34,61,False,False,False,False,0,0,0,NaN,NaN,True,True,False,False,0,5.54,0.355,False,False,False,0.333,0.333,0.0,0.2,0.2,0.0,0.55
Generalization,m97,m97_GenLight_400_2,3,3,35,61,False,False,False,False,0,0,0,NaN,NaN,False,False,False,False,0,NaN,NaN,True,True,False,0.333,0.333,0.0,0.2,0.2,0.0,0.567
Generalization,m97,m97_GenLight_400_2,3,3,36,61,False,False,False,False,0,0,0,NaN,NaN,False,False,False,False,0,NaN,NaN,False,False,False,0.333,0.333,0.0,0.2,0.2,0.0,0.583
Generalization,m97,m97_GenLight_400_2,3,3,37,61,False,False,False,False,0,0,0,NaN,NaN,False,False,False,False,0,NaN,NaN,False,False,False,0.0,0.0,0.0,0.2,0.2,0.0,0.6
Generalization,m97,m97_GenLight_400_2,3,3,38,61,False,False,False,False,0,0,0,NaN,NaN,False,False,False,False,0,NaN,NaN,False,False,False,0.0,0.0,0.0,0.2,0.2,0.0,0.617
Generalization,m97,m97_GenLight_400_2,3,3,39,61,False,False,False,False,0,0,0,NaN,NaN,False,False,False,False,0,NaN,NaN,False,False,False,0.0,0.0,0.0,0.0,0.0,0.0,0.633
Generalization,m97,m97_GenLight_400_2,3,3,40,61,True,True,False,False,0,1,4,0.632,0.667,False,False,False,False,0,NaN,NaN,False,False,False,0.0,0.0,0.0,0.0,0.0,0.0,0.65
Generalization,m97,m97_GenLight_400_2,3,3,41,61,False,False,False,False,0,0,0,NaN,NaN,True,True,False,False,0,0.632,0.667,False,False,False,0.333,0.333,0.0,0.2,0.2,0.0,0.667
Generalization,m97,m97_GenLight_400_2,3,3,42,61,False,False,False,False,0,0,0,NaN,NaN,False,False,False,False,0,NaN,NaN,True,True,False,0.333,0.333,0.0,0.2,0.2,0.0,0.683
Generalization,m97,m97_GenLight_400_2,3,3,43,61,False,False,False,False,0,0,0,NaN,NaN,False,False,False,False,0,NaN,NaN,False,False,False,0.333,0.333,0.0,0.2,0.2,0.0,0.7
Generalization,m97,m97_GenLight_400_2,3,3,44,61,False,False,False,False,0,0,0,NaN,NaN,False,False,False,False,0,NaN,NaN,False,False,False,0.0,0.0,0.0,0.2,0.2,0.0,0.717
Generalization,m97,m97_GenLight_400_2,3,3,45,61,False,False,False,False,0,0,0,NaN,NaN,False,False,False,False,0,NaN,NaN,False,False,False,0.0,0.0,0.0,0.2,0.2,0.0,0.733
Generalization,m97,m97_GenLight_400_2,3,3,46,61,False,False,False,False,0,0,0,NaN,NaN,False,False,False,False,0,NaN,NaN,False,False,False,0.0,0.0,0.0,0.0,0.0,0.0,0.75
Generalization,m97,m97_GenLight_400_2,3,3,47,61,False,False,False,False,0,0,0,NaN,NaN,False,False,False,False,0,NaN,NaN,False,False,False,0.0,0.0,0.0,0.0,0.0,0.0,0.767
Generalization,m97,m97_GenLight_400_2,3,3,48,61,False,False,False,False,0,0,0,NaN,NaN,False,False,False,False,0,NaN,NaN,False,False,False,0.0,0.0,0.0,0.0,0.0,0.0,0.783
Generalization,m97,m97_GenLight_400_2,3,3,49,61,True,False,True,True,1,1,0,4.568,NaN,False,False,False,False,0,NaN,NaN,False,False,False,0.0,0.0,0.0,0.0,0.0,0.0,0.8
Generalization,m97,m97_GenLight_400_2,3,3,50,61,False,False,False,False,0,0,0,NaN,NaN,True,False,True,True,1,4.568,NaN,False,False,False,0.0,0.333,0.333,0.0,0.2,0.2,0.817
Generalization,m97,m97_GenLight_400_2,3,3,51,61,False,False,False,False,0,0,0,NaN,NaN,False,False,False,False,0,NaN,NaN,False,True,True,0.0,0.333,0.333,0.0,0.2,0.2,0.833
Generalization,m97,m97_GenLight_400_2,3,3,52,61,False,False,False,True,1,0,0,NaN,NaN,False,False,False,False,0,NaN,NaN,False,False,False,0.0,0.333,0.333,0.0,0.2,0.2,0.85
Generalization,m97,m97_GenLight_400_2,3,3,53,61,False,False,False,True,1,0,0,NaN,NaN,False,False,False,True,1,NaN,NaN,False,False,False,0.0,0.0,0.333,0.0,0.2,0.4,0.867
Generalization,m97,m97_GenLight_400_2,3,3,54,61,False,False,False,False,0,0,0,NaN,NaN,False,False,False,True,1,NaN,NaN,False,False,True,0.0,0.0,0.667,0.0,0.2,0.6,0.883
Generalization,m97,m97_GenLight_400_2,3,3,55,61,False,False,False,True,1,0,0,NaN,NaN,False,False,False,False,0,NaN,NaN,False,False,True,0.0,0.0,0.667,0.0,0.0,0.4,0.9
Generalization,m97,m97_GenLight_400_2,3,3,56,61,False,False,False,False,0,0,0,NaN,NaN,False,False,False,True,1,NaN,NaN,False,False,False,0.0,0.0,0.667,0.0,0.0,0.6,0.917
Generalization,m97,m97_GenLight_400_2,3,3,57,61,True,True,False,True,3,1,4,0.587,0.642,False,False,False,False,0,NaN,NaN,False,False,True,0.0,0.0,0.333,0.0,0.0,0.6,0.933
Generalization,m97,m97_GenLight_400_2,3,3,58,61,False,False,False,False,0,0,0,NaN,NaN,True,True,False,True,3,0.587,0.642,False,False,False,0.333,0.333,0.667,0.2,0.2,0.6,0.95
Generalization,m97,m97_GenLight_400_2,3,3,59,61,False,False,False,False,0,0,0,NaN,NaN,False,False,False,False,0,NaN,NaN,True,True,True,0.333,0.333,0.333,0.2,0.2,0.4,0.967
Generalization,m97,m97_GenLight_400_2,3,3,60,61,False,False,False,True,1,0,0,NaN,NaN,False,False,False,False,0,NaN,NaN,False,False,False,0.333,0.333,0.333,0.2,0.2,0.4,0.983
Generalization,m97,m97_GenLight_400_2,3,3,61,61,False,False,False,False,0,0,0,NaN,NaN,False,False,False,True,1,NaN,NaN,False,False,False,0.0,0.0,0.333,0.2,0.2,0.4,1.0
Generalization,m97,m97_GenLight_400_2,4,4,1,61,False,False,False,False,0,0,0,NaN,NaN,,,,,,NaN,NaN,,,,NaN,NaN,NaN,NaN,NaN,NaN,0.0
Generalization,m97,m97_GenLight_400_2,4,4,2,61,False,False,False,False,0,0,0,NaN,NaN,False,False,False,False,0,NaN,NaN,,,,0.0,0.0,0.0,0.0,0.0,0.0,0.017
Generalization,m97,m97_GenLight_400_2,4,4,3,61,False,False,False,False,0,0,0,NaN,NaN,False,False,False,False,0,NaN,NaN,False,False,False,0.0,0.0,0.0,0.0,0.0,0.0,0.033
Generalization,m97,m97_GenLight_400_2,4,4,4,61,False,False,False,True,1,0,2,NaN,NaN,False,False,False,False,0,NaN,NaN,False,False,False,0.0,0.0,0.0,0.0,0.0,0.0,0.05
Generalization,m97,m97_GenLight_400_2,4,4,5,61,False,False,False,False,0,0,0,NaN,NaN,False,False,False,True,1,NaN,NaN,False,False,False,0.0,0.0,0.333,0.0,0.0,0.25,0.067
Generalization,m97,m97_GenLight_400_2,4,4,6,61,True,True,False,True,7,1,32,6.781,0.196,False,False,False,False,0,NaN,NaN,False,False,True,0.0,0.0,0.333,0.0,0.0,0.2,0.083
Generalization,m97,m97_GenLight_400_2,4,4,7,61,True,True,False,True,2,1,38,3.5,0.233,True,True,False,True,7,6.781,0.196,False,False,False,0.333,0.333,0.667,0.2,0.2,0.4,0.1
Generalization,m97,m97_GenLight_400_2,4,4,8,61,False,False,False,True,2,0,8,NaN,NaN,True,True,False,True,2,3.5,0.233,True,True,True,0.667,0.667,0.667,0.4,0.4,0.6,0.117
Generalization,m97,m97_GenLight_400_2,4,4,9,61,True,True,False,True,7,1,32,1.213,0.196,False,False,False,True,2,NaN,NaN,True,True,True,0.667,0.667,1.0,0.4,0.4,0.8,0.133
Generalization,m97,m97_GenLight_400_2,4,4,10,61,True,True,False,True,3,1,20,2.89,0.131,True,True,False,True,7,1.213,0.196,False,False,True,0.667,0.667,1.0,0.6,0.6,0.8,0.15
Generalization,m97,m97_GenLight_400_2,4,4,11,61,True,True,False,True,2,1,24,2.537,0.129,True,True,False,True,3,2.89,0.131,True,True,True,0.667,0.667,1.0,0.8,0.8,1.0,0.167
Generalization,m97,m97_GenLight_400_2,4,4,12,61,True,True,False,False,0,1,10,4.938,0.226,True,True,False,True,2,2.537,0.129,True,True,True,1.0,1.0,1.0,0.8,0.8,1.0,0.183
Generalization,m97,m97_GenLight_400_2,4,4,13,61,True,True,False,True,2,1,24,4.737,0.077,True,True,False,False,0,4.938,0.226,True,True,True,1.0,1.0,0.667,0.8,0.8,0.8,0.2
Generalization,m97,m97_GenLight_400_2,4,4,14,61,True,True,False,True,2,1,14,4.482,0.09,True,True,False,True,2,4.737,0.077,True,True,False,1.0,1.0,0.667,1.0,1.0,0.8,0.217
Generalization,m97,m97_GenLight_400_2,4,4,15,61,True,True,False,True,1,1,18,3.724,0.17,True,True,False,True,2,4.482,0.09,True,True,True,1.0,1.0,0.667,1.0,1.0,0.8,0.233
Generalization,m97,m97_GenLight_400_2,4,4,16,61,True,False,True,True,2,1,16,0.646,0.175,True,True,False,True,1,3.724,0.17,True,True,True,1.0,1.0,1.0,1.0,1.0,0.8,0.25
Generalization,m97,m97_GenLight_400_2,4,4,17,61,True,False,True,True,2,1,20,0.397,0.169,True,False,True,True,2,0.646,0.175,True,True,True,0.667,1.0,1.0,0.8,1.0,0.8,0.267
Generalization,m97,m97_GenLight_400_2,4,4,18,61,True,True,False,True,1,1,14,2.04,0.189,True,False,True,True,2,0.397,0.169,False,True,True,0.333,1.0,1.0,0.6,1.0,1.0,0.283
Generalization,m97,m97_GenLight_400_2,4,4,19,61,True,True,False,False,0,1,8,2.111,0.326,True,True,False,True,1,2.04,0.189,False,True,True,0.333,1.0,1.0,0.6,1.0,1.0,0.3
Generalization,m97,m97_GenLight_400_2,4,4,20,61,True,True,False,True,2,1,24,0.616,0.071,True,True,False,False,0,2.111,0.326,True,True,True,0.667,1.0,0.667,0.6,1.0,0.8,0.317
Generalization,m97,m97_GenLight_400_2,4,4,21,61,True,True,False,False,0,1,10,4.417,0.188,True,True,False,True,2,0.616,0.071,True,True,False,1.0,1.0,0.667,0.6,1.0,0.8,0.333
Generalization,m97,m97_GenLight_400_2,4,4,22,61,False,False,False,False,0,0,0,NaN,NaN,True,True,False,False,0,4.417,0.188,True,True,True,1.0,1.0,0.333,0.8,1.0,0.6,0.35
Generalization,m97,m97_GenLight_400_2,4,4,23,61,True,False,True,True,1,1,8,6.649,22.535,False,False,False,False,0,NaN,NaN,True,True,False,0.667,0.667,0.333,0.8,0.8,0.4,0.367
Generalization,m97,m97_GenLight_400_2,4,4,24,61,True,True,False,True,2,1,14,0.503,0.205,True,False,True,True,1,6.649,22.535,False,False,False,0.333,0.667,0.333,0.6,0.8,0.4,0.383
Generalization,m97,m97_GenLight_400_2,4,4,25,61,True,True,False,True,3,1,22,1.895,0.154,True,True,False,True,2,0.503,0.205,False,True,True,0.333,0.667,0.667,0.6,0.8,0.6,0.4
Generalization,m97,m97_GenLight_400_2,4,4,26,61,True,True,False,False,0,1,8,0.436,0.249,True,True,False,True,3,1.895,0.154,True,True,True,0.667,1.0,1.0,0.6,0.8,0.6,0.417
Generalization,m97,m97_GenLight_400_2,4,4,27,61,False,False,False,True,1,0,6,NaN,NaN,True,True,False,False,0,0.436,0.249,True,True,True,1.0,1.0,0.667,0.6,0.8,0.6,0.433
Generalization,m97,m97_GenLight_400_2,4,4,28,61,False,False,False,True,2,0,10,NaN,NaN,False,False,False,True,1,NaN,NaN,True,True,False,0.667,0.667,0.667,0.6,0.8,0.8,0.45
Generalization,m97,m97_GenLight_400_2,4,4,29,61,True,True,False,False,0,1,14,1.135,0.215,False,False,False,True,2,NaN,NaN,False,False,True,0.333,0.333,0.667,0.6,0.6,0.8,0.467
Generalization,m97,m97_GenLight_400_2,4,4,30,61,True,True,False,False,0,1,10,0.051,0.173,True,True,False,False,0,1.135,0.215,False,False,True,0.333,0.333,0.667,0.6,0.6,0.6,0.483
Generalization,m97,m97_GenLight_400_2,4,4,31,61,False,False,False,True,1,0,8,NaN,NaN,True,True,False,False,0,0.051,0.173,True,True,False,0.667,0.667,0.333,0.6,0.6,0.4,0.5
Generalization,m97,m97_GenLight_400_2,4,4,32,61,True,True,False,True,2,1,16,3.018,0.076,False,False,False,True,1,NaN,NaN,True,True,False,0.667,0.667,0.333,0.4,0.4,0.6,0.517
Generalization,m97,m97_GenLight_400_2,4,4,33,61,True,True,False,True,2,1,18,6.086,0.227,True,True,False,True,2,3.018,0.076,False,False,True,0.667,0.667,0.667,0.6,0.6,0.6,0.533
Generalization,m97,m97_GenLight_400_2,4,4,34,61,True,False,True,True,2,1,16,2.53,0.09,True,True,False,True,2,6.086,0.227,True,True,True,0.667,0.667,1.0,0.8,0.8,0.6,0.55
Generalization,m97,m97_GenLight_400_2,4,4,35,61,True,True,False,True,1,1,16,0.375,0.224,True,False,True,True,2,2.53,0.09,True,True,True,0.667,1.0,1.0,0.6,0.8,0.8,0.567
Generalization,m97,m97_GenLight_400_2,4,4,36,61,False,False,False,True,1,0,2,NaN,NaN,True,True,False,True,1,0.375,0.224,False,True,True,0.667,1.0,1.0,0.6,0.8,1.0,0.583
Generalization,m97,m97_GenLight_400_2,4,4,37,61,True,True,False,False,0,1,4,1.205,0.296,False,False,False,True,1,NaN,NaN,True,True,True,0.333,0.667,1.0,0.6,0.8,1.0,0.6
Generalization,m97,m97_GenLight_400_2,4,4,38,61,False,False,False,True,3,0,16,NaN,NaN,True,True,False,False,0,1.205,0.296,False,False,True,0.667,0.667,0.667,0.6,0.8,0.8,0.617
Generalization,m97,m97_GenLight_400_2,4,4,39,61,True,True,False,False,0,1,8,2.941,0.153,False,False,False,True,3,NaN,NaN,True,True,False,0.333,0.333,0.667,0.4,0.6,0.8,0.633
Generalization,m97,m97_GenLight_400_2,4,4,40,61,False,False,False,False,0,0,0,NaN,NaN,True,True,False,False,0,2.941,0.153,False,False,True,0.667,0.667,0.333,0.6,0.6,0.6,0.65
Generalization,m97,m97_GenLight_400_2,4,4,41,61,True,True,False,True,1,1,10,0.44,0.317,False,False,False,False,0,NaN,NaN,True,True,False,0.333,0.333,0.333,0.4,0.4,0.4,0.667
Generalization,m97,m97_GenLight_400_2,4,4,42,61,True,True,False,False,0,1,10,0.441,0.133,True,True,False,True,1,0.44,0.317,False,False,False,0.667,0.667,0.333,0.6,0.6,0.4,0.683
Generalization,m97,m97_GenLight_400_2,4,4,43,61,True,True,False,True,1,1,16,6.706,0.278,True,True,False,False,0,0.441,0.133,True,True,True,0.667,0.667,0.333,0.6,0.6,0.4,0.7
Generalization,m97,m97_GenLight_400_2,4,4,44,61,True,True,False,True,2,1,22,0.355,0.206,True,True,False,True,1,6.706,0.278,True,True,False,1.0,1.0,0.667,0.8,0.8,0.4,0.717
Generalization,m97,m97_GenLight_400_2,4,4,45,61,True,True,False,False,0,1,12,0.448,0.587,True,True,False,True,2,0.355,0.206,True,True,True,1.0,1.0,0.667,0.8,0.8,0.6,0.733
Generalization,m97,m97_GenLight_400_2,4,4,46,61,True,True,False,True,1,1,14,0.539,0.095,True,True,False,False,0,0.448,0.587,True,True,True,1.0,1.0,0.667,1.0,1.0,0.6,0.75
Generalization,m97,m97_GenLight_400_2,4,4,47,61,True,True,False,True,1,1,14,0.466,0.448,True,True,False,True,1,0.539,0.095,True,True,False,1.0,1.0,0.667,1.0,1.0,0.6,0.767
Generalization,m97,m97_GenLight_400_2,4,4,48,61,True,False,True,True,4,1,6,0.449,0.407,True,True,False,True,1,0.466,0.448,True,True,True,1.0,1.0,0.667,1.0,1.0,0.8,0.783
Generalization,m97,m97_GenLight_400_2,4,4,49,61,True,True,False,False,0,1,18,0.413,0.307,True,False,True,True,4,0.449,0.407,True,True,True,0.667,1.0,1.0,0.8,1.0,0.8,0.8
Generalization,m97,m97_GenLight_400_2,4,4,50,61,False,True,False,True,6,0,26,NaN,NaN,True,True,False,False,0,0.413,0.307,False,True,True,0.667,1.0,0.667,0.8,1.0,0.6,0.817
Generalization,m97,m97_GenLight_400_2,4,4,51,61,True,True,False,False,0,1,16,0.512,0.403,False,True,False,True,6,NaN,NaN,True,True,False,0.667,0.667,0.667,0.8,0.8,0.8,0.833
Generalization,m97,m97_GenLight_400_2,4,4,52,61,False,False,False,True,1,0,0,NaN,NaN,True,True,False,False,0,0.512,0.403,True,False,True,1.0,0.667,0.333,0.8,0.8,0.6,0.85
Generalization,m97,m97_GenLight_400_2,4,4,53,61,True,True,False,False,0,1,12,0.386,0.486,False,False,False,True,1,NaN,NaN,True,True,False,0.667,0.333,0.667,0.6,0.6,0.6,0.867
Generalization,m97,m97_GenLight_400_2,4,4,54,61,True,True,False,False,0,1,8,5.139,0.062,True,True,False,False,0,0.386,0.486,False,False,True,0.667,0.667,0.333,0.8,0.6,0.4,0.883
Generalization,m97,m97_GenLight_400_2,4,4,55,61,False,False,False,False,0,0,0,NaN,NaN,True,True,False,False,0,5.139,0.062,True,True,False,0.667,0.667,0.333,0.8,0.6,0.4,0.9
Generalization,m97,m97_GenLight_400_2,4,4,56,61,True,True,False,False,0,1,10,0.55,0.491,False,False,False,False,0,NaN,NaN,True,True,False,0.667,0.667,0.0,0.6,0.6,0.2,0.917
Generalization,m97,m97_GenLight_400_2,4,4,57,61,True,False,True,False,0,1,10,0.607,0.142,True,True,False,False,0,0.55,0.491,False,False,False,0.667,0.667,0.0,0.6,0.6,0.2,0.933
Generalization,m97,m97_GenLight_400_2,4,4,58,61,False,False,False,False,0,0,0,NaN,NaN,True,False,True,False,0,0.607,0.142,True,True,False,0.333,0.667,0.0,0.6,0.8,0.0,0.95
Generalization,m97,m97_GenLight_400_2,4,4,59,61,True,True,False,False,0,1,6,7.01,0.301,False,False,False,False,0,NaN,NaN,False,True,False,0.333,0.667,0.0,0.4,0.6,0.0,0.967
Generalization,m97,m97_GenLight_400_2,4,4,60,61,True,True,False,False,0,1,10,1.134,0.22,True,True,False,False,0,7.01,0.301,False,False,False,0.333,0.667,0.0,0.4,0.6,0.0,0.983
Generalization,m97,m97_GenLight_400_2,4,4,61,61,False,False,False,True,1,0,0,NaN,NaN,True,True,False,False,0,1.134,0.22,True,True,False,0.667,0.667,0.0,0.6,0.8,0.0,1.0
Generalization,m98,m98_GenLight_400,1,1,1,61,True,True,False,False,0,1,10,1.445,0.411,,,,,,NaN,NaN,,,,NaN,NaN,NaN,NaN,NaN,NaN,0.0
Generalization,m98,m98_GenLight_400,1,1,2,61,True,True,False,True,5,1,34,5.259,0.349,True,True,False,False,0,1.445,0.411,,,,1.0,1.0,0.0,1.0,1.0,0.0,0.017
Generalization,m98,m98_GenLight_400,1,1,3,61,True,True,False,True,4,1,44,7.023,0.057,True,True,False,True,5,5.259,0.349,True,True,False,1.0,1.0,0.5,1.0,1.0,0.5,0.033
Generalization,m98,m98_GenLight_400,1,1,4,61,False,False,False,True,4,0,40,NaN,NaN,True,True,False,True,4,7.023,0.057,True,True,True,1.0,1.0,0.667,1.0,1.0,0.667,0.05
Generalization,m98,m98_GenLight_400,1,1,5,61,True,True,False,True,3,1,18,2.955,0.198,False,False,False,True,4,NaN,NaN,True,True,True,0.667,0.667,1.0,0.75,0.75,0.75,0.067
Generalization,m98,m98_GenLight_400,1,1,6,61,True,True,False,True,12,1,66,3.962,0.156,True,True,False,True,3,2.955,0.198,False,False,True,0.667,0.667,1.0,0.8,0.8,0.8,0.083
Generalization,m98,m98_GenLight_400,1,1,7,61,False,False,False,True,4,0,38,NaN,NaN,True,True,False,True,12,3.962,0.156,True,True,True,0.667,0.667,1.0,0.8,0.8,1.0,0.1
Generalization,m98,m98_GenLight_400,1,1,8,61,True,True,False,True,13,1,88,5.313,0.348,False,False,False,True,4,NaN,NaN,True,True,True,0.667,0.667,1.0,0.6,0.6,1.0,0.117
Generalization,m98,m98_GenLight_400,1,1,9,61,False,False,False,True,3,0,20,NaN,NaN,True,True,False,True,13,5.313,0.348,False,False,True,0.667,0.667,1.0,0.6,0.6,1.0,0.133
Generalization,m98,m98_GenLight_400,1,1,10,61,False,False,False,True,6,0,28,NaN,NaN,False,False,False,True,3,NaN,NaN,True,True,True,0.333,0.333,1.0,0.6,0.6,1.0,0.15
Generalization,m98,m98_GenLight_400,1,1,11,61,True,True,False,True,3,2,40,7.242,0.245,False,False,False,True,6,NaN,NaN,False,False,True,0.333,0.333,1.0,0.4,0.4,1.0,0.167
Generalization,m98,m98_GenLight_400,1,1,12,61,False,False,False,True,3,0,20,NaN,NaN,True,True,False,True,3,7.242,0.245,False,False,True,0.333,0.333,1.0,0.4,0.4,1.0,0.183
Generalization,m98,m98_GenLight_400,1,1,13,61,True,True,False,True,6,1,48,2.246,0.177,False,False,False,True,3,NaN,NaN,True,True,True,0.333,0.333,1.0,0.4,0.4,1.0,0.2
Generalization,m98,m98_GenLight_400,1,1,14,61,True,True,False,True,8,1,62,5.702,0.175,True,True,False,True,6,2.246,0.177,False,False,True,0.667,0.667,1.0,0.4,0.4,1.0,0.217
Generalization,m98,m98_GenLight_400,1,1,15,61,False,False,False,True,13,0,68,NaN,NaN,True,True,False,True,8,5.702,0.175,True,True,True,0.667,0.667,1.0,0.6,0.6,1.0,0.233
Generalization,m98,m98_GenLight_400,1,1,16,61,True,True,False,True,4,1,38,2.322,0.252,False,False,False,True,13,NaN,NaN,True,True,True,0.667,0.667,1.0,0.6,0.6,1.0,0.25
Generalization,m98,m98_GenLight_400,1,1,17,61,True,True,False,True,1,1,34,2.792,0.232,True,True,False,True,4,2.322,0.252,False,False,True,0.667,0.667,1.0,0.6,0.6,1.0,0.267
Generalization,m98,m98_GenLight_400,1,1,18,61,True,True,False,False,0,1,16,1.556,0.167,True,True,False,True,1,2.792,0.232,True,True,True,0.667,0.667,1.0,0.8,0.8,1.0,0.283
Generalization,m98,m98_GenLight_400,1,1,19,61,False,False,False,False,0,0,0,NaN,NaN,True,True,False,False,0,1.556,0.167,True,True,True,1.0,1.0,0.667,0.8,0.8,0.8,0.3
Generalization,m98,m98_GenLight_400,1,1,20,61,False,False,False,True,5,0,26,NaN,NaN,False,False,False,False,0,NaN,NaN,True,True,False,0.667,0.667,0.333,0.6,0.6,0.6,0.317
Generalization,m98,m98_GenLight_400,1,1,21,61,True,True,False,True,6,1,64,1.285,0.131,False,False,False,True,5,NaN,NaN,False,False,False,0.333,0.333,0.333,0.6,0.6,0.6,0.333
Generalization,m98,m98_GenLight_400,1,1,22,61,True,True,False,True,6,1,50,5.344,0.163,True,True,False,True,6,1.285,0.131,False,False,True,0.333,0.333,0.667,0.6,0.6,0.6,0.35
Generalization,m98,m98_GenLight_400,1,1,23,61,True,False,True,True,4,1,26,5.293,0.277,True,True,False,True,6,5.344,0.163,True,True,True,0.667,0.667,1.0,0.6,0.6,0.6,0.367
Generalization,m98,m98_GenLight_400,1,1,24,61,False,False,False,True,24,0,66,NaN,NaN,True,False,True,True,4,5.293,0.277,True,True,True,0.667,1.0,1.0,0.4,0.6,0.8,0.383
Generalization,m98,m98_GenLight_400,1,1,25,61,False,False,False,True,3,0,6,NaN,NaN,False,False,False,True,24,NaN,NaN,False,True,True,0.333,0.667,1.0,0.4,0.6,1.0,0.4
Generalization,m98,m98_GenLight_400,1,1,26,61,False,False,False,True,1,0,2,NaN,NaN,False,False,False,True,3,NaN,NaN,False,False,True,0.0,0.333,1.0,0.4,0.6,1.0,0.417
Generalization,m98,m98_GenLight_400,1,1,27,61,False,False,False,False,0,0,0,NaN,NaN,False,False,False,True,1,NaN,NaN,False,False,True,0.0,0.0,1.0,0.2,0.4,1.0,0.433
Generalization,m98,m98_GenLight_400,1,1,28,61,False,False,False,False,0,0,0,NaN,NaN,False,False,False,False,0,NaN,NaN,False,False,True,0.0,0.0,0.667,0.0,0.2,0.8,0.45
Generalization,m98,m98_GenLight_400,1,1,29,61,False,False,False,True,1,0,8,NaN,NaN,False,False,False,False,0,NaN,NaN,False,False,False,0.0,0.0,0.333,0.0,0.0,0.6,0.467
Generalization,m98,m98_GenLight_400,1,1,30,61,True,True,False,True,1,1,6,2.751,0.173,False,False,False,True,1,NaN,NaN,False,False,False,0.0,0.0,0.333,0.0,0.0,0.6,0.483
Generalization,m98,m98_GenLight_400,1,1,31,61,False,False,False,True,3,0,18,NaN,NaN,True,True,False,True,1,2.751,0.173,False,False,True,0.333,0.333,0.667,0.2,0.2,0.6,0.5
Generalization,m98,m98_GenLight_400,1,1,32,61,True,True,False,False,0,1,8,3.878,0.312,False,False,False,True,3,NaN,NaN,True,True,True,0.333,0.333,1.0,0.2,0.2,0.6,0.517
Generalization,m98,m98_GenLight_400,1,1,33,61,True,True,False,False,0,1,12,6.757,0.204,True,True,False,False,0,3.878,0.312,False,False,True,0.667,0.667,0.667,0.4,0.4,0.6,0.533
Generalization,m98,m98_GenLight_400,1,1,34,61,True,True,False,True,3,1,30,1.998,0.163,True,True,False,False,0,6.757,0.204,True,True,False,0.667,0.667,0.333,0.6,0.6,0.6,0.55
Generalization,m98,m98_GenLight_400,1,1,35,61,True,True,False,True,7,1,46,3.412,0.172,True,True,False,True,3,1.998,0.163,True,True,False,1.0,1.0,0.333,0.8,0.8,0.6,0.567
Generalization,m98,m98_GenLight_400,1,1,36,61,True,True,False,True,3,1,36,2.014,0.138,True,True,False,True,7,3.412,0.172,True,True,True,1.0,1.0,0.667,0.8,0.8,0.6,0.583
Generalization,m98,m98_GenLight_400,1,1,37,61,True,True,False,True,1,1,26,6.294,0.272,True,True,False,True,3,2.014,0.138,True,True,True,1.0,1.0,1.0,1.0,1.0,0.6,0.6
Generalization,m98,m98_GenLight_400,1,1,38,61,True,True,False,True,6,1,40,5.625,0.521,True,True,False,True,1,6.294,0.272,True,True,True,1.0,1.0,1.0,1.0,1.0,0.8,0.617
Generalization,m98,m98_GenLight_400,1,1,39,61,True,True,False,True,5,1,38,2.212,0.31,True,True,False,True,6,5.625,0.521,True,True,True,1.0,1.0,1.0,1.0,1.0,1.0,0.633
Generalization,m98,m98_GenLight_400,1,1,40,61,False,False,False,True,2,0,20,NaN,NaN,True,True,False,True,5,2.212,0.31,True,True,True,1.0,1.0,1.0,1.0,1.0,1.0,0.65
Generalization,m98,m98_GenLight_400,1,1,41,61,True,True,False,True,4,1,48,5.877,0.45,False,False,False,True,2,NaN,NaN,True,True,True,0.667,0.667,1.0,0.8,0.8,1.0,0.667
Generalization,m98,m98_GenLight_400,1,1,42,61,False,False,False,True,5,0,24,NaN,NaN,True,True,False,True,4,5.877,0.45,False,False,True,0.667,0.667,1.0,0.8,0.8,1.0,0.683
Generalization,m98,m98_GenLight_400,1,1,43,61,True,True,False,True,1,1,24,6.49,0.344,False,False,False,True,5,NaN,NaN,True,True,True,0.333,0.333,1.0,0.6,0.6,1.0,0.7
Generalization,m98,m98_GenLight_400,1,1,44,61,True,True,False,True,3,1,44,2.787,0.162,True,True,False,True,1,6.49,0.344,False,False,True,0.667,0.667,1.0,0.6,0.6,1.0,0.717
Generalization,m98,m98_GenLight_400,1,1,45,61,False,False,False,True,4,0,28,NaN,NaN,True,True,False,True,3,2.787,0.162,True,True,True,0.667,0.667,1.0,0.6,0.6,1.0,0.733
Generalization,m98,m98_GenLight_400,1,1,46,61,False,False,False,True,3,0,6,NaN,NaN,False,False,False,True,4,NaN,NaN,True,True,True,0.667,0.667,1.0,0.6,0.6,1.0,0.75
Generalization,m98,m98_GenLight_400,1,1,47,61,True,True,False,True,1,1,10,1.685,0.151,False,False,False,True,3,NaN,NaN,False,False,True,0.333,0.333,1.0,0.4,0.4,1.0,0.767
Generalization,m98,m98_GenLight_400,1,1,48,61,False,False,False,True,1,0,10,NaN,NaN,True,True,False,True,1,1.685,0.151,False,False,True,0.333,0.333,1.0,0.6,0.6,1.0,0.783
Generalization,m98,m98_GenLight_400,1,1,49,61,True,True,False,True,1,1,28,6.824,0.197,False,False,False,True,1,NaN,NaN,True,True,True,0.333,0.333,1.0,0.4,0.4,1.0,0.8
Generalization,m98,m98_GenLight_400,1,1,50,61,True,True,False,True,2,1,24,5.654,0.18,True,True,False,True,1,6.824,0.197,False,False,True,0.667,0.667,1.0,0.4,0.4,1.0,0.817
Generalization,m98,m98_GenLight_400,1,1,51,61,True,True,False,True,4,1,18,1.111,0.263,True,True,False,True,2,5.654,0.18,True,True,True,0.667,0.667,1.0,0.6,0.6,1.0,0.833
Generalization,m98,m98_GenLight_400,1,1,52,61,False,False,False,False,0,0,0,NaN,NaN,True,True,False,True,4,1.111,0.263,True,True,True,1.0,1.0,1.0,0.8,0.8,1.0,0.85
Generalization,m98,m98_GenLight_400,1,1,53,61,False,False,False,True,1,0,4,NaN,NaN,False,False,False,False,0,NaN,NaN,True,True,True,0.667,0.667,0.667,0.6,0.6,0.8,0.867
Generalization,m98,m98_GenLight_400,1,1,54,61,False,False,False,True,3,0,6,NaN,NaN,False,False,False,True,1,NaN,NaN,False,False,False,0.333,0.333,0.667,0.6,0.6,0.8,0.883
Generalization,m98,m98_GenLight_400,1,1,55,61,True,True,False,False,0,1,8,5.915,0.168,False,False,False,True,3,NaN,NaN,False,False,True,0.0,0.0,0.667,0.4,0.4,0.8,0.9
Generalization,m98,m98_GenLight_400,1,1,56,61,False,False,False,True,2,0,4,NaN,NaN,True,True,False,False,0,5.915,0.168,False,False,True,0.333,0.333,0.667,0.4,0.4,0.6,0.917
Generalization,m98,m98_GenLight_400,1,1,57,61,True,False,True,True,1,1,12,5.288,0.225,False,False,False,True,2,NaN,NaN,True,True,False,0.333,0.333,0.667,0.2,0.2,0.6,0.933
Generalization,m98,m98_GenLight_400,1,1,58,61,True,False,True,True,7,1,16,3.44,0.107,True,False,True,True,1,5.288,0.225,False,False,True,0.333,0.667,0.667,0.2,0.4,0.8,0.95
Generalization,m98,m98_GenLight_400,1,1,59,61,True,False,True,True,1,2,2,0.687,24.022,True,False,True,True,7,3.44,0.107,False,True,True,0.0,0.667,1.0,0.2,0.6,0.8,0.967
Generalization,m98,m98_GenLight_400,1,1,60,61,False,False,False,False,0,0,0,NaN,NaN,True,False,True,True,1,0.687,24.022,False,True,True,0.0,1.0,1.0,0.2,0.8,0.8,0.983
Generalization,m98,m98_GenLight_400,1,1,61,61,False,False,False,False,0,0,0,NaN,NaN,False,False,False,False,0,NaN,NaN,False,True,True,0.0,0.667,0.667,0.0,0.6,0.8,1.0
Generalization,m98,m98_GenLight_400_2,2,2,1,61,False,False,False,True,1,0,6,NaN,NaN,,,,,,NaN,NaN,,,,NaN,NaN,NaN,NaN,NaN,NaN,0.0
Generalization,m98,m98_GenLight_400_2,2,2,2,61,True,True,False,True,1,1,8,2.438,0.232,False,False,False,True,1,NaN,NaN,,,,0.0,0.0,1.0,0.0,0.0,1.0,0.017
Generalization,m98,m98_GenLight_400_2,2,2,3,61,False,False,False,False,0,0,0,NaN,NaN,True,True,False,True,1,2.438,0.232,False,False,True,0.5,0.5,1.0,0.5,0.5,1.0,0.033
Generalization,m98,m98_GenLight_400_2,2,2,4,61,True,True,False,True,4,1,16,0.456,0.374,False,False,False,False,0,NaN,NaN,True,True,True,0.333,0.333,0.667,0.333,0.333,0.667,0.05
Generalization,m98,m98_GenLight_400_2,2,2,5,61,True,True,False,True,2,1,24,1.398,0.465,True,True,False,True,4,0.456,0.374,False,False,False,0.667,0.667,0.667,0.5,0.5,0.75,0.067
Generalization,m98,m98_GenLight_400_2,2,2,6,61,True,True,False,True,1,1,22,0.982,0.199,True,True,False,True,2,1.398,0.465,True,True,True,0.667,0.667,0.667,0.6,0.6,0.8,0.083
Generalization,m98,m98_GenLight_400_2,2,2,7,61,True,True,False,True,4,1,34,5.553,0.171,True,True,False,True,1,0.982,0.199,True,True,True,1.0,1.0,1.0,0.8,0.8,0.8,0.1
Generalization,m98,m98_GenLight_400_2,2,2,8,61,False,False,False,True,3,0,16,NaN,NaN,True,True,False,True,4,5.553,0.171,True,True,True,1.0,1.0,1.0,0.8,0.8,0.8,0.117
Generalization,m98,m98_GenLight_400_2,2,2,9,61,True,True,False,True,2,1,16,5.397,0.21,False,False,False,True,3,NaN,NaN,True,True,True,0.667,0.667,1.0,0.8,0.8,1.0,0.133
Generalization,m98,m98_GenLight_400_2,2,2,10,61,False,False,False,True,9,0,28,NaN,NaN,True,True,False,True,2,5.397,0.21,False,False,True,0.667,0.667,1.0,0.8,0.8,1.0,0.15
Generalization,m98,m98_GenLight_400_2,2,2,11,61,True,True,False,True,1,2,12,2.153,0.262,False,False,False,True,9,NaN,NaN,True,True,True,0.333,0.333,1.0,0.6,0.6,1.0,0.167
Generalization,m98,m98_GenLight_400_2,2,2,12,61,True,True,False,True,2,1,18,5.582,0.129,True,True,False,True,1,2.153,0.262,False,False,True,0.667,0.667,1.0,0.6,0.6,1.0,0.183
Generalization,m98,m98_GenLight_400_2,2,2,13,61,False,False,False,False,0,0,0,NaN,NaN,True,True,False,True,2,5.582,0.129,True,True,True,0.667,0.667,1.0,0.6,0.6,1.0,0.2
Generalization,m98,m98_GenLight_400_2,2,2,14,61,True,True,False,True,4,1,36,3.977,0.353,False,False,False,False,0,NaN,NaN,True,True,True,0.667,0.667,0.667,0.6,0.6,0.8,0.217
Generalization,m98,m98_GenLight_400_2,2,2,15,61,True,False,True,True,2,1,14,4.719,0.08,True,True,False,True,4,3.977,0.353,False,False,False,0.667,0.667,0.667,0.6,0.6,0.8,0.233
Generalization,m98,m98_GenLight_400_2,2,2,16,61,True,True,False,True,3,1,34,6.789,0.142,True,False,True,True,2,4.719,0.08,True,True,True,0.333,0.667,0.667,0.6,0.8,0.8,0.25
Generalization,m98,m98_GenLight_400_2,2,2,17,61,True,True,False,True,4,1,38,6.16,0.109,True,True,False,True,3,6.789,0.142,False,True,True,0.667,1.0,1.0,0.6,0.8,0.8,0.267
Generalization,m98,m98_GenLight_400_2,2,2,18,61,False,False,False,True,1,0,10,NaN,NaN,True,True,False,True,4,6.16,0.109,True,True,True,0.667,1.0,1.0,0.6,0.8,0.8,0.283
Generalization,m98,m98_GenLight_400_2,2,2,19,61,False,False,False,False,0,0,0,NaN,NaN,False,False,False,True,1,NaN,NaN,True,True,True,0.667,0.667,1.0,0.6,0.8,1.0,0.3
Generalization,m98,m98_GenLight_400_2,2,2,20,61,False,False,False,True,2,0,8,NaN,NaN,False,False,False,False,0,NaN,NaN,False,False,True,0.333,0.333,0.667,0.4,0.6,0.8,0.317
Generalization,m98,m98_GenLight_400_2,2,2,21,61,True,True,False,True,1,1,25,0.684,0.305,False,False,False,True,2,NaN,NaN,False,False,False,0.0,0.0,0.667,0.4,0.4,0.8,0.333
Generalization,m98,m98_GenLight_400_2,2,2,22,61,True,True,False,True,1,1,8,2.642,0.115,True,True,False,True,1,0.684,0.305,False,False,True,0.333,0.333,0.667,0.4,0.4,0.8,0.35
Generalization,m98,m98_GenLight_400_2,2,2,23,61,False,False,False,False,0,0,0,NaN,NaN,True,True,False,True,1,2.642,0.115,True,True,True,0.667,0.667,1.0,0.4,0.4,0.8,0.367
Generalization,m98,m98_GenLight_400_2,2,2,24,61,False,False,False,False,0,0,0,NaN,NaN,False,False,False,False,0,NaN,NaN,True,True,True,0.667,0.667,0.667,0.4,0.4,0.6,0.383
Generalization,m98,m98_GenLight_400_2,2,2,25,61,True,True,False,True,7,1,54,3.609,0.15,False,False,False,False,0,NaN,NaN,False,False,False,0.333,0.333,0.333,0.4,0.4,0.6,0.4
Generalization,m98,m98_GenLight_400_2,2,2,26,61,True,True,False,True,2,1,26,3.964,0.439,True,True,False,True,7,3.609,0.15,False,False,False,0.333,0.333,0.333,0.6,0.6,0.6,0.417
Generalization,m98,m98_GenLight_400_2,2,2,27,61,False,False,False,False,0,0,0,NaN,NaN,True,True,False,True,2,3.964,0.439,True,True,True,0.667,0.667,0.667,0.6,0.6,0.6,0.433
Generalization,m98,m98_GenLight_400_2,2,2,28,61,False,False,False,False,0,0,0,NaN,NaN,False,False,False,False,0,NaN,NaN,True,True,True,0.667,0.667,0.667,0.4,0.4,0.4,0.45
Generalization,m98,m98_GenLight_400_2,2,2,29,61,True,True,False,True,4,1,18,0.735,0.486,False,False,False,False,0,NaN,NaN,False,False,False,0.333,0.333,0.333,0.4,0.4,0.4,0.467
Generalization,m98,m98_GenLight_400_2,2,2,30,61,True,True,False,True,2,1,28,3.721,0.209,True,True,False,True,4,0.735,0.486,False,False,False,0.333,0.333,0.333,0.6,0.6,0.6,0.483
Generalization,m98,m98_GenLight_400_2,2,2,31,61,False,False,False,True,1,0,10,NaN,NaN,True,True,False,True,2,3.721,0.209,True,True,True,0.667,0.667,0.667,0.6,0.6,0.6,0.5
Generalization,m98,m98_GenLight_400_2,2,2,32,61,False,False,False,True,1,0,6,NaN,NaN,False,False,False,True,1,NaN,NaN,True,True,True,0.667,0.667,1.0,0.4,0.4,0.6,0.517
Generalization,m98,m98_GenLight_400_2,2,2,33,61,True,True,False,True,2,1,18,0.341,0.467,False,False,False,True,1,NaN,NaN,False,False,True,0.333,0.333,1.0,0.4,0.4,0.8,0.533
Generalization,m98,m98_GenLight_400_2,2,2,34,61,True,False,True,False,0,1,0,0.644,NaN,True,True,False,True,2,0.341,0.467,False,False,True,0.333,0.333,1.0,0.6,0.6,1.0,0.55
Generalization,m98,m98_GenLight_400_2,2,2,35,61,False,False,False,False,0,0,0,NaN,NaN,True,False,True,False,0,0.644,NaN,True,True,True,0.333,0.667,0.667,0.4,0.6,0.8,0.567
Generalization,m98,m98_GenLight_400_2,2,2,36,61,False,False,False,True,3,0,8,NaN,NaN,False,False,False,False,0,NaN,NaN,False,True,False,0.333,0.667,0.333,0.2,0.4,0.6,0.583
Generalization,m98,m98_GenLight_400_2,2,2,37,61,False,False,False,True,3,0,0,NaN,NaN,False,False,False,True,3,NaN,NaN,False,False,False,0.0,0.333,0.333,0.2,0.4,0.6,0.6
Generalization,m98,m98_GenLight_400_2,2,2,38,61,True,True,False,False,0,2,16,3.826,0.302,False,False,False,True,3,NaN,NaN,False,False,True,0.0,0.0,0.667,0.2,0.4,0.6,0.617
Generalization,m98,m98_GenLight_400_2,2,2,39,61,True,True,False,True,1,1,14,3.315,0.373,True,True,False,False,0,3.826,0.302,False,False,True,0.333,0.333,0.667,0.2,0.4,0.4,0.633
Generalization,m98,m98_GenLight_400_2,2,2,40,61,True,True,False,True,3,1,18,6.526,0.245,True,True,False,True,1,3.315,0.373,True,True,False,0.667,0.667,0.667,0.4,0.4,0.6,0.65
Generalization,m98,m98_GenLight_400_2,2,2,41,61,False,False,False,True,7,0,22,NaN,NaN,True,True,False,True,3,6.526,0.245,True,True,True,1.0,1.0,0.667,0.6,0.6,0.8,0.667
Generalization,m98,m98_GenLight_400_2,2,2,42,61,True,True,False,True,2,1,12,4.473,0.499,False,False,False,True,7,NaN,NaN,True,True,True,0.667,0.667,1.0,0.6,0.6,0.8,0.683
Generalization,m98,m98_GenLight_400_2,2,2,43,61,False,False,False,True,2,0,4,NaN,NaN,True,True,False,True,2,4.473,0.499,False,False,True,0.667,0.667,1.0,0.8,0.8,0.8,0.7
Generalization,m98,m98_GenLight_400_2,2,2,44,61,True,True,False,True,1,1,18,0.528,0.268,False,False,False,True,2,NaN,NaN,True,True,True,0.333,0.333,1.0,0.6,0.6,1.0,0.717
Generalization,m98,m98_GenLight_400_2,2,2,45,61,False,False,False,True,3,0,6,NaN,NaN,True,True,False,True,1,0.528,0.268,False,False,True,0.667,0.667,1.0,0.6,0.6,1.0,0.733
Generalization,m98,m98_GenLight_400_2,2,2,46,61,False,False,False,True,2,0,10,NaN,NaN,False,False,False,True,3,NaN,NaN,True,True,True,0.333,0.333,1.0,0.4,0.4,1.0,0.75
Generalization,m98,m98_GenLight_400_2,2,2,47,61,True,True,False,True,1,1,8,2.427,0.19,False,False,False,True,2,NaN,NaN,False,False,True,0.333,0.333,1.0,0.4,0.4,1.0,0.767
Generalization,m98,m98_GenLight_400_2,2,2,48,61,True,True,False,False,0,1,8,1.331,0.476,True,True,False,True,1,2.427,0.19,False,False,True,0.333,0.333,1.0,0.4,0.4,1.0,0.783
Generalization,m98,m98_GenLight_400_2,2,2,49,61,False,False,False,True,4,0,2,NaN,NaN,True,True,False,False,0,1.331,0.476,True,True,True,0.667,0.667,0.667,0.6,0.6,0.8,0.8
Generalization,m98,m98_GenLight_400_2,2,2,50,61,False,False,False,False,0,0,0,NaN,NaN,False,False,False,True,4,NaN,NaN,True,True,False,0.667,0.667,0.667,0.4,0.4,0.8,0.817
Generalization,m98,m98_GenLight_400_2,2,2,51,61,True,True,False,True,5,1,12,1.518,0.231,False,False,False,False,0,NaN,NaN,False,False,True,0.333,0.333,0.333,0.4,0.4,0.6,0.833
Generalization,m98,m98_GenLight_400_2,2,2,52,61,True,True,False,False,0,1,12,4.788,0.144,True,True,False,True,5,1.518,0.231,False,False,False,0.333,0.333,0.667,0.6,0.6,0.6,0.85
Generalization,m98,m98_GenLight_400_2,2,2,53,61,False,False,False,False,0,0,0,NaN,NaN,True,True,False,False,0,4.788,0.144,True,True,True,0.667,0.667,0.333,0.6,0.6,0.4,0.867
Generalization,m98,m98_GenLight_400_2,2,2,54,61,True,False,True,False,0,1,0,2.921,NaN,False,False,False,False,0,NaN,NaN,True,True,False,0.667,0.667,0.333,0.4,0.4,0.4,0.883
Generalization,m98,m98_GenLight_400_2,2,2,55,61,False,False,False,True,1,0,8,NaN,NaN,True,False,True,False,0,2.921,NaN,False,False,False,0.333,0.667,0.0,0.4,0.6,0.2,0.9
Generalization,m98,m98_GenLight_400_2,2,2,56,61,True,True,False,True,1,1,8,0.978,0.142,False,False,False,True,1,NaN,NaN,False,True,False,0.0,0.333,0.333,0.4,0.6,0.4,0.917
Generalization,m98,m98_GenLight_400_2,2,2,57,61,False,False,False,False,0,0,0,NaN,NaN,True,True,False,True,1,0.978,0.142,False,False,True,0.333,0.667,0.667,0.4,0.6,0.4,0.933
Generalization,m98,m98_GenLight_400_2,2,2,58,61,False,False,False,True,2,0,6,NaN,NaN,False,False,False,False,0,NaN,NaN,True,True,True,0.333,0.333,0.667,0.2,0.4,0.4,0.95
Generalization,m98,m98_GenLight_400_2,2,2,59,61,True,False,True,False,0,1,0,3.598,NaN,False,False,False,True,2,NaN,NaN,False,False,False,0.333,0.333,0.667,0.2,0.4,0.6,0.967
Generalization,m98,m98_GenLight_400_2,2,2,60,61,False,False,False,False,0,0,0,NaN,NaN,True,False,True,False,0,3.598,NaN,False,False,True,0.0,0.333,0.333,0.2,0.4,0.6,0.983
Generalization,m98,m98_GenLight_400_2,2,2,61,61,False,False,False,False,0,0,0,NaN,NaN,False,False,False,False,0,NaN,NaN,False,True,False,0.0,0.333,0.333,0.2,0.4,0.4,1.0
Generalization,m98,m98_GenLight_400_2,3,3,1,61,True,True,False,True,5,1,26,7.303,0.118,,,,,,NaN,NaN,,,,NaN,NaN,NaN,NaN,NaN,NaN,0.0
Generalization,m98,m98_GenLight_400_2,3,3,2,61,True,True,False,True,7,1,20,4.285,0.136,True,True,False,True,5,7.303,0.118,,,,1.0,1.0,1.0,1.0,1.0,1.0,0.017
Generalization,m98,m98_GenLight_400_2,3,3,3,61,True,True,False,True,2,1,8,6.976,0.08,True,True,False,True,7,4.285,0.136,True,True,True,1.0,1.0,1.0,1.0,1.0,1.0,0.033
Generalization,m98,m98_GenLight_400_2,3,3,4,61,True,True,False,True,10,1,56,5.499,0.188,True,True,False,True,2,6.976,0.08,True,True,True,1.0,1.0,1.0,1.0,1.0,1.0,0.05
Generalization,m98,m98_GenLight_400_2,3,3,5,61,True,True,False,True,4,1,26,4.96,0.185,True,True,False,True,10,5.499,0.188,True,True,True,1.0,1.0,1.0,1.0,1.0,1.0,0.067
Generalization,m98,m98_GenLight_400_2,3,3,6,61,True,True,False,True,3,1,16,5.224,0.146,True,True,False,True,4,4.96,0.185,True,True,True,1.0,1.0,1.0,1.0,1.0,1.0,0.083
Generalization,m98,m98_GenLight_400_2,3,3,7,61,True,True,False,True,7,1,24,1.654,0.232,True,True,False,True,3,5.224,0.146,True,True,True,1.0,1.0,1.0,1.0,1.0,1.0,0.1
Generalization,m98,m98_GenLight_400_2,3,3,8,61,True,True,False,True,5,1,34,0.425,0.18,True,True,False,True,7,1.654,0.232,True,True,True,1.0,1.0,1.0,1.0,1.0,1.0,0.117
Generalization,m98,m98_GenLight_400_2,3,3,9,61,True,True,False,True,1,1,18,2.119,0.198,True,True,False,True,5,0.425,0.18,True,True,True,1.0,1.0,1.0,1.0,1.0,1.0,0.133
Generalization,m98,m98_GenLight_400_2,3,3,10,61,True,False,True,True,6,1,24,1.571,0.28,True,True,False,True,1,2.119,0.198,True,True,True,1.0,1.0,1.0,1.0,1.0,1.0,0.15
Generalization,m98,m98_GenLight_400_2,3,3,11,61,True,True,False,True,8,1,50,1.776,0.258,True,False,True,True,6,1.571,0.28,True,True,True,0.667,1.0,1.0,0.8,1.0,1.0,0.167
Generalization,m98,m98_GenLight_400_2,3,3,12,61,True,True,False,True,10,1,36,1.158,0.208,True,True,False,True,8,1.776,0.258,False,True,True,0.667,1.0,1.0,0.8,1.0,1.0,0.183
Generalization,m98,m98_GenLight_400_2,3,3,13,61,True,True,False,True,1,1,6,1.609,0.1,True,True,False,True,10,1.158,0.208,True,True,True,0.667,1.0,1.0,0.8,1.0,1.0,0.2
Generalization,m98,m98_GenLight_400_2,3,3,14,61,False,False,False,True,3,0,16,NaN,NaN,True,True,False,True,1,1.609,0.1,True,True,True,1.0,1.0,1.0,0.8,1.0,1.0,0.217
Generalization,m98,m98_GenLight_400_2,3,3,15,61,True,True,False,True,4,1,22,2.457,0.128,False,False,False,True,3,NaN,NaN,True,True,True,0.667,0.667,1.0,0.6,0.8,1.0,0.233
Generalization,m98,m98_GenLight_400_2,3,3,16,61,True,True,False,False,0,1,12,3.242,0.22,True,True,False,True,4,2.457,0.128,False,False,True,0.667,0.667,1.0,0.8,0.8,1.0,0.25
Generalization,m98,m98_GenLight_400_2,3,3,17,61,False,False,False,True,1,0,10,NaN,NaN,True,True,False,False,0,3.242,0.22,True,True,True,0.667,0.667,0.667,0.8,0.8,0.8,0.267
Generalization,m98,m98_GenLight_400_2,3,3,18,61,False,False,False,True,4,0,20,NaN,NaN,False,False,False,True,1,NaN,NaN,True,True,False,0.667,0.667,0.667,0.6,0.6,0.8,0.283
Generalization,m98,m98_GenLight_400_2,3,3,19,61,True,True,False,True,6,1,26,4.913,0.106,False,False,False,True,4,NaN,NaN,False,False,True,0.333,0.333,0.667,0.4,0.4,0.8,0.3
Generalization,m98,m98_GenLight_400_2,3,3,20,61,False,False,False,True,2,0,8,NaN,NaN,True,True,False,True,6,4.913,0.106,False,False,True,0.333,0.333,1.0,0.6,0.6,0.8,0.317
Generalization,m98,m98_GenLight_400_2,3,3,21,61,False,False,False,True,4,0,12,NaN,NaN,False,False,False,True,2,NaN,NaN,True,True,True,0.333,0.333,1.0,0.4,0.4,0.8,0.333
Generalization,m98,m98_GenLight_400_2,3,3,22,61,True,True,False,True,2,1,38,6.47,0.155,False,False,False,True,4,NaN,NaN,False,False,True,0.333,0.333,1.0,0.2,0.2,1.0,0.35
Generalization,m98,m98_GenLight_400_2,3,3,23,61,False,False,False,True,5,0,26,NaN,NaN,True,True,False,True,2,6.47,0.155,False,False,True,0.333,0.333,1.0,0.4,0.4,1.0,0.367
Generalization,m98,m98_GenLight_400_2,3,3,24,61,True,True,False,True,4,1,34,0.496,0.315,False,False,False,True,5,NaN,NaN,True,True,True,0.333,0.333,1.0,0.4,0.4,1.0,0.383
Generalization,m98,m98_GenLight_400_2,3,3,25,61,True,True,False,False,0,1,16,3.228,0.287,True,True,False,True,4,0.496,0.315,False,False,True,0.667,0.667,1.0,0.4,0.4,1.0,0.4
Generalization,m98,m98_GenLight_400_2,3,3,26,61,False,False,False,True,10,0,42,NaN,NaN,True,True,False,False,0,3.228,0.287,True,True,True,0.667,0.667,0.667,0.6,0.6,0.8,0.417
Generalization,m98,m98_GenLight_400_2,3,3,27,61,True,True,False,True,3,1,24,0.13,0.141,False,False,False,True,10,NaN,NaN,True,True,False,0.667,0.667,0.667,0.6,0.6,0.8,0.433
Generalization,m98,m98_GenLight_400_2,3,3,28,61,False,False,False,True,5,0,28,NaN,NaN,True,True,False,True,3,0.13,0.141,False,False,True,0.667,0.667,0.667,0.6,0.6,0.8,0.45
Generalization,m98,m98_GenLight_400_2,3,3,29,61,True,True,False,True,7,1,32,0.031,0.153,False,False,False,True,5,NaN,NaN,True,True,True,0.333,0.333,1.0,0.6,0.6,0.8,0.467
Generalization,m98,m98_GenLight_400_2,3,3,30,61,False,False,False,False,0,0,0,NaN,NaN,True,True,False,True,7,0.031,0.153,False,False,True,0.667,0.667,1.0,0.6,0.6,0.8,0.483
Generalization,m98,m98_GenLight_400_2,3,3,31,61,False,False,False,True,1,0,2,NaN,NaN,False,False,False,False,0,NaN,NaN,True,True,True,0.333,0.333,0.667,0.4,0.4,0.8,0.5
Generalization,m98,m98_GenLight_400_2,3,3,32,61,True,True,False,True,5,1,32,2.839,0.154,False,False,False,True,1,NaN,NaN,False,False,False,0.333,0.333,0.667,0.4,0.4,0.8,0.517
Generalization,m98,m98_GenLight_400_2,3,3,33,61,True,True,False,True,4,1,20,2.732,0.172,True,True,False,True,5,2.839,0.154,False,False,True,0.333,0.333,0.667,0.4,0.4,0.8,0.533
Generalization,m98,m98_GenLight_400_2,3,3,34,61,True,True,False,True,7,1,46,0.378,0.319,True,True,False,True,4,2.732,0.172,True,True,True,0.667,0.667,1.0,0.6,0.6,0.8,0.55
Generalization,m98,m98_GenLight_400_2,3,3,35,61,False,False,False,True,4,0,8,NaN,NaN,True,True,False,True,7,0.378,0.319,True,True,True,1.0,1.0,1.0,0.6,0.6,0.8,0.567
Generalization,m98,m98_GenLight_400_2,3,3,36,61,True,True,False,True,7,1,20,2.299,0.16,False,False,False,True,4,NaN,NaN,True,True,True,0.667,0.667,1.0,0.6,0.6,1.0,0.583
Generalization,m98,m98_GenLight_400_2,3,3,37,61,True,True,False,True,4,1,28,0.796,0.129,True,True,False,True,7,2.299,0.16,False,False,True,0.667,0.667,1.0,0.8,0.8,1.0,0.6
Generalization,m98,m98_GenLight_400_2,3,3,38,61,True,True,False,True,10,1,60,0.213,0.15,True,True,False,True,4,0.796,0.129,True,True,True,0.667,0.667,1.0,0.8,0.8,1.0,0.617
Generalization,m98,m98_GenLight_400_2,3,3,39,61,True,False,True,True,1,1,4,6.345,0.117,True,True,False,True,10,0.213,0.15,True,True,True,1.0,1.0,1.0,0.8,0.8,1.0,0.633
Generalization,m98,m98_GenLight_400_2,3,3,40,61,False,False,False,False,0,0,0,NaN,NaN,True,False,True,True,1,6.345,0.117,True,True,True,0.667,1.0,1.0,0.6,0.8,1.0,0.65
Generalization,m98,m98_GenLight_400_2,3,3,41,61,False,False,False,False,0,0,0,NaN,NaN,False,False,False,False,0,NaN,NaN,False,True,True,0.333,0.667,0.667,0.6,0.8,0.8,0.667
Generalization,m98,m98_GenLight_400_2,3,3,42,61,False,False,False,False,0,0,0,NaN,NaN,False,False,False,False,0,NaN,NaN,False,False,False,0.0,0.333,0.333,0.4,0.6,0.6,0.683
Generalization,m98,m98_GenLight_400_2,3,3,43,61,True,True,False,False,0,1,16,2.501,0.261,False,False,False,False,0,NaN,NaN,False,False,False,0.0,0.0,0.0,0.2,0.4,0.4,0.7
Generalization,m98,m98_GenLight_400_2,3,3,44,61,True,True,False,True,2,1,20,7.904,0.162,True,True,False,False,0,2.501,0.261,False,False,False,0.333,0.333,0.0,0.2,0.4,0.2,0.717
Generalization,m98,m98_GenLight_400_2,3,3,45,61,True,True,False,True,6,1,22,3.79,0.278,True,True,False,True,2,7.904,0.162,True,True,False,0.667,0.667,0.333,0.4,0.4,0.2,0.733
Generalization,m98,m98_GenLight_400_2,3,3,46,61,True,True,False,True,7,1,38,7.53,0.148,True,True,False,True,6,3.79,0.278,True,True,True,1.0,1.0,0.667,0.6,0.6,0.4,0.75
Generalization,m98,m98_GenLight_400_2,3,3,47,61,False,False,False,True,4,0,8,NaN,NaN,True,True,False,True,7,7.53,0.148,True,True,True,1.0,1.0,1.0,0.8,0.8,0.6,0.767
Generalization,m98,m98_GenLight_400_2,3,3,48,61,True,True,False,False,0,1,8,1.591,0.18,False,False,False,True,4,NaN,NaN,True,True,True,0.667,0.667,1.0,0.8,0.8,0.8,0.783
Generalization,m98,m98_GenLight_400_2,3,3,49,61,True,True,False,True,3,1,18,0.666,0.175,True,True,False,False,0,1.591,0.18,False,False,True,0.667,0.667,0.667,0.8,0.8,0.8,0.8
Generalization,m98,m98_GenLight_400_2,3,3,50,61,False,False,False,False,0,0,0,NaN,NaN,True,True,False,True,3,0.666,0.175,True,True,False,0.667,0.667,0.667,0.8,0.8,0.8,0.817
Generalization,m98,m98_GenLight_400_2,3,3,51,61,True,True,False,True,5,1,28,1.788,0.124,False,False,False,False,0,NaN,NaN,True,True,True,0.667,0.667,0.333,0.6,0.6,0.6,0.833
Generalization,m98,m98_GenLight_400_2,3,3,52,61,True,True,False,True,8,1,52,0.174,0.079,True,True,False,True,5,1.788,0.124,False,False,False,0.667,0.667,0.667,0.6,0.6,0.6,0.85
Generalization,m98,m98_GenLight_400_2,3,3,53,61,True,True,False,True,5,1,28,0.461,0.157,True,True,False,True,8,0.174,0.079,True,True,True,0.667,0.667,0.667,0.8,0.8,0.6,0.867
Generalization,m98,m98_GenLight_400_2,3,3,54,61,True,True,False,True,2,1,28,1.579,0.173,True,True,False,True,5,0.461,0.157,True,True,True,1.0,1.0,1.0,0.8,0.8,0.8,0.883
Generalization,m98,m98_GenLight_400_2,3,3,55,61,True,False,True,True,1,1,6,6.619,0.168,True,True,False,True,2,1.579,0.173,True,True,True,1.0,1.0,1.0,0.8,0.8,0.8,0.9
Generalization,m98,m98_GenLight_400_2,3,3,56,61,True,True,False,True,12,1,42,3.311,0.132,True,False,True,True,1,6.619,0.168,True,True,True,0.667,1.0,1.0,0.8,1.0,1.0,0.917
Generalization,m98,m98_GenLight_400_2,3,3,57,61,True,True,False,True,5,1,26,5.981,0.201,True,True,False,True,12,3.311,0.132,False,True,True,0.667,1.0,1.0,0.8,1.0,1.0,0.933
Generalization,m98,m98_GenLight_400_2,3,3,58,61,True,True,False,True,2,1,28,0.37,0.063,True,True,False,True,5,5.981,0.201,True,True,True,0.667,1.0,1.0,0.8,1.0,1.0,0.95
Generalization,m98,m98_GenLight_400_2,3,3,59,61,True,True,False,True,2,1,10,2.321,0.142,True,True,False,True,2,0.37,0.063,True,True,True,1.0,1.0,1.0,0.8,1.0,1.0,0.967
Generalization,m98,m98_GenLight_400_2,3,3,60,61,True,True,False,True,2,1,12,1.71,0.084,True,True,False,True,2,2.321,0.142,True,True,True,1.0,1.0,1.0,0.8,1.0,1.0,0.983
Generalization,m98,m98_GenLight_400_2,3,3,61,61,False,False,False,False,0,0,0,NaN,NaN,True,True,False,True,2,1.71,0.084,True,True,True,1.0,1.0,1.0,1.0,1.0,1.0,1.0
Generalization,m98,m98_GenLight_400,4,4,1,60,False,False,False,False,0,0,0,NaN,NaN,,,,,,NaN,NaN,,,,NaN,NaN,NaN,NaN,NaN,NaN,0.0
Generalization,m98,m98_GenLight_400,4,4,2,60,False,False,False,True,1,0,5,NaN,NaN,False,False,False,False,0,NaN,NaN,,,,0.0,0.0,0.0,0.0,0.0,0.0,0.017
Generalization,m98,m98_GenLight_400,4,4,3,60,False,False,False,True,1,0,4,NaN,NaN,False,False,False,True,1,NaN,NaN,False,False,False,0.0,0.0,0.5,0.0,0.0,0.5,0.034
Generalization,m98,m98_GenLight_400,4,4,4,60,False,False,False,False,0,0,0,NaN,NaN,False,False,False,True,1,NaN,NaN,False,False,True,0.0,0.0,0.667,0.0,0.0,0.667,0.051
Generalization,m98,m98_GenLight_400,4,4,5,60,False,False,False,False,0,0,0,NaN,NaN,False,False,False,False,0,NaN,NaN,False,False,True,0.0,0.0,0.667,0.0,0.0,0.5,0.068
Generalization,m98,m98_GenLight_400,4,4,6,60,True,True,False,True,2,1,30,5.164,0.158,False,False,False,False,0,NaN,NaN,False,False,False,0.0,0.0,0.333,0.0,0.0,0.4,0.085
Generalization,m98,m98_GenLight_400,4,4,7,60,False,False,False,True,3,0,16,NaN,NaN,True,True,False,True,2,5.164,0.158,False,False,False,0.333,0.333,0.333,0.2,0.2,0.6,0.102
Generalization,m98,m98_GenLight_400,4,4,8,60,False,False,False,False,0,0,0,NaN,NaN,False,False,False,True,3,NaN,NaN,True,True,True,0.333,0.333,0.667,0.2,0.2,0.6,0.119
Generalization,m98,m98_GenLight_400,4,4,9,60,True,True,False,False,0,1,14,1.627,0.119,False,False,False,False,0,NaN,NaN,False,False,True,0.333,0.333,0.667,0.2,0.2,0.4,0.136
Generalization,m98,m98_GenLight_400,4,4,10,60,False,False,False,True,6,0,52,NaN,NaN,True,True,False,False,0,1.627,0.119,False,False,False,0.333,0.333,0.333,0.4,0.4,0.4,0.153
Generalization,m98,m98_GenLight_400,4,4,11,60,False,False,False,True,6,0,18,NaN,NaN,False,False,False,True,6,NaN,NaN,True,True,False,0.333,0.333,0.333,0.4,0.4,0.6,0.169
Generalization,m98,m98_GenLight_400,4,4,12,60,True,True,False,True,3,1,42,0.524,0.185,False,False,False,True,6,NaN,NaN,False,False,True,0.333,0.333,0.667,0.2,0.2,0.6,0.186
Generalization,m98,m98_GenLight_400,4,4,13,60,False,False,False,False,0,0,0,NaN,NaN,True,True,False,True,3,0.524,0.185,False,False,True,0.333,0.333,1.0,0.4,0.4,0.6,0.203
Generalization,m98,m98_GenLight_400,4,4,14,60,True,True,False,True,13,1,58,1.294,0.291,False,False,False,False,0,NaN,NaN,True,True,True,0.333,0.333,0.667,0.4,0.4,0.6,0.22
Generalization,m98,m98_GenLight_400,4,4,15,60,True,True,False,True,14,1,76,0.423,0.152,True,True,False,True,13,1.294,0.291,False,False,False,0.667,0.667,0.667,0.4,0.4,0.8,0.237
Generalization,m98,m98_GenLight_400,4,4,16,60,True,True,False,True,4,1,42,0.384,0.135,True,True,False,True,14,0.423,0.152,True,True,True,0.667,0.667,0.667,0.6,0.6,0.8,0.254
Generalization,m98,m98_GenLight_400,4,4,17,60,False,False,False,False,0,0,0,NaN,NaN,True,True,False,True,4,0.384,0.135,True,True,True,1.0,1.0,1.0,0.8,0.8,0.8,0.271
Generalization,m98,m98_GenLight_400,4,4,18,60,False,False,False,False,0,0,0,NaN,NaN,False,False,False,False,0,NaN,NaN,True,True,True,0.667,0.667,0.667,0.6,0.6,0.6,0.288
Generalization,m98,m98_GenLight_400,4,4,19,60,False,False,False,True,3,0,14,NaN,NaN,False,False,False,False,0,NaN,NaN,False,False,False,0.333,0.333,0.333,0.6,0.6,0.6,0.305
Generalization,m98,m98_GenLight_400,4,4,20,60,False,False,False,False,0,0,0,NaN,NaN,False,False,False,True,3,NaN,NaN,False,False,False,0.0,0.0,0.333,0.4,0.4,0.6,0.322
Generalization,m98,m98_GenLight_400,4,4,21,60,True,True,False,False,0,1,8,4.054,0.102,False,False,False,False,0,NaN,NaN,False,False,True,0.0,0.0,0.333,0.2,0.2,0.4,0.339
Generalization,m98,m98_GenLight_400,4,4,22,60,False,False,False,False,0,0,0,NaN,NaN,True,True,False,False,0,4.054,0.102,False,False,False,0.333,0.333,0.333,0.2,0.2,0.2,0.356
Generalization,m98,m98_GenLight_400,4,4,23,60,False,False,False,True,1,0,6,NaN,NaN,False,False,False,False,0,NaN,NaN,True,True,False,0.333,0.333,0.0,0.2,0.2,0.2,0.373
Generalization,m98,m98_GenLight_400,4,4,24,60,False,False,False,True,3,0,8,NaN,NaN,False,False,False,True,1,NaN,NaN,False,False,False,0.333,0.333,0.333,0.2,0.2,0.4,0.39
Generalization,m98,m98_GenLight_400,4,4,25,60,False,False,False,True,1,0,6,NaN,NaN,False,False,False,True,3,NaN,NaN,False,False,True,0.0,0.0,0.667,0.2,0.2,0.4,0.407
Generalization,m98,m98_GenLight_400,4,4,26,60,False,False,False,True,6,0,22,NaN,NaN,False,False,False,True,1,NaN,NaN,False,False,True,0.0,0.0,1.0,0.2,0.2,0.6,0.424
Generalization,m98,m98_GenLight_400,4,4,27,60,True,True,False,True,1,1,28,1.943,0.14,False,False,False,True,6,NaN,NaN,False,False,True,0.0,0.0,1.0,0.0,0.0,0.8,0.441
Generalization,m98,m98_GenLight_400,4,4,28,60,False,False,False,True,1,0,6,NaN,NaN,True,True,False,True,1,1.943,0.14,False,False,True,0.333,0.333,1.0,0.2,0.2,1.0,0.458
Generalization,m98,m98_GenLight_400,4,4,29,60,False,False,False,True,5,0,22,NaN,NaN,False,False,False,True,1,NaN,NaN,True,True,True,0.333,0.333,1.0,0.2,0.2,1.0,0.475
Generalization,m98,m98_GenLight_400,4,4,30,60,True,True,False,True,2,1,20,0.644,0.165,False,False,False,True,5,NaN,NaN,False,False,True,0.333,0.333,1.0,0.2,0.2,1.0,0.492
Generalization,m98,m98_GenLight_400,4,4,31,60,True,True,False,False,0,1,6,0.702,0.207,True,True,False,True,2,0.644,0.165,False,False,True,0.333,0.333,1.0,0.4,0.4,1.0,0.508
Generalization,m98,m98_GenLight_400,4,4,32,60,True,True,False,False,0,1,12,3.951,0.029,True,True,False,False,0,0.702,0.207,True,True,True,0.667,0.667,0.667,0.6,0.6,0.8,0.525
Generalization,m98,m98_GenLight_400,4,4,33,60,False,False,False,False,0,0,0,NaN,NaN,True,True,False,False,0,3.951,0.029,True,True,False,1.0,1.0,0.333,0.6,0.6,0.6,0.542
Generalization,m98,m98_GenLight_400,4,4,34,60,False,False,False,False,0,0,0,NaN,NaN,False,False,False,False,0,NaN,NaN,True,True,False,0.667,0.667,0.0,0.6,0.6,0.4,0.559
Generalization,m98,m98_GenLight_400,4,4,35,60,False,False,False,False,0,0,0,NaN,NaN,False,False,False,False,0,NaN,NaN,False,False,False,0.333,0.333,0.0,0.6,0.6,0.2,0.576
Generalization,m98,m98_GenLight_400,4,4,36,60,False,False,False,False,0,0,0,NaN,NaN,False,False,False,False,0,NaN,NaN,False,False,False,0.0,0.0,0.0,0.4,0.4,0.0,0.593
Generalization,m98,m98_GenLight_400,4,4,37,60,False,False,False,True,1,0,8,NaN,NaN,False,False,False,False,0,NaN,NaN,False,False,False,0.0,0.0,0.0,0.2,0.2,0.0,0.61
Generalization,m98,m98_GenLight_400,4,4,38,60,True,True,False,True,2,1,20,0.502,0.922,False,False,False,True,1,NaN,NaN,False,False,False,0.0,0.0,0.333,0.0,0.0,0.2,0.627
Generalization,m98,m98_GenLight_400,4,4,39,60,True,True,False,True,3,2,22,0.437,0.893,True,True,False,True,2,0.502,0.922,False,False,True,0.333,0.333,0.667,0.2,0.2,0.4,0.644
Generalization,m98,m98_GenLight_400,4,4,40,60,False,False,False,True,1,0,4,NaN,NaN,True,True,False,True,3,0.437,0.893,True,True,True,0.667,0.667,1.0,0.4,0.4,0.6,0.661
Generalization,m98,m98_GenLight_400,4,4,41,60,True,True,False,True,12,1,50,0.46,0.302,False,False,False,True,1,NaN,NaN,True,True,True,0.667,0.667,1.0,0.4,0.4,0.8,0.678
Generalization,m98,m98_GenLight_400,4,4,42,60,True,True,False,False,0,1,14,0.376,0.113,True,True,False,True,12,0.46,0.302,False,False,True,0.667,0.667,1.0,0.6,0.6,1.0,0.695
Generalization,m98,m98_GenLight_400,4,4,43,60,True,True,False,False,0,1,10,0.276,0.17,True,True,False,False,0,0.376,0.113,True,True,True,0.667,0.667,0.667,0.8,0.8,0.8,0.712
Generalization,m98,m98_GenLight_400,4,4,44,60,True,True,False,True,4,2,16,0.559,0.507,True,True,False,False,0,0.276,0.17,True,True,False,1.0,1.0,0.333,0.8,0.8,0.6,0.729
Generalization,m98,m98_GenLight_400,4,4,45,60,False,False,False,True,1,0,4,NaN,NaN,True,True,False,True,4,0.559,0.507,True,True,False,1.0,1.0,0.333,0.8,0.8,0.6,0.746
Generalization,m98,m98_GenLight_400,4,4,46,60,True,True,False,True,1,1,22,0.459,0.137,False,False,False,True,1,NaN,NaN,True,True,True,0.667,0.667,0.667,0.8,0.8,0.6,0.763
Generalization,m98,m98_GenLight_400,4,4,47,60,True,True,False,False,0,1,12,4.415,0.246,True,True,False,True,1,0.459,0.137,False,False,True,0.667,0.667,1.0,0.8,0.8,0.6,0.78
Generalization,m98,m98_GenLight_400,4,4,48,60,True,True,False,True,1,1,14,0.586,0.113,True,True,False,False,0,4.415,0.246,True,True,True,0.667,0.667,0.667,0.8,0.8,0.6,0.797
Generalization,m98,m98_GenLight_400,4,4,49,60,True,True,False,True,2,1,10,7.177,0.119,True,True,False,True,1,0.586,0.113,True,True,False,1.0,1.0,0.667,0.8,0.8,0.8,0.814
Generalization,m98,m98_GenLight_400,4,4,50,60,True,True,False,False,0,1,18,1.619,0.162,True,True,False,True,2,7.177,0.119,True,True,True,1.0,1.0,0.667,0.8,0.8,0.8,0.831
Generalization,m98,m98_GenLight_400,4,4,51,60,False,False,False,False,0,0,0,NaN,NaN,True,True,False,False,0,1.619,0.162,True,True,True,1.0,1.0,0.667,1.0,1.0,0.6,0.847
Generalization,m98,m98_GenLight_400,4,4,52,60,False,False,False,False,0,0,0,NaN,NaN,False,False,False,False,0,NaN,NaN,True,True,False,0.667,0.667,0.333,0.8,0.8,0.4,0.864
Generalization,m98,m98_GenLight_400,4,4,53,60,False,False,False,True,4,0,14,NaN,NaN,False,False,False,False,0,NaN,NaN,False,False,False,0.333,0.333,0.0,0.6,0.6,0.4,0.881
Generalization,m98,m98_GenLight_400,4,4,54,60,True,True,False,True,3,1,42,0.381,0.132,False,False,False,True,4,NaN,NaN,False,False,False,0.0,0.0,0.333,0.4,0.4,0.4,0.898
Generalization,m98,m98_GenLight_400,4,4,55,60,True,True,False,True,1,1,14,0.467,0.277,True,True,False,True,3,0.381,0.132,False,False,True,0.333,0.333,0.667,0.4,0.4,0.4,0.915
Generalization,m98,m98_GenLight_400,4,4,56,60,True,True,False,False,0,1,24,0.502,0.449,True,True,False,True,1,0.467,0.277,True,True,True,0.667,0.667,1.0,0.4,0.4,0.6,0.932
Generalization,m98,m98_GenLight_400,4,4,57,60,False,False,False,True,1,0,6,NaN,NaN,True,True,False,False,0,0.502,0.449,True,True,True,1.0,1.0,0.667,0.6,0.6,0.6,0.949
Generalization,m98,m98_GenLight_400,4,4,58,60,True,True,False,True,1,1,22,0.373,0.186,False,False,False,True,1,NaN,NaN,True,True,False,0.667,0.667,0.667,0.6,0.6,0.8,0.966
Generalization,m98,m98_GenLight_400,4,4,59,60,True,True,False,False,0,1,4,5.478,0.091,True,True,False,True,1,0.373,0.186,False,False,True,0.667,0.667,0.667,0.8,0.8,0.8,0.983
Generalization,m98,m98_GenLight_400,4,4,60,60,False,False,False,False,0,0,0,NaN,NaN,True,True,False,False,0,5.478,0.091,True,True,True,0.667,0.667,0.667,0.8,0.8,0.6,1.0
Generalization,m100,m100_GenLight_400,1,1,1,61,False,False,False,True,3,0,6,NaN,NaN,,,,,,NaN,NaN,,,,NaN,NaN,NaN,NaN,NaN,NaN,0.0
Generalization,m100,m100_GenLight_400,1,1,2,61,False,False,False,True,1,0,4,NaN,NaN,False,False,False,True,3,NaN,NaN,,,,0.0,0.0,1.0,0.0,0.0,1.0,0.017
Generalization,m100,m100_GenLight_400,1,1,3,61,True,True,False,True,12,1,84,2.187,0.383,False,False,False,True,1,NaN,NaN,False,False,True,0.0,0.0,1.0,0.0,0.0,1.0,0.033
Generalization,m100,m100_GenLight_400,1,1,4,61,True,True,False,True,4,1,38,3.362,0.338,True,True,False,True,12,2.187,0.383,False,False,True,0.333,0.333,1.0,0.333,0.333,1.0,0.05
Generalization,m100,m100_GenLight_400,1,1,5,61,True,True,False,True,8,1,48,1.678,0.133,True,True,False,True,4,3.362,0.338,True,True,True,0.667,0.667,1.0,0.5,0.5,1.0,0.067
Generalization,m100,m100_GenLight_400,1,1,6,61,True,True,False,True,6,1,58,2.085,0.143,True,True,False,True,8,1.678,0.133,True,True,True,1.0,1.0,1.0,0.6,0.6,1.0,0.083
Generalization,m100,m100_GenLight_400,1,1,7,61,True,True,False,True,6,1,32,0.399,0.107,True,True,False,True,6,2.085,0.143,True,True,True,1.0,1.0,1.0,0.8,0.8,1.0,0.1
Generalization,m100,m100_GenLight_400,1,1,8,61,True,True,False,True,3,1,16,7.704,0.097,True,True,False,True,6,0.399,0.107,True,True,True,1.0,1.0,1.0,1.0,1.0,1.0,0.117
Generalization,m100,m100_GenLight_400,1,1,9,61,False,False,False,True,4,0,22,NaN,NaN,True,True,False,True,3,7.704,0.097,True,True,True,1.0,1.0,1.0,1.0,1.0,1.0,0.133
Generalization,m100,m100_GenLight_400,1,1,10,61,True,True,False,True,8,1,46,4.859,0.199,False,False,False,True,4,NaN,NaN,True,True,True,0.667,0.667,1.0,0.8,0.8,1.0,0.15
Generalization,m100,m100_GenLight_400,1,1,11,61,True,True,False,True,2,1,32,2.989,0.186,True,True,False,True,8,4.859,0.199,False,False,True,0.667,0.667,1.0,0.8,0.8,1.0,0.167
Generalization,m100,m100_GenLight_400,1,1,12,61,False,False,False,True,5,0,16,NaN,NaN,True,True,False,True,2,2.989,0.186,True,True,True,0.667,0.667,1.0,0.8,0.8,1.0,0.183
Generalization,m100,m100_GenLight_400,1,1,13,61,True,True,False,True,27,1,150,4.856,0.156,False,False,False,True,5,NaN,NaN,True,True,True,0.667,0.667,1.0,0.6,0.6,1.0,0.2
Generalization,m100,m100_GenLight_400,1,1,14,61,True,False,True,True,5,1,20,1.541,0.145,True,True,False,True,27,4.856,0.156,False,False,True,0.667,0.667,1.0,0.6,0.6,1.0,0.217
Generalization,m100,m100_GenLight_400,1,1,15,61,False,False,False,True,1,0,4,NaN,NaN,True,False,True,True,5,1.541,0.145,True,True,True,0.333,0.667,1.0,0.6,0.8,1.0,0.233
Generalization,m100,m100_GenLight_400,1,1,16,61,True,True,False,True,4,1,26,1.504,0.168,False,False,False,True,1,NaN,NaN,False,True,True,0.333,0.667,1.0,0.4,0.6,1.0,0.25
Generalization,m100,m100_GenLight_400,1,1,17,61,True,False,True,True,2,1,14,2.337,0.15,True,True,False,True,4,1.504,0.168,False,False,True,0.333,0.667,1.0,0.4,0.6,1.0,0.267
Generalization,m100,m100_GenLight_400,1,1,18,61,False,False,False,False,0,0,0,NaN,NaN,True,False,True,True,2,2.337,0.15,True,True,True,0.333,0.667,1.0,0.4,0.8,1.0,0.283
Generalization,m100,m100_GenLight_400,1,1,19,61,False,False,False,False,0,0,0,NaN,NaN,False,False,False,False,0,NaN,NaN,False,True,True,0.333,0.667,0.667,0.2,0.6,0.8,0.3
Generalization,m100,m100_GenLight_400,1,1,20,61,False,False,False,True,2,0,14,NaN,NaN,False,False,False,False,0,NaN,NaN,False,False,False,0.0,0.333,0.333,0.2,0.4,0.6,0.317
Generalization,m100,m100_GenLight_400,1,1,21,61,True,True,False,True,7,1,44,3.552,0.281,False,False,False,True,2,NaN,NaN,False,False,False,0.0,0.0,0.333,0.2,0.4,0.6,0.333
Generalization,m100,m100_GenLight_400,1,1,22,61,True,True,False,True,3,1,18,3.688,0.132,True,True,False,True,7,3.552,0.281,False,False,True,0.333,0.333,0.667,0.2,0.4,0.6,0.35
Generalization,m100,m100_GenLight_400,1,1,23,61,False,False,False,True,6,0,28,NaN,NaN,True,True,False,True,3,3.688,0.132,True,True,True,0.667,0.667,1.0,0.4,0.4,0.6,0.367
Generalization,m100,m100_GenLight_400,1,1,24,61,True,True,False,True,2,1,26,0.712,0.151,False,False,False,True,6,NaN,NaN,True,True,True,0.667,0.667,1.0,0.4,0.4,0.8,0.383
Generalization,m100,m100_GenLight_400,1,1,25,61,True,True,False,True,4,1,30,3.906,0.215,True,True,False,True,2,0.712,0.151,False,False,True,0.667,0.667,1.0,0.6,0.6,1.0,0.4
Generalization,m100,m100_GenLight_400,1,1,26,61,True,True,False,True,2,1,16,2.951,0.153,True,True,False,True,4,3.906,0.215,True,True,True,0.667,0.667,1.0,0.8,0.8,1.0,0.417
Generalization,m100,m100_GenLight_400,1,1,27,61,False,False,False,False,0,0,0,NaN,NaN,True,True,False,True,2,2.951,0.153,True,True,True,1.0,1.0,1.0,0.8,0.8,1.0,0.433
Generalization,m100,m100_GenLight_400,1,1,28,61,False,False,False,True,3,0,12,NaN,NaN,False,False,False,False,0,NaN,NaN,True,True,True,0.667,0.667,0.667,0.6,0.6,0.8,0.45
Generalization,m100,m100_GenLight_400,1,1,29,61,True,True,False,True,3,1,16,5.336,0.154,False,False,False,True,3,NaN,NaN,False,False,False,0.333,0.333,0.667,0.6,0.6,0.8,0.467
Generalization,m100,m100_GenLight_400,1,1,30,61,False,False,False,True,6,0,12,NaN,NaN,True,True,False,True,3,5.336,0.154,False,False,True,0.333,0.333,0.667,0.6,0.6,0.8,0.483
Generalization,m100,m100_GenLight_400,1,1,31,61,True,False,True,True,1,1,8,1.744,0.129,False,False,False,True,6,NaN,NaN,True,True,True,0.333,0.333,1.0,0.4,0.4,0.8,0.5
Generalization,m100,m100_GenLight_400,1,1,32,61,True,True,False,True,1,1,18,0.798,0.462,True,False,True,True,1,1.744,0.129,False,False,True,0.333,0.667,1.0,0.2,0.4,0.8,0.517
Generalization,m100,m100_GenLight_400,1,1,33,61,True,True,False,True,2,1,14,0.908,0.214,True,True,False,True,1,0.798,0.462,False,True,True,0.333,0.667,1.0,0.4,0.6,1.0,0.533
Generalization,m100,m100_GenLight_400,1,1,34,61,True,True,False,True,3,1,22,0.784,0.193,True,True,False,True,2,0.908,0.214,True,True,True,0.667,1.0,1.0,0.6,0.8,1.0,0.55
Generalization,m100,m100_GenLight_400,1,1,35,61,True,True,False,True,7,1,30,7.001,0.128,True,True,False,True,3,0.784,0.193,True,True,True,1.0,1.0,1.0,0.6,0.8,1.0,0.567
Generalization,m100,m100_GenLight_400,1,1,36,61,True,True,False,False,0,1,12,1.396,0.212,True,True,False,True,7,7.001,0.128,True,True,True,1.0,1.0,1.0,0.8,1.0,1.0,0.583
Generalization,m100,m100_GenLight_400,1,1,37,61,True,True,False,True,3,1,20,6.602,0.239,True,True,False,False,0,1.396,0.212,True,True,True,1.0,1.0,0.667,1.0,1.0,0.8,0.6
Generalization,m100,m100_GenLight_400,1,1,38,61,True,True,False,True,4,1,20,5.222,0.241,True,True,False,True,3,6.602,0.239,True,True,False,1.0,1.0,0.667,1.0,1.0,0.8,0.617
Generalization,m100,m100_GenLight_400,1,1,39,61,True,True,False,True,1,1,12,3.481,0.141,True,True,False,True,4,5.222,0.241,True,True,True,1.0,1.0,0.667,1.0,1.0,0.8,0.633
Generalization,m100,m100_GenLight_400,1,1,40,61,True,True,False,True,5,1,22,1.144,0.147,True,True,False,True,1,3.481,0.141,True,True,True,1.0,1.0,1.0,1.0,1.0,0.8,0.65
Generalization,m100,m100_GenLight_400,1,1,41,61,True,False,True,True,4,2,14,0.809,6.682,True,True,False,True,5,1.144,0.147,True,True,True,1.0,1.0,1.0,1.0,1.0,0.8,0.667
Generalization,m100,m100_GenLight_400,1,1,42,61,True,True,False,True,3,1,16,3.664,0.129,True,False,True,True,4,0.809,6.682,True,True,True,0.667,1.0,1.0,0.8,1.0,1.0,0.683
Generalization,m100,m100_GenLight_400,1,1,43,61,True,True,False,True,4,1,22,3.937,0.303,True,True,False,True,3,3.664,0.129,False,True,True,0.667,1.0,1.0,0.8,1.0,1.0,0.7
Generalization,m100,m100_GenLight_400,1,1,44,61,True,True,False,True,1,1,18,0.204,0.199,True,True,False,True,4,3.937,0.303,True,True,True,0.667,1.0,1.0,0.8,1.0,1.0,0.717
Generalization,m100,m100_GenLight_400,1,1,45,61,False,False,False,False,0,0,0,NaN,NaN,True,True,False,True,1,0.204,0.199,True,True,True,1.0,1.0,1.0,0.8,1.0,1.0,0.733
Generalization,m100,m100_GenLight_400,1,1,46,61,False,False,False,False,0,0,0,NaN,NaN,False,False,False,False,0,NaN,NaN,True,True,True,0.667,0.667,0.667,0.6,0.8,0.8,0.75
Generalization,m100,m100_GenLight_400,1,1,47,61,False,False,False,True,2,0,12,NaN,NaN,False,False,False,False,0,NaN,NaN,False,False,False,0.333,0.333,0.333,0.6,0.6,0.6,0.767
Generalization,m100,m100_GenLight_400,1,1,48,61,True,True,False,True,1,1,20,0.787,0.365,False,False,False,True,2,NaN,NaN,False,False,False,0.0,0.0,0.333,0.4,0.4,0.6,0.783
Generalization,m100,m100_GenLight_400,1,1,49,61,False,False,False,True,5,0,20,NaN,NaN,True,True,False,True,1,0.787,0.365,False,False,True,0.333,0.333,0.667,0.4,0.4,0.6,0.8
Generalization,m100,m100_GenLight_400,1,1,50,61,False,False,False,True,2,0,6,NaN,NaN,False,False,False,True,5,NaN,NaN,True,True,True,0.333,0.333,1.0,0.2,0.2,0.6,0.817
Generalization,m100,m100_GenLight_400,1,1,51,61,True,True,False,True,6,1,28,8.0,0.107,False,False,False,True,2,NaN,NaN,False,False,True,0.333,0.333,1.0,0.2,0.2,0.8,0.833
Generalization,m100,m100_GenLight_400,1,1,52,61,True,True,False,True,3,1,22,1.835,0.375,True,True,False,True,6,8.0,0.107,False,False,True,0.333,0.333,1.0,0.4,0.4,1.0,0.85
Generalization,m100,m100_GenLight_400,1,1,53,61,True,True,False,True,2,1,16,0.814,0.266,True,True,False,True,3,1.835,0.375,True,True,True,0.667,0.667,1.0,0.6,0.6,1.0,0.867
Generalization,m100,m100_GenLight_400,1,1,54,61,True,True,False,True,3,1,18,6.592,0.212,True,True,False,True,2,0.814,0.266,True,True,True,1.0,1.0,1.0,0.6,0.6,1.0,0.883
Generalization,m100,m100_GenLight_400,1,1,55,61,True,False,True,True,3,2,12,0.062,5.822,True,True,False,True,3,6.592,0.212,True,True,True,1.0,1.0,1.0,0.8,0.8,1.0,0.9
Generalization,m100,m100_GenLight_400,1,1,56,61,True,True,False,True,2,1,18,0.522,0.23,True,False,True,True,3,0.062,5.822,True,True,True,0.667,1.0,1.0,0.8,1.0,1.0,0.917
Generalization,m100,m100_GenLight_400,1,1,57,61,True,False,True,True,3,1,6,4.163,0.157,True,True,False,True,2,0.522,0.23,False,True,True,0.667,1.0,1.0,0.8,1.0,1.0,0.933
Generalization,m100,m100_GenLight_400,1,1,58,61,False,False,False,True,2,0,2,NaN,NaN,True,False,True,True,3,4.163,0.157,True,True,True,0.333,1.0,1.0,0.6,1.0,1.0,0.95
Generalization,m100,m100_GenLight_400,1,1,59,61,True,True,False,False,0,1,8,0.841,0.335,False,False,False,True,2,NaN,NaN,False,True,True,0.333,0.667,1.0,0.4,0.8,1.0,0.967
Generalization,m100,m100_GenLight_400,1,1,60,61,True,True,False,True,2,1,6,6.879,0.145,True,True,False,False,0,0.841,0.335,False,False,True,0.333,0.667,0.667,0.4,0.8,0.8,0.983
Generalization,m100,m100_GenLight_400,1,1,61,61,False,False,False,False,0,0,0,NaN,NaN,True,True,False,True,2,6.879,0.145,True,True,False,0.667,0.667,0.667,0.6,0.8,0.8,1.0
Generalization,m100,m100_GenLight_400,2,2,1,60,True,True,False,True,15,1,62,5.433,0.132,,,,,,NaN,NaN,,,,NaN,NaN,NaN,NaN,NaN,NaN,0.0
Generalization,m100,m100_GenLight_400,2,2,2,60,True,True,False,True,3,1,16,0.897,0.174,True,True,False,True,15,5.433,0.132,,,,1.0,1.0,1.0,1.0,1.0,1.0,0.017
Generalization,m100,m100_GenLight_400,2,2,3,60,True,True,False,True,1,1,10,6.64,0.19,True,True,False,True,3,0.897,0.174,True,True,True,1.0,1.0,1.0,1.0,1.0,1.0,0.034
Generalization,m100,m100_GenLight_400,2,2,4,60,True,True,False,True,10,1,72,6.735,0.148,True,True,False,True,1,6.64,0.19,True,True,True,1.0,1.0,1.0,1.0,1.0,1.0,0.051
Generalization,m100,m100_GenLight_400,2,2,5,60,True,True,False,True,18,1,80,4.897,0.104,True,True,False,True,10,6.735,0.148,True,True,True,1.0,1.0,1.0,1.0,1.0,1.0,0.068
Generalization,m100,m100_GenLight_400,2,2,6,60,True,True,False,True,12,1,44,3.277,0.171,True,True,False,True,18,4.897,0.104,True,True,True,1.0,1.0,1.0,1.0,1.0,1.0,0.085
Generalization,m100,m100_GenLight_400,2,2,7,60,True,True,False,True,3,1,30,1.264,0.134,True,True,False,True,12,3.277,0.171,True,True,True,1.0,1.0,1.0,1.0,1.0,1.0,0.102
Generalization,m100,m100_GenLight_400,2,2,8,60,True,True,False,True,4,1,18,1.707,0.209,True,True,False,True,3,1.264,0.134,True,True,True,1.0,1.0,1.0,1.0,1.0,1.0,0.119
Generalization,m100,m100_GenLight_400,2,2,9,60,False,False,False,False,0,0,0,NaN,NaN,True,True,False,True,4,1.707,0.209,True,True,True,1.0,1.0,1.0,1.0,1.0,1.0,0.136
Generalization,m100,m100_GenLight_400,2,2,10,60,True,True,False,True,7,1,46,0.816,0.108,False,False,False,False,0,NaN,NaN,True,True,True,0.667,0.667,0.667,0.8,0.8,0.8,0.153
Generalization,m100,m100_GenLight_400,2,2,11,60,True,True,False,True,4,1,28,0.947,0.185,True,True,False,True,7,0.816,0.108,False,False,False,0.667,0.667,0.667,0.8,0.8,0.8,0.169
Generalization,m100,m100_GenLight_400,2,2,12,60,True,True,False,True,5,1,22,0.962,0.132,True,True,False,True,4,0.947,0.185,True,True,True,0.667,0.667,0.667,0.8,0.8,0.8,0.186
Generalization,m100,m100_GenLight_400,2,2,13,60,True,True,False,True,13,1,64,2.275,0.123,True,True,False,True,5,0.962,0.132,True,True,True,1.0,1.0,1.0,0.8,0.8,0.8,0.203
Generalization,m100,m100_GenLight_400,2,2,14,60,True,True,False,True,8,1,48,2.415,0.232,True,True,False,True,13,2.275,0.123,True,True,True,1.0,1.0,1.0,0.8,0.8,0.8,0.22
Generalization,m100,m100_GenLight_400,2,2,15,60,True,False,True,True,1,1,8,1.458,0.111,True,True,False,True,8,2.415,0.232,True,True,True,1.0,1.0,1.0,1.0,1.0,1.0,0.237
Generalization,m100,m100_GenLight_400,2,2,16,60,False,False,False,False,0,0,0,NaN,NaN,True,False,True,True,1,1.458,0.111,True,True,True,0.667,1.0,1.0,0.8,1.0,1.0,0.254
Generalization,m100,m100_GenLight_400,2,2,17,60,False,False,False,True,4,0,8,NaN,NaN,False,False,False,False,0,NaN,NaN,False,True,True,0.333,0.667,0.667,0.6,0.8,0.8,0.271
Generalization,m100,m100_GenLight_400,2,2,18,60,False,False,False,True,3,0,12,NaN,NaN,False,False,False,True,4,NaN,NaN,False,False,False,0.0,0.333,0.667,0.4,0.6,0.8,0.288
Generalization,m100,m100_GenLight_400,2,2,19,60,False,False,False,True,1,0,6,NaN,NaN,False,False,False,True,3,NaN,NaN,False,False,True,0.0,0.0,0.667,0.2,0.4,0.8,0.305
Generalization,m100,m100_GenLight_400,2,2,20,60,False,False,False,True,12,0,30,NaN,NaN,False,False,False,True,1,NaN,NaN,False,False,True,0.0,0.0,1.0,0.0,0.2,0.8,0.322
Generalization,m100,m100_GenLight_400,2,2,21,60,True,True,False,True,2,1,24,0.143,0.124,False,False,False,True,12,NaN,NaN,False,False,True,0.0,0.0,1.0,0.0,0.0,0.8,0.339
Generalization,m100,m100_GenLight_400,2,2,22,60,False,False,False,True,7,0,26,NaN,NaN,True,True,False,True,2,0.143,0.124,False,False,True,0.333,0.333,1.0,0.2,0.2,1.0,0.356
Generalization,m100,m100_GenLight_400,2,2,23,60,True,False,True,True,1,1,12,0.797,0.136,False,False,False,True,7,NaN,NaN,True,True,True,0.333,0.333,1.0,0.2,0.2,1.0,0.373
Generalization,m100,m100_GenLight_400,2,2,24,60,True,True,False,True,7,1,30,1.088,0.207,True,False,True,True,1,0.797,0.136,False,False,True,0.333,0.667,1.0,0.2,0.4,1.0,0.39
Generalization,m100,m100_GenLight_400,2,2,25,60,True,True,False,True,6,1,44,5.91,0.158,True,True,False,True,7,1.088,0.207,False,True,True,0.333,0.667,1.0,0.4,0.6,1.0,0.407
Generalization,m100,m100_GenLight_400,2,2,26,60,True,True,False,True,1,1,26,7.611,0.13,True,True,False,True,6,5.91,0.158,True,True,True,0.667,1.0,1.0,0.6,0.8,1.0,0.424
Generalization,m100,m100_GenLight_400,2,2,27,60,False,False,False,True,2,0,8,NaN,NaN,True,True,False,True,1,7.611,0.13,True,True,True,1.0,1.0,1.0,0.6,0.8,1.0,0.441
Generalization,m100,m100_GenLight_400,2,2,28,60,True,True,False,True,1,1,20,0.713,0.099,False,False,False,True,2,NaN,NaN,True,True,True,0.667,0.667,1.0,0.6,0.8,1.0,0.458
Generalization,m100,m100_GenLight_400,2,2,29,60,False,False,False,True,7,0,38,NaN,NaN,True,True,False,True,1,0.713,0.099,False,False,True,0.667,0.667,1.0,0.8,0.8,1.0,0.475
Generalization,m100,m100_GenLight_400,2,2,30,60,True,True,False,True,4,1,28,3.676,0.173,False,False,False,True,7,NaN,NaN,True,True,True,0.333,0.333,1.0,0.6,0.6,1.0,0.492
Generalization,m100,m100_GenLight_400,2,2,31,60,True,True,False,True,3,1,26,4.281,0.135,True,True,False,True,4,3.676,0.173,False,False,True,0.667,0.667,1.0,0.6,0.6,1.0,0.508
Generalization,m100,m100_GenLight_400,2,2,32,60,True,True,False,True,6,1,36,2.502,0.199,True,True,False,True,3,4.281,0.135,True,True,True,0.667,0.667,1.0,0.6,0.6,1.0,0.525
Generalization,m100,m100_GenLight_400,2,2,33,60,True,True,False,True,9,1,38,2.637,0.081,True,True,False,True,6,2.502,0.199,True,True,True,1.0,1.0,1.0,0.8,0.8,1.0,0.542
Generalization,m100,m100_GenLight_400,2,2,34,60,True,True,False,True,2,1,14,0.427,0.131,True,True,False,True,9,2.637,0.081,True,True,True,1.0,1.0,1.0,0.8,0.8,1.0,0.559
Generalization,m100,m100_GenLight_400,2,2,35,60,True,True,False,True,1,1,10,2.917,0.097,True,True,False,True,2,0.427,0.131,True,True,True,1.0,1.0,1.0,1.0,1.0,1.0,0.576
Generalization,m100,m100_GenLight_400,2,2,36,60,False,False,False,True,5,0,16,NaN,NaN,True,True,False,True,1,2.917,0.097,True,True,True,1.0,1.0,1.0,1.0,1.0,1.0,0.593
Generalization,m100,m100_GenLight_400,2,2,37,60,True,True,False,False,0,1,14,6.42,0.196,False,False,False,True,5,NaN,NaN,True,True,True,0.667,0.667,1.0,0.8,0.8,1.0,0.61
Generalization,m100,m100_GenLight_400,2,2,38,60,False,False,False,False,0,0,0,NaN,NaN,True,True,False,False,0,6.42,0.196,False,False,True,0.667,0.667,0.667,0.8,0.8,0.8,0.627
Generalization,m100,m100_GenLight_400,2,2,39,60,False,False,False,True,1,0,6,NaN,NaN,False,False,False,False,0,NaN,NaN,True,True,False,0.333,0.333,0.333,0.6,0.6,0.6,0.644
Generalization,m100,m100_GenLight_400,2,2,40,60,True,True,False,True,5,1,36,3.471,0.208,False,False,False,True,1,NaN,NaN,False,False,False,0.333,0.333,0.333,0.4,0.4,0.6,0.661
Generalization,m100,m100_GenLight_400,2,2,41,60,True,True,False,True,2,1,22,1.074,0.083,True,True,False,True,5,3.471,0.208,False,False,True,0.333,0.333,0.667,0.4,0.4,0.6,0.678
Generalization,m100,m100_GenLight_400,2,2,42,60,True,True,False,True,3,1,28,4.888,0.21,True,True,False,True,2,1.074,0.083,True,True,True,0.667,0.667,1.0,0.6,0.6,0.6,0.695
Generalization,m100,m100_GenLight_400,2,2,43,60,True,True,False,True,2,1,12,1.23,0.124,True,True,False,True,3,4.888,0.21,True,True,True,1.0,1.0,1.0,0.6,0.6,0.8,0.712
Generalization,m100,m100_GenLight_400,2,2,44,60,True,True,False,True,2,1,16,2.295,0.156,True,True,False,True,2,1.23,0.124,True,True,True,1.0,1.0,1.0,0.8,0.8,1.0,0.729
Generalization,m100,m100_GenLight_400,2,2,45,60,True,True,False,True,11,1,32,4.44,0.199,True,True,False,True,2,2.295,0.156,True,True,True,1.0,1.0,1.0,1.0,1.0,1.0,0.746
Generalization,m100,m100_GenLight_400,2,2,46,60,True,False,True,True,6,2,0,2.468,NaN,True,True,False,True,11,4.44,0.199,True,True,True,1.0,1.0,1.0,1.0,1.0,1.0,0.763
Generalization,m100,m100_GenLight_400,2,2,47,60,True,False,True,True,3,1,0,5.061,NaN,True,False,True,True,6,2.468,NaN,True,True,True,0.667,1.0,1.0,0.8,1.0,1.0,0.78
Generalization,m100,m100_GenLight_400,2,2,48,60,True,False,True,True,1,2,0,1.062,NaN,True,False,True,True,3,5.061,NaN,False,True,True,0.333,1.0,1.0,0.6,1.0,1.0,0.797
Generalization,m100,m100_GenLight_400,2,2,49,60,True,False,True,True,2,1,0,1.477,NaN,True,False,True,True,1,1.062,NaN,False,True,True,0.0,1.0,1.0,0.4,1.0,1.0,0.814
Generalization,m100,m100_GenLight_400,2,2,50,60,True,False,True,True,2,1,0,2.378,NaN,True,False,True,True,2,1.477,NaN,False,True,True,0.0,1.0,1.0,0.2,1.0,1.0,0.831
Generalization,m100,m100_GenLight_400,2,2,51,60,True,False,True,True,2,2,0,6.278,NaN,True,False,True,True,2,2.378,NaN,False,True,True,0.0,1.0,1.0,0.0,1.0,1.0,0.847
Generalization,m100,m100_GenLight_400,2,2,52,60,False,False,False,True,3,0,0,NaN,NaN,True,False,True,True,2,6.278,NaN,False,True,True,0.0,1.0,1.0,0.0,1.0,1.0,0.864
Generalization,m100,m100_GenLight_400,2,2,53,60,True,False,True,True,2,1,0,1.871,NaN,False,False,False,True,3,NaN,NaN,False,True,True,0.0,0.667,1.0,0.0,0.8,1.0,0.881
Generalization,m100,m100_GenLight_400,2,2,54,60,False,False,False,False,0,0,0,NaN,NaN,True,False,True,True,2,1.871,NaN,False,False,True,0.0,0.667,1.0,0.0,0.8,1.0,0.898
Generalization,m100,m100_GenLight_400,2,2,55,60,False,False,False,False,0,0,0,NaN,NaN,False,False,False,False,0,NaN,NaN,False,True,True,0.0,0.333,0.667,0.0,0.6,0.8,0.915
Generalization,m100,m100_GenLight_400,2,2,56,60,True,False,True,False,0,1,0,0.828,NaN,False,False,False,False,0,NaN,NaN,False,False,False,0.0,0.333,0.333,0.0,0.4,0.6,0.932
Generalization,m100,m100_GenLight_400,2,2,57,60,True,False,True,True,4,1,0,2.4,NaN,True,False,True,False,0,0.828,NaN,False,False,False,0.0,0.333,0.0,0.0,0.4,0.4,0.949
Generalization,m100,m100_GenLight_400,2,2,58,60,True,False,True,False,0,1,0,3.496,NaN,True,False,True,True,4,2.4,NaN,False,True,False,0.0,0.667,0.333,0.0,0.6,0.4,0.966
Generalization,m100,m100_GenLight_400,2,2,59,60,True,False,True,True,1,1,0,6.841,NaN,True,False,True,False,0,3.496,NaN,False,True,True,0.0,1.0,0.333,0.0,0.6,0.2,0.983
Generalization,m100,m100_GenLight_400,2,2,60,60,False,False,False,False,0,0,1,NaN,NaN,True,False,True,True,1,6.841,NaN,False,True,False,0.0,1.0,0.667,0.0,0.8,0.4,1.0
Generalization,m100,m100_GenLight_400_2,3,3,1,61,True,True,False,True,2,1,24,4.287,0.212,,,,,,NaN,NaN,,,,NaN,NaN,NaN,NaN,NaN,NaN,0.0
Generalization,m100,m100_GenLight_400_2,3,3,2,61,True,True,False,True,12,1,46,3.264,0.148,True,True,False,True,2,4.287,0.212,,,,1.0,1.0,1.0,1.0,1.0,1.0,0.017
Generalization,m100,m100_GenLight_400_2,3,3,3,61,True,True,False,True,10,1,58,3.769,0.11,True,True,False,True,12,3.264,0.148,True,True,True,1.0,1.0,1.0,1.0,1.0,1.0,0.033
Generalization,m100,m100_GenLight_400_2,3,3,4,61,True,True,False,True,10,1,68,2.279,0.113,True,True,False,True,10,3.769,0.11,True,True,True,1.0,1.0,1.0,1.0,1.0,1.0,0.05
Generalization,m100,m100_GenLight_400_2,3,3,5,61,True,True,False,False,0,1,8,3.654,0.137,True,True,False,True,10,2.279,0.113,True,True,True,1.0,1.0,1.0,1.0,1.0,1.0,0.067
Generalization,m100,m100_GenLight_400_2,3,3,6,61,True,True,False,True,9,1,48,7.497,0.106,True,True,False,False,0,3.654,0.137,True,True,True,1.0,1.0,0.667,1.0,1.0,0.8,0.083
Generalization,m100,m100_GenLight_400_2,3,3,7,61,True,True,False,True,3,1,26,3.832,0.137,True,True,False,True,9,7.497,0.106,True,True,False,1.0,1.0,0.667,1.0,1.0,0.8,0.1
Generalization,m100,m100_GenLight_400_2,3,3,8,61,True,True,False,True,2,1,16,1.803,0.144,True,True,False,True,3,3.832,0.137,True,True,True,1.0,1.0,0.667,1.0,1.0,0.8,0.117
Generalization,m100,m100_GenLight_400_2,3,3,9,61,True,True,False,True,8,1,46,3.613,0.12,True,True,False,True,2,1.803,0.144,True,True,True,1.0,1.0,1.0,1.0,1.0,0.8,0.133
Generalization,m100,m100_GenLight_400_2,3,3,10,61,True,True,False,True,7,1,28,0.222,0.159,True,True,False,True,8,3.613,0.12,True,True,True,1.0,1.0,1.0,1.0,1.0,0.8,0.15
Generalization,m100,m100_GenLight_400_2,3,3,11,61,True,True,False,True,14,1,92,1.849,0.156,True,True,False,True,7,0.222,0.159,True,True,True,1.0,1.0,1.0,1.0,1.0,1.0,0.167
Generalization,m100,m100_GenLight_400_2,3,3,12,61,True,True,False,True,7,1,44,2.674,0.153,True,True,False,True,14,1.849,0.156,True,True,True,1.0,1.0,1.0,1.0,1.0,1.0,0.183
Generalization,m100,m100_GenLight_400_2,3,3,13,61,True,True,False,True,1,1,14,4.464,0.126,True,True,False,True,7,2.674,0.153,True,True,True,1.0,1.0,1.0,1.0,1.0,1.0,0.2
Generalization,m100,m100_GenLight_400_2,3,3,14,61,True,True,False,False,0,1,6,3.918,0.13,True,True,False,True,1,4.464,0.126,True,True,True,1.0,1.0,1.0,1.0,1.0,1.0,0.217
Generalization,m100,m100_GenLight_400_2,3,3,15,61,True,True,False,True,3,1,20,1.636,0.162,True,True,False,False,0,3.918,0.13,True,True,True,1.0,1.0,0.667,1.0,1.0,0.8,0.233
Generalization,m100,m100_GenLight_400_2,3,3,16,61,True,True,False,True,17,1,52,5.849,0.077,True,True,False,True,3,1.636,0.162,True,True,False,1.0,1.0,0.667,1.0,1.0,0.8,0.25
Generalization,m100,m100_GenLight_400_2,3,3,17,61,True,True,False,False,0,1,12,0.913,0.103,True,True,False,True,17,5.849,0.077,True,True,True,1.0,1.0,0.667,1.0,1.0,0.8,0.267
Generalization,m100,m100_GenLight_400_2,3,3,18,61,False,False,False,True,2,0,6,NaN,NaN,True,True,False,False,0,0.913,0.103,True,True,True,1.0,1.0,0.667,1.0,1.0,0.6,0.283
Generalization,m100,m100_GenLight_400_2,3,3,19,61,False,False,False,False,0,0,0,NaN,NaN,False,False,False,True,2,NaN,NaN,True,True,False,0.667,0.667,0.667,0.8,0.8,0.6,0.3
Generalization,m100,m100_GenLight_400_2,3,3,20,61,True,True,False,True,2,1,24,1.437,0.14,False,False,False,False,0,NaN,NaN,False,False,True,0.333,0.333,0.333,0.6,0.6,0.6,0.317
Generalization,m100,m100_GenLight_400_2,3,3,21,61,True,True,False,True,5,1,20,4.458,0.15,True,True,False,True,2,1.437,0.14,False,False,False,0.333,0.333,0.667,0.6,0.6,0.6,0.333
Generalization,m100,m100_GenLight_400_2,3,3,22,61,True,False,True,True,5,1,20,3.021,0.155,True,True,False,True,5,4.458,0.15,True,True,True,0.667,0.667,0.667,0.6,0.6,0.6,0.35
Generalization,m100,m100_GenLight_400_2,3,3,23,61,True,True,False,True,3,1,20,0.762,0.222,True,False,True,True,5,3.021,0.155,True,True,True,0.667,1.0,1.0,0.4,0.6,0.8,0.367
Generalization,m100,m100_GenLight_400_2,3,3,24,61,True,True,False,True,7,1,40,1.924,0.098,True,True,False,True,3,0.762,0.222,False,True,True,0.667,1.0,1.0,0.6,0.8,0.8,0.383
Generalization,m100,m100_GenLight_400_2,3,3,25,61,True,True,False,True,2,1,26,1.692,0.128,True,True,False,True,7,1.924,0.098,True,True,True,0.667,1.0,1.0,0.8,1.0,1.0,0.4
Generalization,m100,m100_GenLight_400_2,3,3,26,61,True,True,False,True,4,1,34,0.646,0.12,True,True,False,True,2,1.692,0.128,True,True,True,1.0,1.0,1.0,0.8,1.0,1.0,0.417
Generalization,m100,m100_GenLight_400_2,3,3,27,61,True,True,False,True,9,1,44,0.645,0.138,True,True,False,True,4,0.646,0.12,True,True,True,1.0,1.0,1.0,0.8,1.0,1.0,0.433
Generalization,m100,m100_GenLight_400_2,3,3,28,61,True,True,False,True,1,1,12,3.277,0.268,True,True,False,True,9,0.645,0.138,True,True,True,1.0,1.0,1.0,1.0,1.0,1.0,0.45
Generalization,m100,m100_GenLight_400_2,3,3,29,61,True,False,True,False,0,1,6,1.481,0.13,True,True,False,True,1,3.277,0.268,True,True,True,1.0,1.0,1.0,1.0,1.0,1.0,0.467
Generalization,m100,m100_GenLight_400_2,3,3,30,61,False,False,False,True,3,0,16,NaN,NaN,True,False,True,False,0,1.481,0.13,True,True,True,0.667,1.0,0.667,0.8,1.0,0.8,0.483
Generalization,m100,m100_GenLight_400_2,3,3,31,61,True,True,False,True,7,1,52,2.516,0.31,False,False,False,True,3,NaN,NaN,False,True,False,0.333,0.667,0.667,0.6,0.8,0.8,0.5
Generalization,m100,m100_GenLight_400_2,3,3,32,61,True,True,False,True,3,1,30,3.065,0.132,True,True,False,True,7,2.516,0.31,False,False,True,0.333,0.667,0.667,0.6,0.8,0.8,0.517
Generalization,m100,m100_GenLight_400_2,3,3,33,61,True,True,False,True,9,1,40,0.318,0.042,True,True,False,True,3,3.065,0.132,True,True,True,0.667,0.667,1.0,0.6,0.8,0.8,0.533
Generalization,m100,m100_GenLight_400_2,3,3,34,61,True,True,False,True,7,1,42,0.499,0.18,True,True,False,True,9,0.318,0.042,True,True,True,1.0,1.0,1.0,0.6,0.8,0.8,0.55
Generalization,m100,m100_GenLight_400_2,3,3,35,61,True,True,False,True,9,1,42,0.432,0.151,True,True,False,True,7,0.499,0.18,True,True,True,1.0,1.0,1.0,0.8,0.8,1.0,0.567
Generalization,m100,m100_GenLight_400_2,3,3,36,61,True,True,False,True,2,1,26,2.243,0.166,True,True,False,True,9,0.432,0.151,True,True,True,1.0,1.0,1.0,1.0,1.0,1.0,0.583
Generalization,m100,m100_GenLight_400_2,3,3,37,61,True,True,False,True,1,1,18,2.138,0.117,True,True,False,True,2,2.243,0.166,True,True,True,1.0,1.0,1.0,1.0,1.0,1.0,0.6
Generalization,m100,m100_GenLight_400_2,3,3,38,61,False,False,False,False,0,0,0,NaN,NaN,True,True,False,True,1,2.138,0.117,True,True,True,1.0,1.0,1.0,1.0,1.0,1.0,0.617
Generalization,m100,m100_GenLight_400_2,3,3,39,61,False,False,False,True,5,0,16,NaN,NaN,False,False,False,False,0,NaN,NaN,True,True,True,0.667,0.667,0.667,0.8,0.8,0.8,0.633
Generalization,m100,m100_GenLight_400_2,3,3,40,61,True,False,True,True,2,1,16,1.125,0.081,False,False,False,True,5,NaN,NaN,False,False,False,0.333,0.333,0.667,0.6,0.6,0.8,0.65
Generalization,m100,m100_GenLight_400_2,3,3,41,61,True,True,False,True,4,1,26,0.48,0.24,True,False,True,True,2,1.125,0.081,False,False,True,0.0,0.333,0.667,0.4,0.6,0.8,0.667
Generalization,m100,m100_GenLight_400_2,3,3,42,61,True,False,True,True,3,1,20,0.489,0.206,True,True,False,True,4,0.48,0.24,False,True,True,0.333,0.667,1.0,0.4,0.6,0.8,0.683
Generalization,m100,m100_GenLight_400_2,3,3,43,61,True,True,False,True,1,1,16,0.187,0.16,True,False,True,True,3,0.489,0.206,True,True,True,0.333,1.0,1.0,0.2,0.6,0.8,0.7
Generalization,m100,m100_GenLight_400_2,3,3,44,61,True,True,False,False,0,1,8,0.339,0.128,True,True,False,True,1,0.187,0.16,False,True,True,0.667,1.0,1.0,0.4,0.8,1.0,0.717
Generalization,m100,m100_GenLight_400_2,3,3,45,61,False,False,False,False,0,0,0,NaN,NaN,True,True,False,False,0,0.339,0.128,True,True,True,0.667,1.0,0.667,0.6,1.0,0.8,0.733
Generalization,m100,m100_GenLight_400_2,3,3,46,61,True,True,False,True,7,1,48,1.424,0.125,False,False,False,False,0,NaN,NaN,True,True,False,0.667,0.667,0.333,0.6,0.8,0.6,0.75
Generalization,m100,m100_GenLight_400_2,3,3,47,61,True,True,False,True,10,1,60,1.707,0.13,True,True,False,True,7,1.424,0.125,False,False,False,0.667,0.667,0.333,0.6,0.8,0.6,0.767
Generalization,m100,m100_GenLight_400_2,3,3,48,61,False,False,False,True,1,0,6,NaN,NaN,True,True,False,True,10,1.707,0.13,True,True,True,0.667,0.667,0.667,0.8,0.8,0.6,0.783
Generalization,m100,m100_GenLight_400_2,3,3,49,61,True,True,False,True,1,1,14,0.349,0.135,False,False,False,True,1,NaN,NaN,True,True,True,0.667,0.667,1.0,0.6,0.6,0.6,0.8
Generalization,m100,m100_GenLight_400_2,3,3,50,61,True,True,False,True,1,1,14,2.537,0.212,True,True,False,True,1,0.349,0.135,False,False,True,0.667,0.667,1.0,0.6,0.6,0.8,0.817
Generalization,m100,m100_GenLight_400_2,3,3,51,61,True,True,False,True,3,2,18,5.383,0.263,True,True,False,True,1,2.537,0.212,True,True,True,0.667,0.667,1.0,0.8,0.8,1.0,0.833
Generalization,m100,m100_GenLight_400_2,3,3,52,61,True,True,False,True,3,1,14,1.614,0.144,True,True,False,True,3,5.383,0.263,True,True,True,1.0,1.0,1.0,0.8,0.8,1.0,0.85
Generalization,m100,m100_GenLight_400_2,3,3,53,61,True,True,False,True,2,1,30,1.094,0.117,True,True,False,True,3,1.614,0.144,True,True,True,1.0,1.0,1.0,0.8,0.8,1.0,0.867
Generalization,m100,m100_GenLight_400_2,3,3,54,61,False,True,False,True,4,0,22,NaN,NaN,True,True,False,True,2,1.094,0.117,True,True,True,1.0,1.0,1.0,1.0,1.0,1.0,0.883
Generalization,m100,m100_GenLight_400_2,3,3,55,61,True,True,False,True,12,1,52,0.485,0.183,False,True,False,True,4,NaN,NaN,True,True,True,1.0,0.667,1.0,1.0,0.8,1.0,0.9
Generalization,m100,m100_GenLight_400_2,3,3,56,61,True,True,False,True,2,1,16,0.967,0.164,True,True,False,True,12,0.485,0.183,True,False,True,1.0,0.667,1.0,1.0,0.8,1.0,0.917
Generalization,m100,m100_GenLight_400_2,3,3,57,61,True,True,False,False,0,1,10,2.328,0.144,True,True,False,True,2,0.967,0.164,True,True,True,1.0,0.667,1.0,1.0,0.8,1.0,0.933
Generalization,m100,m100_GenLight_400_2,3,3,58,61,True,True,False,True,6,1,26,2.188,0.184,True,True,False,False,0,2.328,0.144,True,True,True,1.0,1.0,0.667,1.0,0.8,0.8,0.95
Generalization,m100,m100_GenLight_400_2,3,3,59,61,True,True,False,True,4,1,38,0.134,0.264,True,True,False,True,6,2.188,0.184,True,True,False,1.0,1.0,0.667,1.0,0.8,0.8,0.967
Generalization,m100,m100_GenLight_400_2,3,3,60,61,True,True,False,True,5,1,40,0.54,0.151,True,True,False,True,4,0.134,0.264,True,True,True,1.0,1.0,0.667,1.0,1.0,0.8,0.983
Generalization,m100,m100_GenLight_400_2,3,3,61,61,False,False,False,True,1,0,0,NaN,NaN,True,True,False,True,5,0.54,0.151,True,True,True,1.0,1.0,1.0,1.0,1.0,0.8,1.0
Generalization,m100,m100_GenLight_400_2,4,4,1,61,True,True,False,True,2,1,22,2.206,0.144,,,,,,NaN,NaN,,,,NaN,NaN,NaN,NaN,NaN,NaN,0.0
Generalization,m100,m100_GenLight_400_2,4,4,2,61,False,False,False,True,1,0,2,NaN,NaN,True,True,False,True,2,2.206,0.144,,,,1.0,1.0,1.0,1.0,1.0,1.0,0.017
Generalization,m100,m100_GenLight_400_2,4,4,3,61,True,True,False,True,6,1,40,1.535,0.147,False,False,False,True,1,NaN,NaN,True,True,True,0.5,0.5,1.0,0.5,0.5,1.0,0.033
Generalization,m100,m100_GenLight_400_2,4,4,4,61,True,True,False,True,7,1,32,1.127,0.109,True,True,False,True,6,1.535,0.147,False,False,True,0.667,0.667,1.0,0.667,0.667,1.0,0.05
Generalization,m100,m100_GenLight_400_2,4,4,5,61,True,True,False,True,6,1,26,0.357,0.157,True,True,False,True,7,1.127,0.109,True,True,True,0.667,0.667,1.0,0.75,0.75,1.0,0.067
Generalization,m100,m100_GenLight_400_2,4,4,6,61,True,True,False,True,1,1,22,5.598,0.164,True,True,False,True,6,0.357,0.157,True,True,True,1.0,1.0,1.0,0.8,0.8,1.0,0.083
Generalization,m100,m100_GenLight_400_2,4,4,7,61,False,False,False,True,3,0,14,NaN,NaN,True,True,False,True,1,5.598,0.164,True,True,True,1.0,1.0,1.0,0.8,0.8,1.0,0.1
Generalization,m100,m100_GenLight_400_2,4,4,8,61,True,True,False,True,2,1,18,1.741,0.211,False,False,False,True,3,NaN,NaN,True,True,True,0.667,0.667,1.0,0.8,0.8,1.0,0.117
Generalization,m100,m100_GenLight_400_2,4,4,9,61,True,True,False,True,15,1,84,1.528,0.183,True,True,False,True,2,1.741,0.211,False,False,True,0.667,0.667,1.0,0.8,0.8,1.0,0.133
Generalization,m100,m100_GenLight_400_2,4,4,10,61,True,True,False,True,1,1,20,2.984,0.19,True,True,False,True,15,1.528,0.183,True,True,True,0.667,0.667,1.0,0.8,0.8,1.0,0.15
Generalization,m100,m100_GenLight_400_2,4,4,11,61,False,False,False,True,2,0,6,NaN,NaN,True,True,False,True,1,2.984,0.19,True,True,True,1.0,1.0,1.0,0.8,0.8,1.0,0.167
Generalization,m100,m100_GenLight_400_2,4,4,12,61,True,True,False,True,2,1,30,5.236,0.201,False,False,False,True,2,NaN,NaN,True,True,True,0.667,0.667,1.0,0.6,0.6,1.0,0.183
Generalization,m100,m100_GenLight_400_2,4,4,13,61,True,True,False,True,2,1,22,1.477,0.191,True,True,False,True,2,5.236,0.201,False,False,True,0.667,0.667,1.0,0.8,0.8,1.0,0.2
Generalization,m100,m100_GenLight_400_2,4,4,14,61,True,True,False,True,3,1,26,1.99,0.112,True,True,False,True,2,1.477,0.191,True,True,True,0.667,0.667,1.0,0.8,0.8,1.0,0.217
Generalization,m100,m100_GenLight_400_2,4,4,15,61,True,True,False,True,1,1,14,1.871,0.241,True,True,False,True,3,1.99,0.112,True,True,True,1.0,1.0,1.0,0.8,0.8,1.0,0.233
Generalization,m100,m100_GenLight_400_2,4,4,16,61,False,False,False,True,2,0,14,NaN,NaN,True,True,False,True,1,1.871,0.241,True,True,True,1.0,1.0,1.0,0.8,0.8,1.0,0.25
Generalization,m100,m100_GenLight_400_2,4,4,17,61,True,True,False,True,1,1,20,3.273,0.154,False,False,False,True,2,NaN,NaN,True,True,True,0.667,0.667,1.0,0.8,0.8,1.0,0.267
Generalization,m100,m100_GenLight_400_2,4,4,18,61,True,True,False,True,2,1,22,3.705,0.109,True,True,False,True,1,3.273,0.154,False,False,True,0.667,0.667,1.0,0.8,0.8,1.0,0.283
Generalization,m100,m100_GenLight_400_2,4,4,19,61,True,True,False,True,12,1,40,1.283,0.119,True,True,False,True,2,3.705,0.109,True,True,True,0.667,0.667,1.0,0.8,0.8,1.0,0.3
Generalization,m100,m100_GenLight_400_2,4,4,20,61,True,True,False,True,2,1,8,5.213,0.186,True,True,False,True,12,1.283,0.119,True,True,True,1.0,1.0,1.0,0.8,0.8,1.0,0.317
Generalization,m100,m100_GenLight_400_2,4,4,21,61,True,True,False,True,3,1,26,0.32,0.151,True,True,False,True,2,5.213,0.186,True,True,True,1.0,1.0,1.0,0.8,0.8,1.0,0.333
Generalization,m100,m100_GenLight_400_2,4,4,22,61,True,True,False,True,1,1,16,2.038,0.108,True,True,False,True,3,0.32,0.151,True,True,True,1.0,1.0,1.0,1.0,1.0,1.0,0.35
Generalization,m100,m100_GenLight_400_2,4,4,23,61,True,True,False,True,2,1,24,1.737,0.114,True,True,False,True,1,2.038,0.108,True,True,True,1.0,1.0,1.0,1.0,1.0,1.0,0.367
Generalization,m100,m100_GenLight_400_2,4,4,24,61,True,True,False,False,0,1,8,1.763,0.162,True,True,False,True,2,1.737,0.114,True,True,True,1.0,1.0,1.0,1.0,1.0,1.0,0.383
Generalization,m100,m100_GenLight_400_2,4,4,25,61,False,False,False,True,2,0,8,NaN,NaN,True,True,False,False,0,1.763,0.162,True,True,True,1.0,1.0,0.667,1.0,1.0,0.8,0.4
Generalization,m100,m100_GenLight_400_2,4,4,26,61,True,True,False,True,5,1,32,0.439,0.207,False,False,False,True,2,NaN,NaN,True,True,False,0.667,0.667,0.667,0.8,0.8,0.8,0.417
Generalization,m100,m100_GenLight_400_2,4,4,27,61,True,True,False,True,2,1,18,0.71,0.154,True,True,False,True,5,0.439,0.207,False,False,True,0.667,0.667,0.667,0.8,0.8,0.8,0.433
Generalization,m100,m100_GenLight_400_2,4,4,28,61,True,True,False,True,2,1,20,0.611,0.209,True,True,False,True,2,0.71,0.154,True,True,True,0.667,0.667,1.0,0.8,0.8,0.8,0.45
Generalization,m100,m100_GenLight_400_2,4,4,29,61,True,True,False,False,0,1,8,4.64,0.128,True,True,False,True,2,0.611,0.209,True,True,True,1.0,1.0,1.0,0.8,0.8,0.8,0.467
Generalization,m100,m100_GenLight_400_2,4,4,30,61,False,False,False,False,0,0,0,NaN,NaN,True,True,False,False,0,4.64,0.128,True,True,True,1.0,1.0,0.667,0.8,0.8,0.8,0.483
Generalization,m100,m100_GenLight_400_2,4,4,31,61,True,True,False,True,1,1,26,7.672,0.155,False,False,False,False,0,NaN,NaN,True,True,False,0.667,0.667,0.333,0.8,0.8,0.6,0.5
Generalization,m100,m100_GenLight_400_2,4,4,32,61,True,True,False,True,2,1,20,2.931,0.106,True,True,False,True,1,7.672,0.155,False,False,False,0.667,0.667,0.333,0.8,0.8,0.6,0.517
Generalization,m100,m100_GenLight_400_2,4,4,33,61,True,True,False,True,1,1,8,0.273,0.239,True,True,False,True,2,2.931,0.106,True,True,True,0.667,0.667,0.667,0.8,0.8,0.6,0.533
Generalization,m100,m100_GenLight_400_2,4,4,34,61,True,True,False,True,4,1,26,2.41,0.184,True,True,False,True,1,0.273,0.239,True,True,True,1.0,1.0,1.0,0.8,0.8,0.6,0.55
Generalization,m100,m100_GenLight_400_2,4,4,35,61,True,True,False,True,2,1,30,6.726,0.218,True,True,False,True,4,2.41,0.184,True,True,True,1.0,1.0,1.0,0.8,0.8,0.8,0.567
Generalization,m100,m100_GenLight_400_2,4,4,36,61,True,False,True,True,1,1,12,0.874,0.101,True,True,False,True,2,6.726,0.218,True,True,True,1.0,1.0,1.0,1.0,1.0,1.0,0.583
Generalization,m100,m100_GenLight_400_2,4,4,37,61,True,True,False,True,1,1,12,0.424,0.104,True,False,True,True,1,0.874,0.101,True,True,True,0.667,1.0,1.0,0.8,1.0,1.0,0.6
Generalization,m100,m100_GenLight_400_2,4,4,38,61,True,True,False,False,0,1,10,5.895,0.16,True,True,False,True,1,0.424,0.104,False,True,True,0.667,1.0,1.0,0.8,1.0,1.0,0.617
Generalization,m100,m100_GenLight_400_2,4,4,39,61,True,True,False,False,0,1,6,5.129,0.209,True,True,False,False,0,5.895,0.16,True,True,True,0.667,1.0,0.667,0.8,1.0,0.8,0.633
Generalization,m100,m100_GenLight_400_2,4,4,40,61,True,True,False,False,0,1,14,1.676,0.207,True,True,False,False,0,5.129,0.209,True,True,False,1.0,1.0,0.333,0.8,1.0,0.6,0.65
Generalization,m100,m100_GenLight_400_2,4,4,41,61,True,True,False,True,2,1,12,0.441,0.274,True,True,False,False,0,1.676,0.207,True,True,False,1.0,1.0,0.0,0.8,1.0,0.4,0.667
Generalization,m100,m100_GenLight_400_2,4,4,42,61,False,False,False,True,2,0,4,NaN,NaN,True,True,False,True,2,0.441,0.274,True,True,False,1.0,1.0,0.333,1.0,1.0,0.4,0.683
Generalization,m100,m100_GenLight_400_2,4,4,43,61,True,False,True,False,0,1,6,3.95,0.19,False,False,False,True,2,NaN,NaN,True,True,True,0.667,0.667,0.667,0.8,0.8,0.4,0.7
Generalization,m100,m100_GenLight_400_2,4,4,44,61,True,True,False,True,2,1,14,5.834,0.182,True,False,True,False,0,3.95,0.19,False,False,True,0.333,0.667,0.667,0.6,0.8,0.4,0.717
Generalization,m100,m100_GenLight_400_2,4,4,45,61,True,True,False,False,0,1,8,1.119,0.227,True,True,False,True,2,5.834,0.182,False,True,False,0.333,0.667,0.667,0.6,0.8,0.6,0.733
Generalization,m100,m100_GenLight_400_2,4,4,46,61,True,True,False,False,0,1,12,1.732,0.206,True,True,False,False,0,1.119,0.227,True,True,True,0.667,1.0,0.333,0.6,0.8,0.6,0.75
Generalization,m100,m100_GenLight_400_2,4,4,47,61,True,True,False,True,3,1,16,5.125,0.188,True,True,False,False,0,1.732,0.206,True,True,False,1.0,1.0,0.333,0.6,0.8,0.4,0.767
Generalization,m100,m100_GenLight_400_2,4,4,48,61,False,False,False,False,0,0,0,NaN,NaN,True,True,False,True,3,5.125,0.188,True,True,False,1.0,1.0,0.333,0.8,1.0,0.4,0.783
Generalization,m100,m100_GenLight_400_2,4,4,49,61,False,False,False,False,0,0,0,NaN,NaN,False,False,False,False,0,NaN,NaN,True,True,True,0.667,0.667,0.333,0.8,0.8,0.4,0.8
Generalization,m100,m100_GenLight_400_2,4,4,50,61,True,True,False,True,1,1,8,7.033,0.234,False,False,False,False,0,NaN,NaN,False,False,False,0.333,0.333,0.333,0.6,0.6,0.2,0.817
Generalization,m100,m100_GenLight_400_2,4,4,51,61,True,True,False,False,0,1,10,0.506,0.255,True,True,False,True,1,7.033,0.234,False,False,False,0.333,0.333,0.333,0.6,0.6,0.4,0.833
Generalization,m100,m100_GenLight_400_2,4,4,52,61,True,False,True,True,1,1,6,0.515,0.415,True,True,False,False,0,0.506,0.255,True,True,True,0.667,0.667,0.333,0.6,0.6,0.4,0.85
Generalization,m100,m100_GenLight_400_2,4,4,53,61,False,False,False,True,1,0,6,NaN,NaN,True,False,True,True,1,0.515,0.415,True,True,False,0.667,1.0,0.667,0.4,0.6,0.4,0.867
Generalization,m100,m100_GenLight_400_2,4,4,54,61,True,True,False,False,0,1,8,1.784,0.143,False,False,False,True,1,NaN,NaN,False,True,True,0.333,0.667,0.667,0.4,0.6,0.6,0.883
Generalization,m100,m100_GenLight_400_2,4,4,55,61,False,False,False,False,0,0,0,NaN,NaN,True,True,False,False,0,1.784,0.143,False,False,True,0.333,0.667,0.667,0.6,0.8,0.6,0.9
Generalization,m100,m100_GenLight_400_2,4,4,56,61,True,True,False,False,0,1,14,3.152,0.204,False,False,False,False,0,NaN,NaN,True,True,False,0.333,0.333,0.333,0.4,0.6,0.4,0.917
Generalization,m100,m100_GenLight_400_2,4,4,57,61,True,True,False,True,1,1,8,1.21,0.126,True,True,False,False,0,3.152,0.204,False,False,False,0.667,0.667,0.0,0.4,0.6,0.4,0.933
Generalization,m100,m100_GenLight_400_2,4,4,58,61,True,False,True,True,2,2,2,3.7,12.552,True,True,False,True,1,1.21,0.126,True,True,False,0.667,0.667,0.333,0.6,0.6,0.4,0.95
Generalization,m100,m100_GenLight_400_2,4,4,59,61,True,True,False,True,2,1,18,0.519,0.207,True,False,True,True,2,3.7,12.552,True,True,True,0.667,1.0,0.667,0.6,0.8,0.4,0.967
Generalization,m100,m100_GenLight_400_2,4,4,60,61,False,False,False,True,1,0,0,NaN,NaN,True,True,False,True,2,0.519,0.207,False,True,True,0.667,1.0,1.0,0.6,0.8,0.6,0.983
Generalization,m100,m100_GenLight_400_2,4,4,61,61,False,False,False,True,1,0,0,NaN,NaN,False,False,False,True,1,NaN,NaN,True,True,True,0.333,0.667,1.0,0.6,0.8,0.8,1.0
Generalization,m101,m101_GenLight_400,1,1,1,61,False,False,False,False,0,0,0,NaN,NaN,,,,,,NaN,NaN,,,,NaN,NaN,NaN,NaN,NaN,NaN,0.0
Generalization,m101,m101_GenLight_400,1,1,2,61,True,True,False,True,3,1,32,6.277,0.467,False,False,False,False,0,NaN,NaN,,,,0.0,0.0,0.0,0.0,0.0,0.0,0.017
Generalization,m101,m101_GenLight_400,1,1,3,61,False,False,False,True,1,0,6,NaN,NaN,True,True,False,True,3,6.277,0.467,False,False,False,0.5,0.5,0.5,0.5,0.5,0.5,0.033
Generalization,m101,m101_GenLight_400,1,1,4,61,True,True,False,True,5,1,44,4.873,0.188,False,False,False,True,1,NaN,NaN,True,True,True,0.333,0.333,0.667,0.333,0.333,0.667,0.05
Generalization,m101,m101_GenLight_400,1,1,5,61,False,False,False,True,1,0,14,NaN,NaN,True,True,False,True,5,4.873,0.188,False,False,True,0.667,0.667,1.0,0.5,0.5,0.75,0.067
Generalization,m101,m101_GenLight_400,1,1,6,61,False,False,False,True,6,0,40,NaN,NaN,False,False,False,True,1,NaN,NaN,True,True,True,0.333,0.333,1.0,0.4,0.4,0.8,0.083
Generalization,m101,m101_GenLight_400,1,1,7,61,False,False,False,False,0,0,0,NaN,NaN,False,False,False,True,6,NaN,NaN,False,False,True,0.333,0.333,1.0,0.4,0.4,1.0,0.1
Generalization,m101,m101_GenLight_400,1,1,8,61,True,True,False,True,3,1,28,5.416,0.32,False,False,False,False,0,NaN,NaN,False,False,True,0.0,0.0,0.667,0.2,0.2,0.8,0.117
Generalization,m101,m101_GenLight_400,1,1,9,61,False,False,False,True,2,0,2,NaN,NaN,True,True,False,True,3,5.416,0.32,False,False,False,0.333,0.333,0.667,0.4,0.4,0.8,0.133
Generalization,m101,m101_GenLight_400,1,1,10,61,False,False,False,True,3,0,10,NaN,NaN,False,False,False,True,2,NaN,NaN,True,True,True,0.333,0.333,0.667,0.2,0.2,0.8,0.15
Generalization,m101,m101_GenLight_400,1,1,11,61,False,False,False,True,1,0,12,NaN,NaN,False,False,False,True,3,NaN,NaN,False,False,True,0.333,0.333,1.0,0.2,0.2,0.8,0.167
Generalization,m101,m101_GenLight_400,1,1,12,61,False,False,False,False,0,0,0,NaN,NaN,False,False,False,True,1,NaN,NaN,False,False,True,0.0,0.0,1.0,0.2,0.2,0.8,0.183
Generalization,m101,m101_GenLight_400,1,1,13,61,False,False,False,True,3,0,12,NaN,NaN,False,False,False,False,0,NaN,NaN,False,False,True,0.0,0.0,0.667,0.2,0.2,0.8,0.2
Generalization,m101,m101_GenLight_400,1,1,14,61,False,False,False,False,0,0,0,NaN,NaN,False,False,False,True,3,NaN,NaN,False,False,False,0.0,0.0,0.667,0.0,0.0,0.8,0.217
Generalization,m101,m101_GenLight_400,1,1,15,61,False,False,False,True,4,0,22,NaN,NaN,False,False,False,False,0,NaN,NaN,False,False,True,0.0,0.0,0.333,0.0,0.0,0.6,0.233
Generalization,m101,m101_GenLight_400,1,1,16,61,False,False,False,True,9,0,20,NaN,NaN,False,False,False,True,4,NaN,NaN,False,False,False,0.0,0.0,0.667,0.0,0.0,0.6,0.25
Generalization,m101,m101_GenLight_400,1,1,17,61,False,False,False,True,1,0,4,NaN,NaN,False,False,False,True,9,NaN,NaN,False,False,True,0.0,0.0,0.667,0.0,0.0,0.6,0.267
Generalization,m101,m101_GenLight_400,1,1,18,61,False,False,False,False,0,0,0,NaN,NaN,False,False,False,True,1,NaN,NaN,False,False,True,0.0,0.0,1.0,0.0,0.0,0.8,0.283
Generalization,m101,m101_GenLight_400,1,1,19,61,False,False,False,False,0,0,0,NaN,NaN,False,False,False,False,0,NaN,NaN,False,False,True,0.0,0.0,0.667,0.0,0.0,0.6,0.3
Generalization,m101,m101_GenLight_400,1,1,20,61,False,False,False,False,0,0,0,NaN,NaN,False,False,False,False,0,NaN,NaN,False,False,False,0.0,0.0,0.333,0.0,0.0,0.6,0.317
Generalization,m101,m101_GenLight_400,1,1,21,61,False,False,False,False,0,0,0,NaN,NaN,False,False,False,False,0,NaN,NaN,False,False,False,0.0,0.0,0.0,0.0,0.0,0.4,0.333
Generalization,m101,m101_GenLight_400,1,1,22,61,False,False,False,False,0,0,0,NaN,NaN,False,False,False,False,0,NaN,NaN,False,False,False,0.0,0.0,0.0,0.0,0.0,0.2,0.35
Generalization,m101,m101_GenLight_400,1,1,23,61,False,False,False,False,0,0,0,NaN,NaN,False,False,False,False,0,NaN,NaN,False,False,False,0.0,0.0,0.0,0.0,0.0,0.0,0.367
Generalization,m101,m101_GenLight_400,1,1,24,61,False,False,False,False,0,0,0,NaN,NaN,False,False,False,False,0,NaN,NaN,False,False,False,0.0,0.0,0.0,0.0,0.0,0.0,0.383
Generalization,m101,m101_GenLight_400,1,1,25,61,False,False,False,False,0,0,0,NaN,NaN,False,False,False,False,0,NaN,NaN,False,False,False,0.0,0.0,0.0,0.0,0.0,0.0,0.4
Generalization,m101,m101_GenLight_400,1,1,26,61,False,False,False,False,0,0,0,NaN,NaN,False,False,False,False,0,NaN,NaN,False,False,False,0.0,0.0,0.0,0.0,0.0,0.0,0.417
Generalization,m101,m101_GenLight_400,1,1,27,61,False,False,False,False,0,0,0,NaN,NaN,False,False,False,False,0,NaN,NaN,False,False,False,0.0,0.0,0.0,0.0,0.0,0.0,0.433
Generalization,m101,m101_GenLight_400,1,1,28,61,False,False,False,False,0,0,0,NaN,NaN,False,False,False,False,0,NaN,NaN,False,False,False,0.0,0.0,0.0,0.0,0.0,0.0,0.45
Generalization,m101,m101_GenLight_400,1,1,29,61,False,False,False,False,0,0,0,NaN,NaN,False,False,False,False,0,NaN,NaN,False,False,False,0.0,0.0,0.0,0.0,0.0,0.0,0.467
Generalization,m101,m101_GenLight_400,1,1,30,61,False,False,False,False,0,0,0,NaN,NaN,False,False,False,False,0,NaN,NaN,False,False,False,0.0,0.0,0.0,0.0,0.0,0.0,0.483
Generalization,m101,m101_GenLight_400,1,1,31,61,False,False,False,True,1,0,4,NaN,NaN,False,False,False,False,0,NaN,NaN,False,False,False,0.0,0.0,0.0,0.0,0.0,0.0,0.5
Generalization,m101,m101_GenLight_400,1,1,32,61,False,False,False,False,0,0,0,NaN,NaN,False,False,False,True,1,NaN,NaN,False,False,False,0.0,0.0,0.333,0.0,0.0,0.2,0.517
Generalization,m101,m101_GenLight_400,1,1,33,61,True,True,False,True,6,1,42,3.13,0.35,False,False,False,False,0,NaN,NaN,False,False,True,0.0,0.0,0.333,0.0,0.0,0.2,0.533
Generalization,m101,m101_GenLight_400,1,1,34,61,True,True,False,True,1,2,18,3.106,1.311,True,True,False,True,6,3.13,0.35,False,False,False,0.333,0.333,0.667,0.2,0.2,0.4,0.55
Generalization,m101,m101_GenLight_400,1,1,35,61,False,False,False,True,2,0,4,NaN,NaN,True,True,False,True,1,3.106,1.311,True,True,True,0.667,0.667,0.667,0.4,0.4,0.6,0.567
Generalization,m101,m101_GenLight_400,1,1,36,61,True,True,False,True,1,1,14,1.352,0.23,False,False,False,True,2,NaN,NaN,True,True,True,0.667,0.667,1.0,0.4,0.4,0.8,0.583
Generalization,m101,m101_GenLight_400,1,1,37,61,False,False,False,False,0,0,0,NaN,NaN,True,True,False,True,1,1.352,0.23,False,False,True,0.667,0.667,1.0,0.6,0.6,0.8,0.6
Generalization,m101,m101_GenLight_400,1,1,38,61,False,False,False,True,1,0,10,NaN,NaN,False,False,False,False,0,NaN,NaN,True,True,True,0.333,0.333,0.667,0.6,0.6,0.8,0.617
Generalization,m101,m101_GenLight_400,1,1,39,61,True,True,False,True,8,1,46,0.53,0.206,False,False,False,True,1,NaN,NaN,False,False,False,0.333,0.333,0.667,0.4,0.4,0.8,0.633
Generalization,m101,m101_GenLight_400,1,1,40,61,True,True,False,True,1,1,16,2.427,0.413,True,True,False,True,8,0.53,0.206,False,False,True,0.333,0.333,0.667,0.4,0.4,0.8,0.65
Generalization,m101,m101_GenLight_400,1,1,41,61,True,False,True,True,2,1,18,5.046,0.187,True,True,False,True,1,2.427,0.413,True,True,True,0.667,0.667,1.0,0.6,0.6,0.8,0.667
Generalization,m101,m101_GenLight_400,1,1,42,61,False,False,False,True,1,0,2,NaN,NaN,True,False,True,True,2,5.046,0.187,True,True,True,0.667,1.0,1.0,0.4,0.6,0.8,0.683
Generalization,m101,m101_GenLight_400,1,1,43,61,False,False,False,False,0,0,0,NaN,NaN,False,False,False,True,1,NaN,NaN,False,True,True,0.333,0.667,1.0,0.4,0.6,1.0,0.7
Generalization,m101,m101_GenLight_400,1,1,44,61,False,False,False,False,0,0,0,NaN,NaN,False,False,False,False,0,NaN,NaN,False,False,True,0.0,0.333,0.667,0.4,0.6,0.8,0.717
Generalization,m101,m101_GenLight_400,1,1,45,61,False,False,False,False,0,0,0,NaN,NaN,False,False,False,False,0,NaN,NaN,False,False,False,0.0,0.0,0.333,0.2,0.4,0.6,0.733
Generalization,m101,m101_GenLight_400,1,1,46,61,True,True,False,True,2,1,20,0.651,0.212,False,False,False,False,0,NaN,NaN,False,False,False,0.0,0.0,0.0,0.0,0.2,0.4,0.75
Generalization,m101,m101_GenLight_400,1,1,47,61,True,True,False,True,2,1,36,2.62,0.271,True,True,False,True,2,0.651,0.212,False,False,False,0.333,0.333,0.333,0.2,0.2,0.4,0.767
Generalization,m101,m101_GenLight_400,1,1,48,61,True,True,False,False,0,1,14,4.734,0.236,True,True,False,True,2,2.62,0.271,True,True,True,0.667,0.667,0.667,0.4,0.4,0.4,0.783
Generalization,m101,m101_GenLight_400,1,1,49,61,False,False,False,False,0,0,0,NaN,NaN,True,True,False,False,0,4.734,0.236,True,True,True,1.0,1.0,0.667,0.6,0.6,0.4,0.8
Generalization,m101,m101_GenLight_400,1,1,50,61,False,False,False,True,1,0,10,NaN,NaN,False,False,False,False,0,NaN,NaN,True,True,False,0.667,0.667,0.333,0.6,0.6,0.4,0.817
Generalization,m101,m101_GenLight_400,1,1,51,61,False,False,False,True,1,0,12,NaN,NaN,False,False,False,True,1,NaN,NaN,False,False,False,0.333,0.333,0.333,0.6,0.6,0.6,0.833
Generalization,m101,m101_GenLight_400,1,1,52,61,False,False,False,True,4,0,14,NaN,NaN,False,False,False,True,1,NaN,NaN,False,False,True,0.0,0.0,0.667,0.4,0.4,0.6,0.85
Generalization,m101,m101_GenLight_400,1,1,53,61,False,False,False,False,0,0,0,NaN,NaN,False,False,False,True,4,NaN,NaN,False,False,True,0.0,0.0,1.0,0.2,0.2,0.6,0.867
Generalization,m101,m101_GenLight_400,1,1,54,61,False,False,False,True,2,0,0,NaN,NaN,False,False,False,False,0,NaN,NaN,False,False,True,0.0,0.0,0.667,0.0,0.0,0.6,0.883
Generalization,m101,m101_GenLight_400,1,1,55,61,False,False,False,True,7,0,36,NaN,NaN,False,False,False,True,2,NaN,NaN,False,False,False,0.0,0.0,0.667,0.0,0.0,0.8,0.9
Generalization,m101,m101_GenLight_400,1,1,56,61,False,False,False,True,4,0,6,NaN,NaN,False,False,False,True,7,NaN,NaN,False,False,True,0.0,0.0,0.667,0.0,0.0,0.8,0.917
Generalization,m101,m101_GenLight_400,1,1,57,61,True,False,True,True,2,1,12,7.509,11.87,False,False,False,True,4,NaN,NaN,False,False,True,0.0,0.0,1.0,0.0,0.0,0.8,0.933
Generalization,m101,m101_GenLight_400,1,1,58,61,True,True,False,True,8,2,36,2.123,0.796,True,False,True,True,2,7.509,11.87,False,False,True,0.0,0.333,1.0,0.0,0.2,0.8,0.95
Generalization,m101,m101_GenLight_400,1,1,59,61,False,False,False,False,0,0,0,NaN,NaN,True,True,False,True,8,2.123,0.796,False,True,True,0.333,0.667,1.0,0.2,0.4,1.0,0.967
Generalization,m101,m101_GenLight_400,1,1,60,61,False,False,False,False,0,0,0,NaN,NaN,False,False,False,False,0,NaN,NaN,True,True,True,0.333,0.667,0.667,0.2,0.4,0.8,0.983
Generalization,m101,m101_GenLight_400,1,1,61,61,False,False,False,False,0,0,0,NaN,NaN,False,False,False,False,0,NaN,NaN,False,False,False,0.333,0.333,0.333,0.2,0.4,0.6,1.0
Generalization,m101,m101_GenLight_400,2,2,1,60,True,True,False,True,3,1,26,3.453,0.392,,,,,,NaN,NaN,,,,NaN,NaN,NaN,NaN,NaN,NaN,0.0
Generalization,m101,m101_GenLight_400,2,2,2,60,True,True,False,True,7,1,32,6.48,0.322,True,True,False,True,3,3.453,0.392,,,,1.0,1.0,1.0,1.0,1.0,1.0,0.017
Generalization,m101,m101_GenLight_400,2,2,3,60,False,False,False,True,7,0,18,NaN,NaN,True,True,False,True,7,6.48,0.322,True,True,True,1.0,1.0,1.0,1.0,1.0,1.0,0.034
Generalization,m101,m101_GenLight_400,2,2,4,60,False,False,False,True,14,0,112,NaN,NaN,False,False,False,True,7,NaN,NaN,True,True,True,0.667,0.667,1.0,0.667,0.667,1.0,0.051
Generalization,m101,m101_GenLight_400,2,2,5,60,False,False,False,False,0,0,0,NaN,NaN,False,False,False,True,14,NaN,NaN,False,False,True,0.333,0.333,1.0,0.5,0.5,1.0,0.068
Generalization,m101,m101_GenLight_400,2,2,6,60,False,False,False,True,8,0,20,NaN,NaN,False,False,False,False,0,NaN,NaN,False,False,True,0.0,0.0,0.667,0.4,0.4,0.8,0.085
Generalization,m101,m101_GenLight_400,2,2,7,60,False,False,False,True,3,0,12,NaN,NaN,False,False,False,True,8,NaN,NaN,False,False,False,0.0,0.0,0.667,0.2,0.2,0.8,0.102
Generalization,m101,m101_GenLight_400,2,2,8,60,True,True,False,False,0,1,24,4.149,0.42,False,False,False,True,3,NaN,NaN,False,False,True,0.0,0.0,0.667,0.0,0.0,0.8,0.119
Generalization,m101,m101_GenLight_400,2,2,9,60,False,False,False,True,1,0,16,NaN,NaN,True,True,False,False,0,4.149,0.42,False,False,True,0.333,0.333,0.667,0.2,0.2,0.6,0.136
Generalization,m101,m101_GenLight_400,2,2,10,60,False,False,False,True,2,0,14,NaN,NaN,False,False,False,True,1,NaN,NaN,True,True,False,0.333,0.333,0.667,0.2,0.2,0.6,0.153
Generalization,m101,m101_GenLight_400,2,2,11,60,True,True,False,True,13,1,96,5.055,0.171,False,False,False,True,2,NaN,NaN,False,False,True,0.333,0.333,0.667,0.2,0.2,0.8,0.169
Generalization,m101,m101_GenLight_400,2,2,12,60,False,False,False,True,7,0,46,NaN,NaN,True,True,False,True,13,5.055,0.171,False,False,True,0.333,0.333,1.0,0.4,0.4,0.8,0.186
Generalization,m101,m101_GenLight_400,2,2,13,60,False,False,False,True,5,0,22,NaN,NaN,False,False,False,True,7,NaN,NaN,True,True,True,0.333,0.333,1.0,0.4,0.4,0.8,0.203
Generalization,m101,m101_GenLight_400,2,2,14,60,False,False,False,True,7,0,24,NaN,NaN,False,False,False,True,5,NaN,NaN,False,False,True,0.333,0.333,1.0,0.2,0.2,1.0,0.22
Generalization,m101,m101_GenLight_400,2,2,15,60,False,False,False,True,1,0,6,NaN,NaN,False,False,False,True,7,NaN,NaN,False,False,True,0.0,0.0,1.0,0.2,0.2,1.0,0.237
Generalization,m101,m101_GenLight_400,2,2,16,60,False,False,False,True,4,0,14,NaN,NaN,False,False,False,True,1,NaN,NaN,False,False,True,0.0,0.0,1.0,0.2,0.2,1.0,0.254
Generalization,m101,m101_GenLight_400,2,2,17,60,False,False,False,True,2,0,4,NaN,NaN,False,False,False,True,4,NaN,NaN,False,False,True,0.0,0.0,1.0,0.0,0.0,1.0,0.271
Generalization,m101,m101_GenLight_400,2,2,18,60,False,False,False,False,0,0,0,NaN,NaN,False,False,False,True,2,NaN,NaN,False,False,True,0.0,0.0,1.0,0.0,0.0,1.0,0.288
Generalization,m101,m101_GenLight_400,2,2,19,60,False,False,False,True,1,0,2,NaN,NaN,False,False,False,False,0,NaN,NaN,False,False,True,0.0,0.0,0.667,0.0,0.0,0.8,0.305
Generalization,m101,m101_GenLight_400,2,2,20,60,True,True,False,True,24,1,68,3.217,0.353,False,False,False,True,1,NaN,NaN,False,False,False,0.0,0.0,0.667,0.0,0.0,0.8,0.322
Generalization,m101,m101_GenLight_400,2,2,21,60,True,True,False,True,4,1,32,0.844,0.203,True,True,False,True,24,3.217,0.353,False,False,True,0.333,0.333,0.667,0.2,0.2,0.8,0.339
Generalization,m101,m101_GenLight_400,2,2,22,60,False,False,False,True,3,0,22,NaN,NaN,True,True,False,True,4,0.844,0.203,True,True,True,0.667,0.667,1.0,0.4,0.4,0.8,0.356
Generalization,m101,m101_GenLight_400,2,2,23,60,True,True,False,True,11,2,52,3.248,0.878,False,False,False,True,3,NaN,NaN,True,True,True,0.667,0.667,1.0,0.4,0.4,0.8,0.373
Generalization,m101,m101_GenLight_400,2,2,24,60,True,True,False,True,8,1,52,5.339,0.198,True,True,False,True,11,3.248,0.878,False,False,True,0.667,0.667,1.0,0.6,0.6,1.0,0.39
Generalization,m101,m101_GenLight_400,2,2,25,60,False,False,False,False,0,0,0,NaN,NaN,True,True,False,True,8,5.339,0.198,True,True,True,0.667,0.667,1.0,0.8,0.8,1.0,0.407
Generalization,m101,m101_GenLight_400,2,2,26,60,False,False,False,False,0,0,0,NaN,NaN,False,False,False,False,0,NaN,NaN,True,True,True,0.667,0.667,0.667,0.6,0.6,0.8,0.424
Generalization,m101,m101_GenLight_400,2,2,27,60,False,False,False,True,8,0,18,NaN,NaN,False,False,False,False,0,NaN,NaN,False,False,False,0.333,0.333,0.333,0.4,0.4,0.6,0.441
Generalization,m101,m101_GenLight_400,2,2,28,60,True,False,True,False,0,4,4,1.534,2.9,False,False,False,True,8,NaN,NaN,False,False,False,0.0,0.0,0.333,0.4,0.4,0.6,0.458
Generalization,m101,m101_GenLight_400,2,2,29,60,True,True,False,True,4,1,32,2.838,0.227,True,False,True,False,0,1.534,2.9,False,False,True,0.0,0.333,0.333,0.2,0.4,0.4,0.475
Generalization,m101,m101_GenLight_400,2,2,30,60,True,False,True,True,3,1,26,0.678,0.33,True,True,False,True,4,2.838,0.227,False,True,False,0.333,0.667,0.667,0.2,0.4,0.4,0.492
Generalization,m101,m101_GenLight_400,2,2,31,60,True,False,True,True,1,1,12,0.512,0.272,True,False,True,True,3,0.678,0.33,True,True,True,0.333,1.0,0.667,0.2,0.6,0.6,0.508
Generalization,m101,m101_GenLight_400,2,2,32,60,False,False,False,False,0,0,0,NaN,NaN,True,False,True,True,1,0.512,0.272,False,True,True,0.333,1.0,1.0,0.2,0.8,0.8,0.525
Generalization,m101,m101_GenLight_400,2,2,33,60,False,False,False,False,0,0,0,NaN,NaN,False,False,False,False,0,NaN,NaN,False,True,True,0.0,0.667,0.667,0.2,0.8,0.6,0.542
Generalization,m101,m101_GenLight_400,2,2,34,60,False,False,False,False,0,0,0,NaN,NaN,False,False,False,False,0,NaN,NaN,False,False,False,0.0,0.333,0.333,0.2,0.6,0.6,0.559
Generalization,m101,m101_GenLight_400,2,2,35,60,True,True,False,True,7,1,64,6.839,1.052,False,False,False,False,0,NaN,NaN,False,False,False,0.0,0.0,0.0,0.0,0.4,0.4,0.576
Generalization,m101,m101_GenLight_400,2,2,36,60,False,False,False,True,1,0,6,NaN,NaN,True,True,False,True,7,6.839,1.052,False,False,False,0.333,0.333,0.333,0.2,0.4,0.4,0.593
Generalization,m101,m101_GenLight_400,2,2,37,60,True,False,True,True,1,1,10,0.999,2.689,False,False,False,True,1,NaN,NaN,True,True,True,0.333,0.333,0.667,0.2,0.2,0.4,0.61
Generalization,m101,m101_GenLight_400,2,2,38,60,True,True,False,True,5,1,40,3.649,0.145,True,False,True,True,1,0.999,2.689,False,False,True,0.333,0.667,1.0,0.2,0.4,0.6,0.627
Generalization,m101,m101_GenLight_400,2,2,39,60,False,False,False,True,11,0,58,NaN,NaN,True,True,False,True,5,3.649,0.145,False,True,True,0.333,0.667,1.0,0.4,0.6,0.8,0.644
Generalization,m101,m101_GenLight_400,2,2,40,60,True,True,False,True,3,1,30,0.596,0.146,False,False,False,True,11,NaN,NaN,True,True,True,0.333,0.667,1.0,0.4,0.6,1.0,0.661
Generalization,m101,m101_GenLight_400,2,2,41,60,False,False,False,True,1,0,2,NaN,NaN,True,True,False,True,3,0.596,0.146,False,False,True,0.667,0.667,1.0,0.4,0.6,1.0,0.678
Generalization,m101,m101_GenLight_400,2,2,42,60,False,False,False,True,7,0,14,NaN,NaN,False,False,False,True,1,NaN,NaN,True,True,True,0.333,0.333,1.0,0.4,0.6,1.0,0.695
Generalization,m101,m101_GenLight_400,2,2,43,60,True,True,False,True,6,1,36,0.381,0.325,False,False,False,True,7,NaN,NaN,False,False,True,0.333,0.333,1.0,0.4,0.4,1.0,0.712
Generalization,m101,m101_GenLight_400,2,2,44,60,False,False,False,False,0,0,0,NaN,NaN,True,True,False,True,6,0.381,0.325,False,False,True,0.333,0.333,1.0,0.4,0.4,1.0,0.729
Generalization,m101,m101_GenLight_400,2,2,45,60,False,False,False,False,0,0,0,NaN,NaN,False,False,False,False,0,NaN,NaN,True,True,True,0.333,0.333,0.667,0.4,0.4,0.8,0.746
Generalization,m101,m101_GenLight_400,2,2,46,60,True,False,True,True,1,4,10,0.55,5.735,False,False,False,False,0,NaN,NaN,False,False,False,0.333,0.333,0.333,0.2,0.2,0.6,0.763
Generalization,m101,m101_GenLight_400,2,2,47,60,True,True,False,True,3,1,24,6.635,0.209,True,False,True,True,1,0.55,5.735,False,False,False,0.0,0.333,0.333,0.2,0.4,0.6,0.78
Generalization,m101,m101_GenLight_400,2,2,48,60,True,True,False,True,4,1,28,4.826,0.043,True,True,False,True,3,6.635,0.209,False,True,True,0.333,0.667,0.667,0.4,0.6,0.6,0.797
Generalization,m101,m101_GenLight_400,2,2,49,60,False,False,False,True,4,0,14,NaN,NaN,True,True,False,True,4,4.826,0.043,True,True,True,0.667,1.0,1.0,0.4,0.6,0.6,0.814
Generalization,m101,m101_GenLight_400,2,2,50,60,True,True,False,True,2,1,32,1.93,0.222,False,False,False,True,4,NaN,NaN,True,True,True,0.667,0.667,1.0,0.4,0.6,0.8,0.831
Generalization,m101,m101_GenLight_400,2,2,51,60,True,True,False,True,5,1,38,7.637,0.155,True,True,False,True,2,1.93,0.222,False,False,True,0.667,0.667,1.0,0.6,0.8,1.0,0.847
Generalization,m101,m101_GenLight_400,2,2,52,60,True,True,False,True,9,2,30,0.142,0.449,True,True,False,True,5,7.637,0.155,True,True,True,0.667,0.667,1.0,0.8,0.8,1.0,0.864
Generalization,m101,m101_GenLight_400,2,2,53,60,True,True,False,True,2,3,26,0.753,0.61,True,True,False,True,9,0.142,0.449,True,True,True,1.0,1.0,1.0,0.8,0.8,1.0,0.881
Generalization,m101,m101_GenLight_400,2,2,54,60,True,True,False,True,7,1,34,2.328,0.221,True,True,False,True,2,0.753,0.61,True,True,True,1.0,1.0,1.0,0.8,0.8,1.0,0.898
Generalization,m101,m101_GenLight_400,2,2,55,60,False,False,False,True,1,0,2,NaN,NaN,True,True,False,True,7,2.328,0.221,True,True,True,1.0,1.0,1.0,1.0,1.0,1.0,0.915
Generalization,m101,m101_GenLight_400,2,2,56,60,True,True,False,False,0,1,14,7.19,0.402,False,False,False,True,1,NaN,NaN,True,True,True,0.667,0.667,1.0,0.8,0.8,1.0,0.932
Generalization,m101,m101_GenLight_400,2,2,57,60,True,True,False,True,2,1,18,0.023,0.666,True,True,False,False,0,7.19,0.402,False,False,True,0.667,0.667,0.667,0.8,0.8,0.8,0.949
Generalization,m101,m101_GenLight_400,2,2,58,60,True,True,False,True,4,1,24,0.97,0.15,True,True,False,True,2,0.023,0.666,True,True,False,0.667,0.667,0.667,0.8,0.8,0.8,0.966
Generalization,m101,m101_GenLight_400,2,2,59,60,False,False,False,False,0,0,0,NaN,NaN,True,True,False,True,4,0.97,0.15,True,True,True,1.0,1.0,0.667,0.8,0.8,0.8,0.983
Generalization,m101,m101_GenLight_400,2,2,60,60,False,False,False,False,0,0,0,NaN,NaN,False,False,False,False,0,NaN,NaN,True,True,True,0.667,0.667,0.667,0.6,0.6,0.6,1.0
Generalization,m101,m101_GenLight_400_2,3,3,1,61,True,False,True,True,8,4,20,4.488,9.57,,,,,,NaN,NaN,,,,NaN,NaN,NaN,NaN,NaN,NaN,0.0
Generalization,m101,m101_GenLight_400_2,3,3,2,61,True,True,False,True,4,1,44,7.503,0.224,True,False,True,True,8,4.488,9.57,,,,0.0,1.0,1.0,0.0,1.0,1.0,0.017
Generalization,m101,m101_GenLight_400_2,3,3,3,61,True,True,False,True,6,1,46,0.807,0.216,True,True,False,True,4,7.503,0.224,False,True,True,0.5,1.0,1.0,0.5,1.0,1.0,0.033
Generalization,m101,m101_GenLight_400_2,3,3,4,61,True,True,False,True,4,3,16,1.647,2.453,True,True,False,True,6,0.807,0.216,True,True,True,0.667,1.0,1.0,0.667,1.0,1.0,0.05
Generalization,m101,m101_GenLight_400_2,3,3,5,61,True,True,False,True,7,1,48,3.481,0.227,True,True,False,True,4,1.647,2.453,True,True,True,1.0,1.0,1.0,0.75,1.0,1.0,0.067
Generalization,m101,m101_GenLight_400_2,3,3,6,61,False,False,False,True,2,0,8,NaN,NaN,True,True,False,True,7,3.481,0.227,True,True,True,1.0,1.0,1.0,0.8,1.0,1.0,0.083
Generalization,m101,m101_GenLight_400_2,3,3,7,61,False,False,False,True,3,0,20,NaN,NaN,False,False,False,True,2,NaN,NaN,True,True,True,0.667,0.667,1.0,0.8,0.8,1.0,0.1
Generalization,m101,m101_GenLight_400_2,3,3,8,61,True,True,False,True,8,1,70,0.931,0.191,False,False,False,True,3,NaN,NaN,False,False,True,0.333,0.333,1.0,0.6,0.6,1.0,0.117
Generalization,m101,m101_GenLight_400_2,3,3,9,61,False,False,False,False,0,0,0,NaN,NaN,True,True,False,True,8,0.931,0.191,False,False,True,0.333,0.333,1.0,0.6,0.6,1.0,0.133
Generalization,m101,m101_GenLight_400_2,3,3,10,61,False,False,False,False,0,0,0,NaN,NaN,False,False,False,False,0,NaN,NaN,True,True,True,0.333,0.333,0.667,0.4,0.4,0.8,0.15
Generalization,m101,m101_GenLight_400_2,3,3,11,61,False,False,False,True,2,0,14,NaN,NaN,False,False,False,False,0,NaN,NaN,False,False,False,0.333,0.333,0.333,0.2,0.2,0.6,0.167
Generalization,m101,m101_GenLight_400_2,3,3,12,61,False,False,False,True,7,0,62,NaN,NaN,False,False,False,True,2,NaN,NaN,False,False,False,0.0,0.0,0.333,0.2,0.2,0.6,0.183
Generalization,m101,m101_GenLight_400_2,3,3,13,61,True,True,False,True,5,1,86,0.728,0.362,False,False,False,True,7,NaN,NaN,False,False,True,0.0,0.0,0.667,0.2,0.2,0.6,0.2
Generalization,m101,m101_GenLight_400_2,3,3,14,61,True,True,False,True,12,1,104,0.669,0.195,True,True,False,True,5,0.728,0.362,False,False,True,0.333,0.333,1.0,0.2,0.2,0.6,0.217
Generalization,m101,m101_GenLight_400_2,3,3,15,61,True,True,False,True,3,1,40,0.668,0.233,True,True,False,True,12,0.669,0.195,True,True,True,0.667,0.667,1.0,0.4,0.4,0.8,0.233
Generalization,m101,m101_GenLight_400_2,3,3,16,61,False,False,False,True,1,0,4,NaN,NaN,True,True,False,True,3,0.668,0.233,True,True,True,1.0,1.0,1.0,0.6,0.6,1.0,0.25
Generalization,m101,m101_GenLight_400_2,3,3,17,61,True,True,False,True,4,1,64,1.009,0.287,False,False,False,True,1,NaN,NaN,True,True,True,0.667,0.667,1.0,0.6,0.6,1.0,0.267
Generalization,m101,m101_GenLight_400_2,3,3,18,61,True,True,False,True,9,1,64,1.855,0.321,True,True,False,True,4,1.009,0.287,False,False,True,0.667,0.667,1.0,0.8,0.8,1.0,0.283
Generalization,m101,m101_GenLight_400_2,3,3,19,61,True,True,False,True,5,1,48,0.698,0.232,True,True,False,True,9,1.855,0.321,True,True,True,0.667,0.667,1.0,0.8,0.8,1.0,0.3
Generalization,m101,m101_GenLight_400_2,3,3,20,61,True,True,False,True,1,1,20,7.054,0.237,True,True,False,True,5,0.698,0.232,True,True,True,1.0,1.0,1.0,0.8,0.8,1.0,0.317
Generalization,m101,m101_GenLight_400_2,3,3,21,61,False,False,False,False,0,0,0,NaN,NaN,True,True,False,True,1,7.054,0.237,True,True,True,1.0,1.0,1.0,0.8,0.8,1.0,0.333
Generalization,m101,m101_GenLight_400_2,3,3,22,61,False,False,False,False,0,0,0,NaN,NaN,False,False,False,False,0,NaN,NaN,True,True,True,0.667,0.667,0.667,0.8,0.8,0.8,0.35
Generalization,m101,m101_GenLight_400_2,3,3,23,61,True,False,True,True,2,1,20,4.497,0.265,False,False,False,False,0,NaN,NaN,False,False,False,0.333,0.333,0.333,0.6,0.6,0.6,0.367
Generalization,m101,m101_GenLight_400_2,3,3,24,61,True,True,False,True,6,1,44,5.78,0.175,True,False,True,True,2,4.497,0.265,False,False,False,0.0,0.333,0.333,0.4,0.6,0.6,0.383
Generalization,m101,m101_GenLight_400_2,3,3,25,61,False,False,False,True,4,0,16,NaN,NaN,True,True,False,True,6,5.78,0.175,False,True,True,0.333,0.667,0.667,0.4,0.6,0.6,0.4
Generalization,m101,m101_GenLight_400_2,3,3,26,61,True,True,False,True,1,1,22,0.609,0.213,False,False,False,True,4,NaN,NaN,True,True,True,0.333,0.667,1.0,0.2,0.4,0.6,0.417
Generalization,m101,m101_GenLight_400_2,3,3,27,61,True,True,False,True,5,1,36,0.939,0.163,True,True,False,True,1,0.609,0.213,False,False,True,0.667,0.667,1.0,0.4,0.6,0.8,0.433
Generalization,m101,m101_GenLight_400_2,3,3,28,61,False,False,False,False,0,0,0,NaN,NaN,True,True,False,True,5,0.939,0.163,True,True,True,0.667,0.667,1.0,0.6,0.8,1.0,0.45
Generalization,m101,m101_GenLight_400_2,3,3,29,61,False,False,False,True,2,0,6,NaN,NaN,False,False,False,False,0,NaN,NaN,True,True,True,0.667,0.667,0.667,0.6,0.6,0.8,0.467
Generalization,m101,m101_GenLight_400_2,3,3,30,61,True,True,False,True,6,1,28,5.303,0.132,False,False,False,True,2,NaN,NaN,False,False,False,0.333,0.333,0.667,0.4,0.4,0.8,0.483
Generalization,m101,m101_GenLight_400_2,3,3,31,61,True,True,False,True,3,1,32,0.226,0.167,True,True,False,True,6,5.303,0.132,False,False,True,0.333,0.333,0.667,0.6,0.6,0.8,0.5
Generalization,m101,m101_GenLight_400_2,3,3,32,61,True,True,False,True,3,1,56,0.28,0.595,True,True,False,True,3,0.226,0.167,True,True,True,0.667,0.667,1.0,0.6,0.6,0.8,0.517
Generalization,m101,m101_GenLight_400_2,3,3,33,61,False,False,False,True,2,0,20,NaN,NaN,True,True,False,True,3,0.28,0.595,True,True,True,1.0,1.0,1.0,0.6,0.6,0.8,0.533
Generalization,m101,m101_GenLight_400_2,3,3,34,61,False,False,False,True,3,0,8,NaN,NaN,False,False,False,True,2,NaN,NaN,True,True,True,0.667,0.667,1.0,0.6,0.6,1.0,0.55
Generalization,m101,m101_GenLight_400_2,3,3,35,61,True,True,False,True,2,1,20,0.498,0.307,False,False,False,True,3,NaN,NaN,False,False,True,0.333,0.333,1.0,0.6,0.6,1.0,0.567
Generalization,m101,m101_GenLight_400_2,3,3,36,61,True,True,False,True,4,1,50,4.233,0.378,True,True,False,True,2,0.498,0.307,False,False,True,0.333,0.333,1.0,0.6,0.6,1.0,0.583
Generalization,m101,m101_GenLight_400_2,3,3,37,61,True,True,False,True,3,1,20,0.429,0.177,True,True,False,True,4,4.233,0.378,True,True,True,0.667,0.667,1.0,0.6,0.6,1.0,0.6
Generalization,m101,m101_GenLight_400_2,3,3,38,61,True,False,True,True,4,1,24,1.249,0.242,True,True,False,True,3,0.429,0.177,True,True,True,1.0,1.0,1.0,0.6,0.6,1.0,0.617
Generalization,m101,m101_GenLight_400_2,3,3,39,61,True,True,False,True,6,1,50,0.952,0.187,True,False,True,True,4,1.249,0.242,True,True,True,0.667,1.0,1.0,0.6,0.8,1.0,0.633
Generalization,m101,m101_GenLight_400_2,3,3,40,61,True,True,False,True,2,1,26,1.465,0.189,True,True,False,True,6,0.952,0.187,False,True,True,0.667,1.0,1.0,0.8,1.0,1.0,0.65
Generalization,m101,m101_GenLight_400_2,3,3,41,61,True,True,False,True,3,1,30,2.326,0.269,True,True,False,True,2,1.465,0.189,True,True,True,0.667,1.0,1.0,0.8,1.0,1.0,0.667
Generalization,m101,m101_GenLight_400_2,3,3,42,61,True,True,False,True,3,1,18,0.779,0.528,True,True,False,True,3,2.326,0.269,True,True,True,1.0,1.0,1.0,0.8,1.0,1.0,0.683
Generalization,m101,m101_GenLight_400_2,3,3,43,61,False,False,False,False,0,0,0,NaN,NaN,True,True,False,True,3,0.779,0.528,True,True,True,1.0,1.0,1.0,0.8,1.0,1.0,0.7
Generalization,m101,m101_GenLight_400_2,3,3,44,61,False,False,False,False,0,0,0,NaN,NaN,False,False,False,False,0,NaN,NaN,True,True,True,0.667,0.667,0.667,0.8,0.8,0.8,0.717
Generalization,m101,m101_GenLight_400_2,3,3,45,61,False,False,False,False,0,0,0,NaN,NaN,False,False,False,False,0,NaN,NaN,False,False,False,0.333,0.333,0.333,0.6,0.6,0.6,0.733
Generalization,m101,m101_GenLight_400_2,3,3,46,61,True,True,False,True,1,1,22,7.595,0.392,False,False,False,False,0,NaN,NaN,False,False,False,0.0,0.0,0.0,0.4,0.4,0.4,0.75
Generalization,m101,m101_GenLight_400_2,3,3,47,61,True,True,False,True,3,1,26,2.552,0.454,True,True,False,True,1,7.595,0.392,False,False,False,0.333,0.333,0.333,0.4,0.4,0.4,0.767
Generalization,m101,m101_GenLight_400_2,3,3,48,61,True,False,True,True,3,1,22,2.037,0.309,True,True,False,True,3,2.552,0.454,True,True,True,0.667,0.667,0.667,0.4,0.4,0.4,0.783
Generalization,m101,m101_GenLight_400_2,3,3,49,61,True,True,False,True,3,1,36,1.044,0.15,True,False,True,True,3,2.037,0.309,True,True,True,0.667,1.0,1.0,0.4,0.6,0.6,0.8
Generalization,m101,m101_GenLight_400_2,3,3,50,61,True,True,False,True,6,1,38,0.876,0.139,True,True,False,True,3,1.044,0.15,False,True,True,0.667,1.0,1.0,0.6,0.8,0.8,0.817
Generalization,m101,m101_GenLight_400_2,3,3,51,61,True,True,False,True,4,1,36,0.447,0.201,True,True,False,True,6,0.876,0.139,True,True,True,0.667,1.0,1.0,0.8,1.0,1.0,0.833
Generalization,m101,m101_GenLight_400_2,3,3,52,61,True,True,False,True,11,1,34,0.631,0.161,True,True,False,True,4,0.447,0.201,True,True,True,1.0,1.0,1.0,0.8,1.0,1.0,0.85
Generalization,m101,m101_GenLight_400_2,3,3,53,61,True,True,False,True,5,1,14,4.014,0.192,True,True,False,True,11,0.631,0.161,True,True,True,1.0,1.0,1.0,0.8,1.0,1.0,0.867
Generalization,m101,m101_GenLight_400_2,3,3,54,61,True,True,False,True,3,1,16,0.282,0.171,True,True,False,True,5,4.014,0.192,True,True,True,1.0,1.0,1.0,1.0,1.0,1.0,0.883
Generalization,m101,m101_GenLight_400_2,3,3,55,61,False,False,False,True,4,0,20,NaN,NaN,True,True,False,True,3,0.282,0.171,True,True,True,1.0,1.0,1.0,1.0,1.0,1.0,0.9
Generalization,m101,m101_GenLight_400_2,3,3,56,61,True,True,False,True,7,1,34,1.641,0.191,False,False,False,True,4,NaN,NaN,True,True,True,0.667,0.667,1.0,0.8,0.8,1.0,0.917
Generalization,m101,m101_GenLight_400_2,3,3,57,61,True,True,False,True,2,1,22,0.878,0.172,True,True,False,True,7,1.641,0.191,False,False,True,0.667,0.667,1.0,0.8,0.8,1.0,0.933
Generalization,m101,m101_GenLight_400_2,3,3,58,61,True,True,False,False,0,1,6,5.719,0.157,True,True,False,True,2,0.878,0.172,True,True,True,0.667,0.667,1.0,0.8,0.8,1.0,0.95
Generalization,m101,m101_GenLight_400_2,3,3,59,61,False,False,False,False,0,0,0,NaN,NaN,True,True,False,False,0,5.719,0.157,True,True,True,1.0,1.0,0.667,0.8,0.8,0.8,0.967
Generalization,m101,m101_GenLight_400_2,3,3,60,61,True,True,False,True,3,1,4,0.31,0.791,False,False,False,False,0,NaN,NaN,True,True,False,0.667,0.667,0.333,0.6,0.6,0.6,0.983
Generalization,m101,m101_GenLight_400_2,3,3,61,61,False,False,False,False,0,0,0,NaN,NaN,True,True,False,True,3,0.31,0.791,False,False,False,0.667,0.667,0.333,0.8,0.8,0.6,1.0
Generalization,m101,m101_GenLight_400_2,4,4,1,61,False,False,False,True,7,0,52,NaN,NaN,,,,,,NaN,NaN,,,,NaN,NaN,NaN,NaN,NaN,NaN,0.0
Generalization,m101,m101_GenLight_400_2,4,4,2,61,True,True,False,True,7,1,48,6.274,0.136,False,False,False,True,7,NaN,NaN,,,,0.0,0.0,1.0,0.0,0.0,1.0,0.017
Generalization,m101,m101_GenLight_400_2,4,4,3,61,False,False,False,True,1,0,8,NaN,NaN,True,True,False,True,7,6.274,0.136,False,False,True,0.5,0.5,1.0,0.5,0.5,1.0,0.033
Generalization,m101,m101_GenLight_400_2,4,4,4,61,True,True,False,True,3,1,30,0.628,0.134,False,False,False,True,1,NaN,NaN,True,True,True,0.333,0.333,1.0,0.333,0.333,1.0,0.05
Generalization,m101,m101_GenLight_400_2,4,4,5,61,False,False,False,False,0,0,0,NaN,NaN,True,True,False,True,3,0.628,0.134,False,False,True,0.667,0.667,1.0,0.5,0.5,1.0,0.067
Generalization,m101,m101_GenLight_400_2,4,4,6,61,True,True,False,True,5,1,38,5.272,0.186,False,False,False,False,0,NaN,NaN,True,True,True,0.333,0.333,0.667,0.4,0.4,0.8,0.083
Generalization,m101,m101_GenLight_400_2,4,4,7,61,True,True,False,True,17,1,64,6.642,0.164,True,True,False,True,5,5.272,0.186,False,False,False,0.667,0.667,0.667,0.6,0.6,0.8,0.1
Generalization,m101,m101_GenLight_400_2,4,4,8,61,True,True,False,True,11,1,42,1.516,0.17,True,True,False,True,17,6.642,0.164,True,True,True,0.667,0.667,0.667,0.6,0.6,0.8,0.117
Generalization,m101,m101_GenLight_400_2,4,4,9,61,True,True,False,True,2,1,32,0.361,0.101,True,True,False,True,11,1.516,0.17,True,True,True,1.0,1.0,1.0,0.8,0.8,0.8,0.133
Generalization,m101,m101_GenLight_400_2,4,4,10,61,True,True,False,True,2,1,24,5.662,0.152,True,True,False,True,2,0.361,0.101,True,True,True,1.0,1.0,1.0,0.8,0.8,0.8,0.15
Generalization,m101,m101_GenLight_400_2,4,4,11,61,False,False,False,False,0,0,0,NaN,NaN,True,True,False,True,2,5.662,0.152,True,True,True,1.0,1.0,1.0,1.0,1.0,1.0,0.167
Generalization,m101,m101_GenLight_400_2,4,4,12,61,False,False,False,True,35,0,86,NaN,NaN,False,False,False,False,0,NaN,NaN,True,True,True,0.667,0.667,0.667,0.8,0.8,0.8,0.183
Generalization,m101,m101_GenLight_400_2,4,4,13,61,True,True,False,True,2,4,20,2.528,3.715,False,False,False,True,35,NaN,NaN,False,False,False,0.333,0.333,0.667,0.6,0.6,0.8,0.2
Generalization,m101,m101_GenLight_400_2,4,4,14,61,False,False,False,False,0,0,0,NaN,NaN,True,True,False,True,2,2.528,3.715,False,False,True,0.333,0.333,0.667,0.6,0.6,0.8,0.217
Generalization,m101,m101_GenLight_400_2,4,4,15,61,False,False,False,False,0,0,0,NaN,NaN,False,False,False,False,0,NaN,NaN,True,True,True,0.333,0.333,0.667,0.4,0.4,0.6,0.233
Generalization,m101,m101_GenLight_400_2,4,4,16,61,False,False,False,True,3,0,16,NaN,NaN,False,False,False,False,0,NaN,NaN,False,False,False,0.333,0.333,0.333,0.2,0.2,0.4,0.25
Generalization,m101,m101_GenLight_400_2,4,4,17,61,False,False,False,False,0,0,0,NaN,NaN,False,False,False,True,3,NaN,NaN,False,False,False,0.0,0.0,0.333,0.2,0.2,0.6,0.267
Generalization,m101,m101_GenLight_400_2,4,4,18,61,True,True,False,True,2,1,14,6.067,0.033,False,False,False,False,0,NaN,NaN,False,False,True,0.0,0.0,0.333,0.2,0.2,0.4,0.283
Generalization,m101,m101_GenLight_400_2,4,4,19,61,False,False,False,False,0,0,0,NaN,NaN,True,True,False,True,2,6.067,0.033,False,False,False,0.333,0.333,0.667,0.2,0.2,0.4,0.3
Generalization,m101,m101_GenLight_400_2,4,4,20,61,False,False,False,True,2,0,10,NaN,NaN,False,False,False,False,0,NaN,NaN,True,True,True,0.333,0.333,0.333,0.2,0.2,0.4,0.317
Generalization,m101,m101_GenLight_400_2,4,4,21,61,True,True,False,True,1,1,20,3.825,0.218,False,False,False,True,2,NaN,NaN,False,False,False,0.333,0.333,0.667,0.2,0.2,0.6,0.333
Generalization,m101,m101_GenLight_400_2,4,4,22,61,False,False,False,True,1,0,6,NaN,NaN,True,True,False,True,1,3.825,0.218,False,False,True,0.333,0.333,0.667,0.4,0.4,0.6,0.35
Generalization,m101,m101_GenLight_400_2,4,4,23,61,False,False,False,False,0,0,0,NaN,NaN,False,False,False,True,1,NaN,NaN,True,True,True,0.333,0.333,1.0,0.4,0.4,0.8,0.367
Generalization,m101,m101_GenLight_400_2,4,4,24,61,True,True,False,True,3,1,44,7.222,0.36,False,False,False,False,0,NaN,NaN,False,False,True,0.333,0.333,0.667,0.2,0.2,0.6,0.383
Generalization,m101,m101_GenLight_400_2,4,4,25,61,True,True,False,True,21,1,106,0.465,0.375,True,True,False,True,3,7.222,0.36,False,False,False,0.333,0.333,0.667,0.4,0.4,0.8,0.4
Generalization,m101,m101_GenLight_400_2,4,4,26,61,True,True,False,True,6,1,24,0.881,0.453,True,True,False,True,21,0.465,0.375,True,True,True,0.667,0.667,0.667,0.6,0.6,0.8,0.417
Generalization,m101,m101_GenLight_400_2,4,4,27,61,True,False,True,True,1,1,8,2.926,0.138,True,True,False,True,6,0.881,0.453,True,True,True,1.0,1.0,1.0,0.6,0.6,0.8,0.433
Generalization,m101,m101_GenLight_400_2,4,4,28,61,False,False,False,True,1,0,4,NaN,NaN,True,False,True,True,1,2.926,0.138,True,True,True,0.667,1.0,1.0,0.6,0.8,0.8,0.45
Generalization,m101,m101_GenLight_400_2,4,4,29,61,False,False,False,False,0,0,0,NaN,NaN,False,False,False,True,1,NaN,NaN,False,True,True,0.333,0.667,1.0,0.6,0.8,1.0,0.467
Generalization,m101,m101_GenLight_400_2,4,4,30,61,False,False,False,False,0,0,0,NaN,NaN,False,False,False,False,0,NaN,NaN,False,False,True,0.0,0.333,0.667,0.4,0.6,0.8,0.483
Generalization,m101,m101_GenLight_400_2,4,4,31,61,False,False,False,True,2,0,4,NaN,NaN,False,False,False,False,0,NaN,NaN,False,False,False,0.0,0.0,0.333,0.2,0.4,0.6,0.5
Generalization,m101,m101_GenLight_400_2,4,4,32,61,True,True,False,False,0,1,6,2.717,0.094,False,False,False,True,2,NaN,NaN,False,False,False,0.0,0.0,0.333,0.0,0.2,0.6,0.517
Generalization,m101,m101_GenLight_400_2,4,4,33,61,True,True,False,True,1,1,18,2.324,0.129,True,True,False,False,0,2.717,0.094,False,False,True,0.333,0.333,0.333,0.2,0.2,0.4,0.533
Generalization,m101,m101_GenLight_400_2,4,4,34,61,True,True,False,False,0,1,14,0.03,0.133,True,True,False,True,1,2.324,0.129,True,True,False,0.667,0.667,0.667,0.4,0.4,0.4,0.55
Generalization,m101,m101_GenLight_400_2,4,4,35,61,True,False,True,True,1,1,8,1.708,0.139,True,True,False,False,0,0.03,0.133,True,True,True,1.0,1.0,0.333,0.6,0.6,0.4,0.567
Generalization,m101,m101_GenLight_400_2,4,4,36,61,False,False,False,True,5,0,20,NaN,NaN,True,False,True,True,1,1.708,0.139,True,True,False,0.667,1.0,0.667,0.6,0.8,0.6,0.583
Generalization,m101,m101_GenLight_400_2,4,4,37,61,True,True,False,True,15,1,74,0.501,0.209,False,False,False,True,5,NaN,NaN,False,True,True,0.333,0.667,0.667,0.6,0.8,0.6,0.6
Generalization,m101,m101_GenLight_400_2,4,4,38,61,True,False,True,True,4,1,2,5.819,57.588,True,True,False,True,15,0.501,0.209,False,False,True,0.333,0.667,1.0,0.6,0.8,0.8,0.617
Generalization,m101,m101_GenLight_400_2,4,4,39,61,True,True,False,True,6,1,26,0.898,0.178,True,False,True,True,4,5.819,57.588,True,True,True,0.333,0.667,1.0,0.4,0.8,0.8,0.633
Generalization,m101,m101_GenLight_400_2,4,4,40,61,False,False,False,True,3,0,8,NaN,NaN,True,True,False,True,6,0.898,0.178,False,True,True,0.667,1.0,1.0,0.4,0.8,1.0,0.65
Generalization,m101,m101_GenLight_400_2,4,4,41,61,True,True,False,False,0,1,10,3.744,0.22,False,False,False,True,3,NaN,NaN,True,True,True,0.333,0.667,1.0,0.4,0.6,1.0,0.667
Generalization,m101,m101_GenLight_400_2,4,4,42,61,True,True,False,False,0,1,10,1.721,1.513,True,True,False,False,0,3.744,0.22,False,False,True,0.667,0.667,0.667,0.6,0.8,0.8,0.683
Generalization,m101,m101_GenLight_400_2,4,4,43,61,True,True,False,True,1,1,20,1.297,0.523,True,True,False,False,0,1.721,1.513,True,True,False,0.667,0.667,0.333,0.6,0.8,0.6,0.7
Generalization,m101,m101_GenLight_400_2,4,4,44,61,False,False,False,True,1,0,4,NaN,NaN,True,True,False,True,1,1.297,0.523,True,True,False,1.0,1.0,0.333,0.8,0.8,0.6,0.717
Generalization,m101,m101_GenLight_400_2,4,4,45,61,False,False,False,False,0,0,0,NaN,NaN,False,False,False,True,1,NaN,NaN,True,True,True,0.667,0.667,0.667,0.6,0.6,0.6,0.733
Generalization,m101,m101_GenLight_400_2,4,4,46,61,False,False,False,False,0,0,0,NaN,NaN,False,False,False,False,0,NaN,NaN,False,False,True,0.333,0.333,0.667,0.6,0.6,0.4,0.75
Generalization,m101,m101_GenLight_400_2,4,4,47,61,False,False,False,True,2,0,10,NaN,NaN,False,False,False,False,0,NaN,NaN,False,False,False,0.0,0.0,0.333,0.4,0.4,0.4,0.767
Generalization,m101,m101_GenLight_400_2,4,4,48,61,True,True,False,True,5,1,20,2.946,0.126,False,False,False,True,2,NaN,NaN,False,False,False,0.0,0.0,0.333,0.2,0.2,0.6,0.783
Generalization,m101,m101_GenLight_400_2,4,4,49,61,False,False,False,True,3,0,20,NaN,NaN,True,True,False,True,5,2.946,0.126,False,False,True,0.333,0.333,0.667,0.2,0.2,0.6,0.8
Generalization,m101,m101_GenLight_400_2,4,4,50,61,False,False,False,True,2,0,14,NaN,NaN,False,False,False,True,3,NaN,NaN,True,True,True,0.333,0.333,1.0,0.2,0.2,0.6,0.817
Generalization,m101,m101_GenLight_400_2,4,4,51,61,True,True,False,True,3,1,14,0.473,0.314,False,False,False,True,2,NaN,NaN,False,False,True,0.333,0.333,1.0,0.2,0.2,0.8,0.833
Generalization,m101,m101_GenLight_400_2,4,4,52,61,False,False,False,True,1,0,4,NaN,NaN,True,True,False,True,3,0.473,0.314,False,False,True,0.333,0.333,1.0,0.4,0.4,1.0,0.85
Generalization,m101,m101_GenLight_400_2,4,4,53,61,True,True,False,True,1,1,14,0.638,0.151,False,False,False,True,1,NaN,NaN,True,True,True,0.333,0.333,1.0,0.4,0.4,1.0,0.867
Generalization,m101,m101_GenLight_400_2,4,4,54,61,True,True,False,True,2,1,30,0.603,0.362,True,True,False,True,1,0.638,0.151,False,False,True,0.667,0.667,1.0,0.4,0.4,1.0,0.883
Generalization,m101,m101_GenLight_400_2,4,4,55,61,True,True,False,True,1,1,12,3.56,0.23,True,True,False,True,2,0.603,0.362,True,True,True,0.667,0.667,1.0,0.6,0.6,1.0,0.9
Generalization,m101,m101_GenLight_400_2,4,4,56,61,True,True,False,True,4,1,12,3.167,0.091,True,True,False,True,1,3.56,0.23,True,True,True,1.0,1.0,1.0,0.8,0.8,1.0,0.917
Generalization,m101,m101_GenLight_400_2,4,4,57,61,True,True,False,True,3,1,20,0.814,0.196,True,True,False,True,4,3.167,0.091,True,True,True,1.0,1.0,1.0,0.8,0.8,1.0,0.933
Generalization,m101,m101_GenLight_400_2,4,4,58,61,True,True,False,False,0,1,4,0.501,0.091,True,True,False,True,3,0.814,0.196,True,True,True,1.0,1.0,1.0,1.0,1.0,1.0,0.95
Generalization,m101,m101_GenLight_400_2,4,4,59,61,True,True,False,False,0,1,8,1.197,0.16,True,True,False,False,0,0.501,0.091,True,True,True,1.0,1.0,0.667,1.0,1.0,0.8,0.967
Generalization,m101,m101_GenLight_400_2,4,4,60,61,True,True,False,True,1,1,18,0.279,0.535,True,True,False,False,0,1.197,0.16,True,True,False,1.0,1.0,0.333,1.0,1.0,0.6,0.983
Generalization,m101,m101_GenLight_400_2,4,4,61,61,False,False,False,False,0,0,0,NaN,NaN,True,True,False,True,1,0.279,0.535,True,True,False,1.0,1.0,0.333,1.0,1.0,0.6,1.0
Generalization,m102,m102_GenLight_400,1,1,1,61,True,True,False,True,8,1,24,0.398,0.164,,,,,,NaN,NaN,,,,NaN,NaN,NaN,NaN,NaN,NaN,0.0
Generalization,m102,m102_GenLight_400,1,1,2,61,True,True,False,True,3,1,26,1.796,0.157,True,True,False,True,8,0.398,0.164,,,,1.0,1.0,1.0,1.0,1.0,1.0,0.017
Generalization,m102,m102_GenLight_400,1,1,3,61,False,False,False,True,2,0,2,NaN,NaN,True,True,False,True,3,1.796,0.157,True,True,True,1.0,1.0,1.0,1.0,1.0,1.0,0.033
Generalization,m102,m102_GenLight_400,1,1,4,61,True,True,False,True,3,1,28,0.256,0.209,False,False,False,True,2,NaN,NaN,True,True,True,0.667,0.667,1.0,0.667,0.667,1.0,0.05
Generalization,m102,m102_GenLight_400,1,1,5,61,True,True,False,True,9,1,28,4.446,0.133,True,True,False,True,3,0.256,0.209,False,False,True,0.667,0.667,1.0,0.75,0.75,1.0,0.067
Generalization,m102,m102_GenLight_400,1,1,6,61,True,True,False,True,2,1,22,5.165,0.177,True,True,False,True,9,4.446,0.133,True,True,True,0.667,0.667,1.0,0.8,0.8,1.0,0.083
Generalization,m102,m102_GenLight_400,1,1,7,61,False,False,False,False,0,0,0,NaN,NaN,True,True,False,True,2,5.165,0.177,True,True,True,1.0,1.0,1.0,0.8,0.8,1.0,0.1
Generalization,m102,m102_GenLight_400,1,1,8,61,True,True,False,True,6,1,26,0.234,0.209,False,False,False,False,0,NaN,NaN,True,True,True,0.667,0.667,0.667,0.6,0.6,0.8,0.117
Generalization,m102,m102_GenLight_400,1,1,9,61,False,False,False,True,3,0,14,NaN,NaN,True,True,False,True,6,0.234,0.209,False,False,False,0.667,0.667,0.667,0.8,0.8,0.8,0.133
Generalization,m102,m102_GenLight_400,1,1,10,61,False,False,False,True,3,0,8,NaN,NaN,False,False,False,True,3,NaN,NaN,True,True,True,0.333,0.333,0.667,0.6,0.6,0.8,0.15
Generalization,m102,m102_GenLight_400,1,1,11,61,False,False,False,False,0,0,0,NaN,NaN,False,False,False,True,3,NaN,NaN,False,False,True,0.333,0.333,1.0,0.4,0.4,0.8,0.167
Generalization,m102,m102_GenLight_400,1,1,12,61,False,False,False,False,0,0,0,NaN,NaN,False,False,False,False,0,NaN,NaN,False,False,True,0.0,0.0,0.667,0.2,0.2,0.6,0.183
Generalization,m102,m102_GenLight_400,1,1,13,61,False,False,False,False,0,0,0,NaN,NaN,False,False,False,False,0,NaN,NaN,False,False,False,0.0,0.0,0.333,0.2,0.2,0.6,0.2
Generalization,m102,m102_GenLight_400,1,1,14,61,True,True,False,True,2,1,18,3.554,0.222,False,False,False,False,0,NaN,NaN,False,False,False,0.0,0.0,0.0,0.0,0.0,0.4,0.217
Generalization,m102,m102_GenLight_400,1,1,15,61,True,True,False,True,3,1,24,5.153,0.144,True,True,False,True,2,3.554,0.222,False,False,False,0.333,0.333,0.333,0.2,0.2,0.4,0.233
Generalization,m102,m102_GenLight_400,1,1,16,61,True,True,False,True,2,1,20,1.795,0.119,True,True,False,True,3,5.153,0.144,True,True,True,0.667,0.667,0.667,0.4,0.4,0.4,0.25
Generalization,m102,m102_GenLight_400,1,1,17,61,False,False,False,True,38,0,66,NaN,NaN,True,True,False,True,2,1.795,0.119,True,True,True,1.0,1.0,1.0,0.6,0.6,0.6,0.267
Generalization,m102,m102_GenLight_400,1,1,18,61,True,True,False,True,2,1,10,1.462,0.071,False,False,False,True,38,NaN,NaN,True,True,True,0.667,0.667,1.0,0.6,0.6,0.8,0.283
Generalization,m102,m102_GenLight_400,1,1,19,61,False,False,False,False,0,0,0,NaN,NaN,True,True,False,True,2,1.462,0.071,False,False,True,0.667,0.667,1.0,0.8,0.8,1.0,0.3
Generalization,m102,m102_GenLight_400,1,1,20,61,False,False,False,False,0,0,0,NaN,NaN,False,False,False,False,0,NaN,NaN,True,True,True,0.333,0.333,0.667,0.6,0.6,0.8,0.317
Generalization,m102,m102_GenLight_400,1,1,21,61,True,True,False,True,5,1,22,2.044,0.157,False,False,False,False,0,NaN,NaN,False,False,False,0.333,0.333,0.333,0.4,0.4,0.6,0.333
Generalization,m102,m102_GenLight_400,1,1,22,61,True,True,False,True,4,1,16,1.59,0.118,True,True,False,True,5,2.044,0.157,False,False,False,0.333,0.333,0.333,0.4,0.4,0.6,0.35
Generalization,m102,m102_GenLight_400,1,1,23,61,True,True,False,True,4,1,14,6.529,0.13,True,True,False,True,4,1.59,0.118,True,True,True,0.667,0.667,0.667,0.6,0.6,0.6,0.367
Generalization,m102,m102_GenLight_400,1,1,24,61,True,True,False,True,59,1,42,0.889,0.223,True,True,False,True,4,6.529,0.13,True,True,True,1.0,1.0,1.0,0.6,0.6,0.6,0.383
Generalization,m102,m102_GenLight_400,1,1,25,61,True,True,False,True,4,1,24,2.45,0.143,True,True,False,True,59,0.889,0.223,True,True,True,1.0,1.0,1.0,0.8,0.8,0.8,0.4
Generalization,m102,m102_GenLight_400,1,1,26,61,True,True,False,True,3,1,22,1.7,0.146,True,True,False,True,4,2.45,0.143,True,True,True,1.0,1.0,1.0,1.0,1.0,1.0,0.417
Generalization,m102,m102_GenLight_400,1,1,27,61,True,True,False,False,0,1,8,4.23,0.14,True,True,False,True,3,1.7,0.146,True,True,True,1.0,1.0,1.0,1.0,1.0,1.0,0.433
Generalization,m102,m102_GenLight_400,1,1,28,61,False,False,False,True,1,0,6,NaN,NaN,True,True,False,False,0,4.23,0.14,True,True,True,1.0,1.0,0.667,1.0,1.0,0.8,0.45
Generalization,m102,m102_GenLight_400,1,1,29,61,True,False,True,True,6,1,26,2.204,0.135,False,False,False,True,1,NaN,NaN,True,True,False,0.667,0.667,0.667,0.8,0.8,0.8,0.467
Generalization,m102,m102_GenLight_400,1,1,30,61,True,True,False,True,4,1,10,3.591,0.141,True,False,True,True,6,2.204,0.135,False,False,True,0.333,0.667,0.667,0.6,0.8,0.8,0.483
Generalization,m102,m102_GenLight_400,1,1,31,61,True,True,False,True,4,1,24,5.749,0.126,True,True,False,True,4,3.591,0.141,False,True,True,0.333,0.667,1.0,0.6,0.8,0.8,0.5
Generalization,m102,m102_GenLight_400,1,1,32,61,True,True,False,False,0,1,10,1.413,0.203,True,True,False,True,4,5.749,0.126,True,True,True,0.667,1.0,1.0,0.6,0.8,0.8,0.517
Generalization,m102,m102_GenLight_400,1,1,33,61,True,True,False,True,1,1,20,0.88,0.288,True,True,False,False,0,1.413,0.203,True,True,True,1.0,1.0,0.667,0.6,0.8,0.8,0.533
Generalization,m102,m102_GenLight_400,1,1,34,61,True,True,False,True,8,1,38,0.542,0.129,True,True,False,True,1,0.88,0.288,True,True,False,1.0,1.0,0.667,0.8,1.0,0.8,0.55
Generalization,m102,m102_GenLight_400,1,1,35,61,False,False,False,False,0,0,0,NaN,NaN,True,True,False,True,8,0.542,0.129,True,True,True,1.0,1.0,0.667,1.0,1.0,0.8,0.567
Generalization,m102,m102_GenLight_400,1,1,36,61,True,True,False,True,2,1,18,0.682,0.064,False,False,False,False,0,NaN,NaN,True,True,True,0.667,0.667,0.667,0.8,0.8,0.6,0.583
Generalization,m102,m102_GenLight_400,1,1,37,61,True,True,False,True,3,1,22,3.81,0.164,True,True,False,True,2,0.682,0.064,False,False,False,0.667,0.667,0.667,0.8,0.8,0.6,0.6
Generalization,m102,m102_GenLight_400,1,1,38,61,True,True,False,True,1,1,10,7.947,0.15,True,True,False,True,3,3.81,0.164,True,True,True,0.667,0.667,0.667,0.8,0.8,0.8,0.617
Generalization,m102,m102_GenLight_400,1,1,39,61,False,False,False,True,2,0,0,NaN,NaN,True,True,False,True,1,7.947,0.15,True,True,True,1.0,1.0,1.0,0.8,0.8,0.8,0.633
Generalization,m102,m102_GenLight_400,1,1,40,61,True,False,True,True,4,1,2,7.47,32.12,False,False,False,True,2,NaN,NaN,True,True,True,0.667,0.667,1.0,0.6,0.6,0.8,0.65
Generalization,m102,m102_GenLight_400,1,1,41,61,True,True,False,True,1,1,14,0.913,0.153,True,False,True,True,4,7.47,32.12,False,False,True,0.333,0.667,1.0,0.6,0.8,1.0,0.667
Generalization,m102,m102_GenLight_400,1,1,42,61,True,False,True,True,2,1,8,7.772,0.156,True,True,False,True,1,0.913,0.153,False,True,True,0.333,0.667,1.0,0.6,0.8,1.0,0.683
Generalization,m102,m102_GenLight_400,1,1,43,61,True,True,False,True,2,1,8,2.115,0.198,True,False,True,True,2,7.772,0.156,True,True,True,0.333,1.0,1.0,0.4,0.8,1.0,0.7
Generalization,m102,m102_GenLight_400,1,1,44,61,True,True,False,True,2,1,10,2.97,0.179,True,True,False,True,2,2.115,0.198,False,True,True,0.667,1.0,1.0,0.4,0.8,1.0,0.717
Generalization,m102,m102_GenLight_400,1,1,45,61,True,True,False,True,1,1,4,5.721,0.138,True,True,False,True,2,2.97,0.179,True,True,True,0.667,1.0,1.0,0.6,1.0,1.0,0.733
Generalization,m102,m102_GenLight_400,1,1,46,61,False,False,False,False,0,0,0,NaN,NaN,True,True,False,True,1,5.721,0.138,True,True,True,1.0,1.0,1.0,0.8,1.0,1.0,0.75
Generalization,m102,m102_GenLight_400,1,1,47,61,True,True,False,True,2,1,14,6.61,0.148,False,False,False,False,0,NaN,NaN,True,True,True,0.667,0.667,0.667,0.6,0.8,0.8,0.767
Generalization,m102,m102_GenLight_400,1,1,48,61,True,True,False,True,1,1,10,2.354,0.392,True,True,False,True,2,6.61,0.148,False,False,False,0.667,0.667,0.667,0.8,0.8,0.8,0.783
Generalization,m102,m102_GenLight_400,1,1,49,61,True,True,False,True,4,1,16,8.034,0.134,True,True,False,True,1,2.354,0.392,True,True,True,0.667,0.667,0.667,0.8,0.8,0.8,0.8
Generalization,m102,m102_GenLight_400,1,1,50,61,True,True,False,True,2,1,14,0.704,0.249,True,True,False,True,4,8.034,0.134,True,True,True,1.0,1.0,1.0,0.8,0.8,0.8,0.817
Generalization,m102,m102_GenLight_400,1,1,51,61,False,False,False,True,3,0,16,NaN,NaN,True,True,False,True,2,0.704,0.249,True,True,True,1.0,1.0,1.0,0.8,0.8,0.8,0.833
Generalization,m102,m102_GenLight_400,1,1,52,61,True,False,True,True,1,1,8,2.939,0.148,False,False,False,True,3,NaN,NaN,True,True,True,0.667,0.667,1.0,0.8,0.8,1.0,0.85
Generalization,m102,m102_GenLight_400,1,1,53,61,True,False,True,True,2,1,6,7.156,26.018,True,False,True,True,1,2.939,0.148,False,False,True,0.333,0.667,1.0,0.6,0.8,1.0,0.867
Generalization,m102,m102_GenLight_400,1,1,54,61,False,False,False,True,1,0,0,NaN,NaN,True,False,True,True,2,7.156,26.018,False,True,True,0.0,0.667,1.0,0.4,0.8,1.0,0.883
Generalization,m102,m102_GenLight_400,1,1,55,61,True,True,False,True,1,1,12,1.701,0.135,False,False,False,True,1,NaN,NaN,False,True,True,0.0,0.667,1.0,0.2,0.6,1.0,0.9
Generalization,m102,m102_GenLight_400,1,1,56,61,True,True,False,True,2,1,18,3.481,0.167,True,True,False,True,1,1.701,0.135,False,False,True,0.333,0.667,1.0,0.2,0.6,1.0,0.917
Generalization,m102,m102_GenLight_400,1,1,57,61,False,False,False,True,1,0,6,NaN,NaN,True,True,False,True,2,3.481,0.167,True,True,True,0.667,0.667,1.0,0.4,0.8,1.0,0.933
Generalization,m102,m102_GenLight_400,1,1,58,61,True,False,True,True,2,1,4,1.052,20.094,False,False,False,True,1,NaN,NaN,True,True,True,0.667,0.667,1.0,0.4,0.6,1.0,0.95
Generalization,m102,m102_GenLight_400,1,1,59,61,False,False,False,True,1,0,0,NaN,NaN,True,False,True,True,2,1.052,20.094,False,False,True,0.333,0.667,1.0,0.4,0.6,1.0,0.967
Generalization,m102,m102_GenLight_400,1,1,60,61,True,True,False,False,0,1,4,5.329,0.197,False,False,False,True,1,NaN,NaN,False,True,True,0.0,0.333,1.0,0.4,0.6,1.0,0.983
Generalization,m102,m102_GenLight_400,1,1,61,61,False,False,False,False,0,0,0,NaN,NaN,True,True,False,False,0,5.329,0.197,False,False,True,0.333,0.667,0.667,0.4,0.6,0.8,1.0
Generalization,m102,m102_GenLight_400,2,2,1,60,True,False,True,True,3,1,8,2.013,7.269,,,,,,NaN,NaN,,,,NaN,NaN,NaN,NaN,NaN,NaN,0.0
Generalization,m102,m102_GenLight_400,2,2,2,60,False,False,False,True,2,0,4,NaN,NaN,True,False,True,True,3,2.013,7.269,,,,0.0,1.0,1.0,0.0,1.0,1.0,0.017
Generalization,m102,m102_GenLight_400,2,2,3,60,True,True,False,True,12,1,36,5.093,0.225,False,False,False,True,2,NaN,NaN,False,True,True,0.0,0.5,1.0,0.0,0.5,1.0,0.034
Generalization,m102,m102_GenLight_400,2,2,4,60,True,True,False,True,13,1,34,3.347,0.218,True,True,False,True,12,5.093,0.225,False,False,True,0.333,0.667,1.0,0.333,0.667,1.0,0.051
Generalization,m102,m102_GenLight_400,2,2,5,60,True,True,False,True,6,1,32,0.026,0.104,True,True,False,True,13,3.347,0.218,True,True,True,0.667,0.667,1.0,0.5,0.75,1.0,0.068
Generalization,m102,m102_GenLight_400,2,2,6,60,True,True,False,True,19,1,46,3.297,0.156,True,True,False,True,6,0.026,0.104,True,True,True,1.0,1.0,1.0,0.6,0.8,1.0,0.085
Generalization,m102,m102_GenLight_400,2,2,7,60,True,True,False,True,17,1,44,2.005,0.158,True,True,False,True,19,3.297,0.156,True,True,True,1.0,1.0,1.0,0.8,0.8,1.0,0.102
Generalization,m102,m102_GenLight_400,2,2,8,60,False,False,False,False,0,0,0,NaN,NaN,True,True,False,True,17,2.005,0.158,True,True,True,1.0,1.0,1.0,1.0,1.0,1.0,0.119
Generalization,m102,m102_GenLight_400,2,2,9,60,True,True,False,True,14,1,50,0.624,0.122,False,False,False,False,0,NaN,NaN,True,True,True,0.667,0.667,0.667,0.8,0.8,0.8,0.136
Generalization,m102,m102_GenLight_400,2,2,10,60,True,True,False,True,17,1,64,2.484,0.091,True,True,False,True,14,0.624,0.122,False,False,False,0.667,0.667,0.667,0.8,0.8,0.8,0.153
Generalization,m102,m102_GenLight_400,2,2,11,60,True,True,False,True,23,1,36,1.009,0.105,True,True,False,True,17,2.484,0.091,True,True,True,0.667,0.667,0.667,0.8,0.8,0.8,0.169
Generalization,m102,m102_GenLight_400,2,2,12,60,True,True,False,True,7,1,24,0.491,0.138,True,True,False,True,23,1.009,0.105,True,True,True,1.0,1.0,1.0,0.8,0.8,0.8,0.186
Generalization,m102,m102_GenLight_400,2,2,13,60,True,True,False,True,5,1,18,0.924,0.098,True,True,False,True,7,0.491,0.138,True,True,True,1.0,1.0,1.0,0.8,0.8,0.8,0.203
Generalization,m102,m102_GenLight_400,2,2,14,60,False,False,False,True,12,0,28,NaN,NaN,True,True,False,True,5,0.924,0.098,True,True,True,1.0,1.0,1.0,1.0,1.0,1.0,0.22
Generalization,m102,m102_GenLight_400,2,2,15,60,True,True,False,True,7,1,28,6.396,0.239,False,False,False,True,12,NaN,NaN,True,True,True,0.667,0.667,1.0,0.8,0.8,1.0,0.237
Generalization,m102,m102_GenLight_400,2,2,16,60,True,True,False,True,14,1,42,2.062,0.106,True,True,False,True,7,6.396,0.239,False,False,True,0.667,0.667,1.0,0.8,0.8,1.0,0.254
Generalization,m102,m102_GenLight_400,2,2,17,60,True,True,False,True,20,1,42,0.367,0.116,True,True,False,True,14,2.062,0.106,True,True,True,0.667,0.667,1.0,0.8,0.8,1.0,0.271
Generalization,m102,m102_GenLight_400,2,2,18,60,True,True,False,True,41,1,94,0.511,0.238,True,True,False,True,20,0.367,0.116,True,True,True,1.0,1.0,1.0,0.8,0.8,1.0,0.288
Generalization,m102,m102_GenLight_400,2,2,19,60,True,True,False,True,68,1,106,0.611,0.048,True,True,False,True,41,0.511,0.238,True,True,True,1.0,1.0,1.0,0.8,0.8,1.0,0.305
Generalization,m102,m102_GenLight_400,2,2,20,60,True,True,False,True,50,1,100,0.946,0.173,True,True,False,True,68,0.611,0.048,True,True,True,1.0,1.0,1.0,1.0,1.0,1.0,0.322
Generalization,m102,m102_GenLight_400,2,2,21,60,True,True,False,True,20,1,56,4.575,0.166,True,True,False,True,50,0.946,0.173,True,True,True,1.0,1.0,1.0,1.0,1.0,1.0,0.339
Generalization,m102,m102_GenLight_400,2,2,22,60,True,True,False,True,5,1,24,1.806,0.088,True,True,False,True,20,4.575,0.166,True,True,True,1.0,1.0,1.0,1.0,1.0,1.0,0.356
Generalization,m102,m102_GenLight_400,2,2,23,60,False,False,False,False,0,0,0,NaN,NaN,True,True,False,True,5,1.806,0.088,True,True,True,1.0,1.0,1.0,1.0,1.0,1.0,0.373
Generalization,m102,m102_GenLight_400,2,2,24,60,True,True,False,True,5,1,22,7.813,0.068,False,False,False,False,0,NaN,NaN,True,True,True,0.667,0.667,0.667,0.8,0.8,0.8,0.39
Generalization,m102,m102_GenLight_400,2,2,25,60,True,True,False,True,16,1,34,3.187,0.161,True,True,False,True,5,7.813,0.068,False,False,False,0.667,0.667,0.667,0.8,0.8,0.8,0.407
Generalization,m102,m102_GenLight_400,2,2,26,60,True,True,False,True,11,1,28,7.758,0.084,True,True,False,True,16,3.187,0.161,True,True,True,0.667,0.667,0.667,0.8,0.8,0.8,0.424
Generalization,m102,m102_GenLight_400,2,2,27,60,True,True,False,True,6,1,24,0.628,0.088,True,True,False,True,11,7.758,0.084,True,True,True,1.0,1.0,1.0,0.8,0.8,0.8,0.441
Generalization,m102,m102_GenLight_400,2,2,28,60,True,True,False,True,26,1,60,1.055,0.085,True,True,False,True,6,0.628,0.088,True,True,True,1.0,1.0,1.0,0.8,0.8,0.8,0.458
Generalization,m102,m102_GenLight_400,2,2,29,60,True,False,True,True,16,1,36,3.261,0.104,True,True,False,True,26,1.055,0.085,True,True,True,1.0,1.0,1.0,1.0,1.0,1.0,0.475
Generalization,m102,m102_GenLight_400,2,2,30,60,True,True,False,True,21,1,52,0.389,0.094,True,False,True,True,16,3.261,0.104,True,True,True,0.667,1.0,1.0,0.8,1.0,1.0,0.492
Generalization,m102,m102_GenLight_400,2,2,31,60,True,True,False,True,1,1,10,7.482,0.037,True,True,False,True,21,0.389,0.094,False,True,True,0.667,1.0,1.0,0.8,1.0,1.0,0.508
Generalization,m102,m102_GenLight_400,2,2,32,60,False,False,False,False,0,0,0,NaN,NaN,True,True,False,True,1,7.482,0.037,True,True,True,0.667,1.0,1.0,0.8,1.0,1.0,0.525
Generalization,m102,m102_GenLight_400,2,2,33,60,True,True,False,True,11,1,48,1.457,0.087,False,False,False,False,0,NaN,NaN,True,True,True,0.667,0.667,0.667,0.6,0.8,0.8,0.542
Generalization,m102,m102_GenLight_400,2,2,34,60,True,True,False,True,7,1,24,0.755,0.104,True,True,False,True,11,1.457,0.087,False,False,False,0.667,0.667,0.667,0.6,0.8,0.8,0.559
Generalization,m102,m102_GenLight_400,2,2,35,60,True,True,False,True,44,1,102,0.751,0.083,True,True,False,True,7,0.755,0.104,True,True,True,0.667,0.667,0.667,0.8,0.8,0.8,0.576
Generalization,m102,m102_GenLight_400,2,2,36,60,True,True,False,True,15,1,36,2.682,0.095,True,True,False,True,44,0.751,0.083,True,True,True,1.0,1.0,1.0,0.8,0.8,0.8,0.593
Generalization,m102,m102_GenLight_400,2,2,37,60,True,True,False,True,6,1,20,1.429,0.111,True,True,False,True,15,2.682,0.095,True,True,True,1.0,1.0,1.0,0.8,0.8,0.8,0.61
Generalization,m102,m102_GenLight_400,2,2,38,60,True,True,False,True,1,1,14,1.99,0.105,True,True,False,True,6,1.429,0.111,True,True,True,1.0,1.0,1.0,1.0,1.0,1.0,0.627
Generalization,m102,m102_GenLight_400,2,2,39,60,True,True,False,True,33,1,56,1.78,0.048,True,True,False,True,1,1.99,0.105,True,True,True,1.0,1.0,1.0,1.0,1.0,1.0,0.644
Generalization,m102,m102_GenLight_400,2,2,40,60,True,True,False,True,5,1,22,1.76,0.1,True,True,False,True,33,1.78,0.048,True,True,True,1.0,1.0,1.0,1.0,1.0,1.0,0.661
Generalization,m102,m102_GenLight_400,2,2,41,60,True,True,False,True,6,1,28,0.433,0.076,True,True,False,True,5,1.76,0.1,True,True,True,1.0,1.0,1.0,1.0,1.0,1.0,0.678
Generalization,m102,m102_GenLight_400,2,2,42,60,True,True,False,True,13,1,32,2.219,0.092,True,True,False,True,6,0.433,0.076,True,True,True,1.0,1.0,1.0,1.0,1.0,1.0,0.695
Generalization,m102,m102_GenLight_400,2,2,43,60,True,True,False,True,22,1,32,1.996,0.104,True,True,False,True,13,2.219,0.092,True,True,True,1.0,1.0,1.0,1.0,1.0,1.0,0.712
Generalization,m102,m102_GenLight_400,2,2,44,60,True,True,False,True,6,1,20,0.762,0.111,True,True,False,True,22,1.996,0.104,True,True,True,1.0,1.0,1.0,1.0,1.0,1.0,0.729
Generalization,m102,m102_GenLight_400,2,2,45,60,True,True,False,True,7,1,24,0.528,0.097,True,True,False,True,6,0.762,0.111,True,True,True,1.0,1.0,1.0,1.0,1.0,1.0,0.746
Generalization,m102,m102_GenLight_400,2,2,46,60,True,True,False,True,6,1,26,1.694,0.078,True,True,False,True,7,0.528,0.097,True,True,True,1.0,1.0,1.0,1.0,1.0,1.0,0.763
Generalization,m102,m102_GenLight_400,2,2,47,60,False,False,False,True,4,0,12,NaN,NaN,True,True,False,True,6,1.694,0.078,True,True,True,1.0,1.0,1.0,1.0,1.0,1.0,0.78
Generalization,m102,m102_GenLight_400,2,2,48,60,True,True,False,True,5,1,14,1.009,0.081,False,False,False,True,4,NaN,NaN,True,True,True,0.667,0.667,1.0,0.8,0.8,1.0,0.797
Generalization,m102,m102_GenLight_400,2,2,49,60,True,True,False,True,3,1,16,0.762,0.087,True,True,False,True,5,1.009,0.081,False,False,True,0.667,0.667,1.0,0.8,0.8,1.0,0.814
Generalization,m102,m102_GenLight_400,2,2,50,60,True,True,False,True,2,1,14,0.89,0.11,True,True,False,True,3,0.762,0.087,True,True,True,0.667,0.667,1.0,0.8,0.8,1.0,0.831
Generalization,m102,m102_GenLight_400,2,2,51,60,True,False,True,True,2,1,8,1.278,0.11,True,True,False,True,2,0.89,0.11,True,True,True,1.0,1.0,1.0,0.8,0.8,1.0,0.847
Generalization,m102,m102_GenLight_400,2,2,52,60,True,True,False,True,4,1,16,3.209,0.097,True,False,True,True,2,1.278,0.11,True,True,True,0.667,1.0,1.0,0.6,0.8,1.0,0.864
Generalization,m102,m102_GenLight_400,2,2,53,60,True,True,False,True,13,1,34,1.859,0.079,True,True,False,True,4,3.209,0.097,False,True,True,0.667,1.0,1.0,0.8,1.0,1.0,0.881
Generalization,m102,m102_GenLight_400,2,2,54,60,True,True,False,True,14,1,38,0.621,0.05,True,True,False,True,13,1.859,0.079,True,True,True,0.667,1.0,1.0,0.8,1.0,1.0,0.898
Generalization,m102,m102_GenLight_400,2,2,55,60,True,True,False,True,26,1,48,0.525,0.092,True,True,False,True,14,0.621,0.05,True,True,True,1.0,1.0,1.0,0.8,1.0,1.0,0.915
Generalization,m102,m102_GenLight_400,2,2,56,60,True,True,False,True,4,1,12,1.065,0.108,True,True,False,True,26,0.525,0.092,True,True,True,1.0,1.0,1.0,0.8,1.0,1.0,0.932
Generalization,m102,m102_GenLight_400,2,2,57,60,True,True,False,True,15,1,22,0.4,0.168,True,True,False,True,4,1.065,0.108,True,True,True,1.0,1.0,1.0,1.0,1.0,1.0,0.949
Generalization,m102,m102_GenLight_400,2,2,58,60,True,True,False,True,16,1,22,1.878,0.09,True,True,False,True,15,0.4,0.168,True,True,True,1.0,1.0,1.0,1.0,1.0,1.0,0.966
Generalization,m102,m102_GenLight_400,2,2,59,60,True,True,False,True,6,1,28,1.145,0.142,True,True,False,True,16,1.878,0.09,True,True,True,1.0,1.0,1.0,1.0,1.0,1.0,0.983
Generalization,m102,m102_GenLight_400,2,2,60,60,False,False,False,False,0,0,0,NaN,NaN,True,True,False,True,6,1.145,0.142,True,True,True,1.0,1.0,1.0,1.0,1.0,1.0,1.0
Generalization,m102,m102_GenLight_400_2,3,3,1,61,True,True,False,True,21,1,78,3.015,0.241,,,,,,NaN,NaN,,,,NaN,NaN,NaN,NaN,NaN,NaN,0.0
Generalization,m102,m102_GenLight_400_2,3,3,2,61,True,True,False,True,39,1,76,0.924,0.22,True,True,False,True,21,3.015,0.241,,,,1.0,1.0,1.0,1.0,1.0,1.0,0.017
Generalization,m102,m102_GenLight_400_2,3,3,3,61,True,True,False,True,15,1,50,1.501,0.144,True,True,False,True,39,0.924,0.22,True,True,True,1.0,1.0,1.0,1.0,1.0,1.0,0.033
Generalization,m102,m102_GenLight_400_2,3,3,4,61,True,True,False,True,22,1,68,0.195,0.179,True,True,False,True,15,1.501,0.144,True,True,True,1.0,1.0,1.0,1.0,1.0,1.0,0.05
Generalization,m102,m102_GenLight_400_2,3,3,5,61,True,True,False,True,12,1,28,0.549,0.149,True,True,False,True,22,0.195,0.179,True,True,True,1.0,1.0,1.0,1.0,1.0,1.0,0.067
Generalization,m102,m102_GenLight_400_2,3,3,6,61,True,True,False,True,45,1,74,0.621,0.293,True,True,False,True,12,0.549,0.149,True,True,True,1.0,1.0,1.0,1.0,1.0,1.0,0.083
Generalization,m102,m102_GenLight_400_2,3,3,7,61,True,True,False,True,6,1,31,0.653,0.639,True,True,False,True,45,0.621,0.293,True,True,True,1.0,1.0,1.0,1.0,1.0,1.0,0.1
Generalization,m102,m102_GenLight_400_2,3,3,8,61,True,True,False,True,6,1,20,0.669,0.156,True,True,False,True,6,0.653,0.639,True,True,True,1.0,1.0,1.0,1.0,1.0,1.0,0.117
Generalization,m102,m102_GenLight_400_2,3,3,9,61,True,True,False,True,55,1,110,4.257,0.112,True,True,False,True,6,0.669,0.156,True,True,True,1.0,1.0,1.0,1.0,1.0,1.0,0.133
Generalization,m102,m102_GenLight_400_2,3,3,10,61,True,True,False,True,27,1,88,0.621,0.074,True,True,False,True,55,4.257,0.112,True,True,True,1.0,1.0,1.0,1.0,1.0,1.0,0.15
Generalization,m102,m102_GenLight_400_2,3,3,11,61,True,True,False,True,8,1,20,0.56,0.131,True,True,False,True,27,0.621,0.074,True,True,True,1.0,1.0,1.0,1.0,1.0,1.0,0.167
Generalization,m102,m102_GenLight_400_2,3,3,12,61,True,True,False,True,38,1,62,0.474,0.229,True,True,False,True,8,0.56,0.131,True,True,True,1.0,1.0,1.0,1.0,1.0,1.0,0.183
Generalization,m102,m102_GenLight_400_2,3,3,13,61,True,True,False,True,36,1,64,2.233,0.13,True,True,False,True,38,0.474,0.229,True,True,True,1.0,1.0,1.0,1.0,1.0,1.0,0.2
Generalization,m102,m102_GenLight_400_2,3,3,14,61,True,True,False,True,37,1,86,0.418,0.17,True,True,False,True,36,2.233,0.13,True,True,True,1.0,1.0,1.0,1.0,1.0,1.0,0.217
Generalization,m102,m102_GenLight_400_2,3,3,15,61,True,True,False,True,7,1,36,0.527,0.157,True,True,False,True,37,0.418,0.17,True,True,True,1.0,1.0,1.0,1.0,1.0,1.0,0.233
Generalization,m102,m102_GenLight_400_2,3,3,16,61,True,True,False,True,54,1,94,1.826,0.2,True,True,False,True,7,0.527,0.157,True,True,True,1.0,1.0,1.0,1.0,1.0,1.0,0.25
Generalization,m102,m102_GenLight_400_2,3,3,17,61,True,True,False,True,2,1,16,3.832,0.155,True,True,False,True,54,1.826,0.2,True,True,True,1.0,1.0,1.0,1.0,1.0,1.0,0.267
Generalization,m102,m102_GenLight_400_2,3,3,18,61,False,False,False,True,31,0,50,NaN,NaN,True,True,False,True,2,3.832,0.155,True,True,True,1.0,1.0,1.0,1.0,1.0,1.0,0.283
Generalization,m102,m102_GenLight_400_2,3,3,19,61,True,True,False,True,17,1,40,0.569,0.121,False,False,False,True,31,NaN,NaN,True,True,True,0.667,0.667,1.0,0.8,0.8,1.0,0.3
Generalization,m102,m102_GenLight_400_2,3,3,20,61,True,True,False,True,7,1,18,2.459,0.1,True,True,False,True,17,0.569,0.121,False,False,True,0.667,0.667,1.0,0.8,0.8,1.0,0.317
Generalization,m102,m102_GenLight_400_2,3,3,21,61,True,True,False,True,20,1,46,0.476,0.219,True,True,False,True,7,2.459,0.1,True,True,True,0.667,0.667,1.0,0.8,0.8,1.0,0.333
Generalization,m102,m102_GenLight_400_2,3,3,22,61,True,True,False,True,9,1,36,0.348,0.173,True,True,False,True,20,0.476,0.219,True,True,True,1.0,1.0,1.0,0.8,0.8,1.0,0.35
Generalization,m102,m102_GenLight_400_2,3,3,23,61,True,True,False,True,6,1,18,0.852,0.118,True,True,False,True,9,0.348,0.173,True,True,True,1.0,1.0,1.0,0.8,0.8,1.0,0.367
Generalization,m102,m102_GenLight_400_2,3,3,24,61,True,True,False,True,31,1,74,1.168,0.098,True,True,False,True,6,0.852,0.118,True,True,True,1.0,1.0,1.0,1.0,1.0,1.0,0.383
Generalization,m102,m102_GenLight_400_2,3,3,25,61,True,True,False,True,10,1,44,0.379,0.163,True,True,False,True,31,1.168,0.098,True,True,True,1.0,1.0,1.0,1.0,1.0,1.0,0.4
Generalization,m102,m102_GenLight_400_2,3,3,26,61,True,True,False,True,4,1,24,0.74,0.091,True,True,False,True,10,0.379,0.163,True,True,True,1.0,1.0,1.0,1.0,1.0,1.0,0.417
Generalization,m102,m102_GenLight_400_2,3,3,27,61,False,False,False,True,15,0,36,NaN,NaN,True,True,False,True,4,0.74,0.091,True,True,True,1.0,1.0,1.0,1.0,1.0,1.0,0.433
Generalization,m102,m102_GenLight_400_2,3,3,28,61,True,True,False,True,7,1,40,0.466,0.116,False,False,False,True,15,NaN,NaN,True,True,True,0.667,0.667,1.0,0.8,0.8,1.0,0.45
Generalization,m102,m102_GenLight_400_2,3,3,29,61,True,True,False,True,30,1,76,2.818,0.117,True,True,False,True,7,0.466,0.116,False,False,True,0.667,0.667,1.0,0.8,0.8,1.0,0.467
Generalization,m102,m102_GenLight_400_2,3,3,30,61,True,True,False,True,14,1,38,0.672,0.131,True,True,False,True,30,2.818,0.117,True,True,True,0.667,0.667,1.0,0.8,0.8,1.0,0.483
Generalization,m102,m102_GenLight_400_2,3,3,31,61,True,True,False,True,11,1,40,0.403,0.158,True,True,False,True,14,0.672,0.131,True,True,True,1.0,1.0,1.0,0.8,0.8,1.0,0.5
Generalization,m102,m102_GenLight_400_2,3,3,32,61,True,True,False,True,9,1,32,0.448,0.179,True,True,False,True,11,0.403,0.158,True,True,True,1.0,1.0,1.0,0.8,0.8,1.0,0.517
Generalization,m102,m102_GenLight_400_2,3,3,33,61,True,True,False,True,2,1,18,0.507,0.116,True,True,False,True,9,0.448,0.179,True,True,True,1.0,1.0,1.0,1.0,1.0,1.0,0.533
Generalization,m102,m102_GenLight_400_2,3,3,34,61,True,True,False,True,25,1,64,0.806,0.078,True,True,False,True,2,0.507,0.116,True,True,True,1.0,1.0,1.0,1.0,1.0,1.0,0.55
Generalization,m102,m102_GenLight_400_2,3,3,35,61,True,True,False,True,2,1,18,0.549,0.158,True,True,False,True,25,0.806,0.078,True,True,True,1.0,1.0,1.0,1.0,1.0,1.0,0.567
Generalization,m102,m102_GenLight_400_2,3,3,36,61,True,True,False,True,10,1,22,3.318,0.122,True,True,False,True,2,0.549,0.158,True,True,True,1.0,1.0,1.0,1.0,1.0,1.0,0.583
Generalization,m102,m102_GenLight_400_2,3,3,37,61,True,True,False,True,28,1,58,0.446,0.209,True,True,False,True,10,3.318,0.122,True,True,True,1.0,1.0,1.0,1.0,1.0,1.0,0.6
Generalization,m102,m102_GenLight_400_2,3,3,38,61,True,True,False,True,6,1,32,0.309,0.176,True,True,False,True,28,0.446,0.209,True,True,True,1.0,1.0,1.0,1.0,1.0,1.0,0.617
Generalization,m102,m102_GenLight_400_2,3,3,39,61,True,True,False,True,2,1,20,0.509,0.182,True,True,False,True,6,0.309,0.176,True,True,True,1.0,1.0,1.0,1.0,1.0,1.0,0.633
Generalization,m102,m102_GenLight_400_2,3,3,40,61,True,True,False,True,4,1,16,0.38,0.152,True,True,False,True,2,0.509,0.182,True,True,True,1.0,1.0,1.0,1.0,1.0,1.0,0.65
Generalization,m102,m102_GenLight_400_2,3,3,41,61,True,True,False,True,39,1,60,0.403,0.114,True,True,False,True,4,0.38,0.152,True,True,True,1.0,1.0,1.0,1.0,1.0,1.0,0.667
Generalization,m102,m102_GenLight_400_2,3,3,42,61,True,True,False,True,1,1,20,0.438,0.25,True,True,False,True,39,0.403,0.114,True,True,True,1.0,1.0,1.0,1.0,1.0,1.0,0.683
Generalization,m102,m102_GenLight_400_2,3,3,43,61,True,True,False,True,4,1,24,0.669,0.066,True,True,False,True,1,0.438,0.25,True,True,True,1.0,1.0,1.0,1.0,1.0,1.0,0.7
Generalization,m102,m102_GenLight_400_2,3,3,44,61,True,True,False,True,3,1,18,2.853,0.098,True,True,False,True,4,0.669,0.066,True,True,True,1.0,1.0,1.0,1.0,1.0,1.0,0.717
Generalization,m102,m102_GenLight_400_2,3,3,45,61,False,False,False,True,4,0,12,NaN,NaN,True,True,False,True,3,2.853,0.098,True,True,True,1.0,1.0,1.0,1.0,1.0,1.0,0.733
Generalization,m102,m102_GenLight_400_2,3,3,46,61,True,True,False,False,0,1,10,1.781,0.143,False,False,False,True,4,NaN,NaN,True,True,True,0.667,0.667,1.0,0.8,0.8,1.0,0.75
Generalization,m102,m102_GenLight_400_2,3,3,47,61,False,False,False,False,0,0,0,NaN,NaN,True,True,False,False,0,1.781,0.143,False,False,True,0.667,0.667,0.667,0.8,0.8,0.8,0.767
Generalization,m102,m102_GenLight_400_2,3,3,48,61,True,True,False,True,2,1,20,3.378,0.119,False,False,False,False,0,NaN,NaN,True,True,False,0.333,0.333,0.333,0.6,0.6,0.6,0.783
Generalization,m102,m102_GenLight_400_2,3,3,49,61,True,True,False,True,11,1,30,0.534,0.061,True,True,False,True,2,3.378,0.119,False,False,False,0.667,0.667,0.333,0.6,0.6,0.6,0.8
Generalization,m102,m102_GenLight_400_2,3,3,50,61,True,True,False,True,2,1,24,0.364,0.131,True,True,False,True,11,0.534,0.061,True,True,True,0.667,0.667,0.667,0.6,0.6,0.6,0.817
Generalization,m102,m102_GenLight_400_2,3,3,51,61,True,True,False,True,2,1,22,0.525,0.185,True,True,False,True,2,0.364,0.131,True,True,True,1.0,1.0,1.0,0.8,0.8,0.6,0.833
Generalization,m102,m102_GenLight_400_2,3,3,52,61,True,True,False,True,3,1,20,0.349,0.149,True,True,False,True,2,0.525,0.185,True,True,True,1.0,1.0,1.0,0.8,0.8,0.8,0.85
Generalization,m102,m102_GenLight_400_2,3,3,53,61,True,True,False,True,10,1,34,3.779,0.487,True,True,False,True,3,0.349,0.149,True,True,True,1.0,1.0,1.0,1.0,1.0,1.0,0.867
Generalization,m102,m102_GenLight_400_2,3,3,54,61,True,True,False,True,4,1,30,0.23,0.256,True,True,False,True,10,3.779,0.487,True,True,True,1.0,1.0,1.0,1.0,1.0,1.0,0.883
Generalization,m102,m102_GenLight_400_2,3,3,55,61,True,True,False,True,5,1,32,0.449,0.182,True,True,False,True,4,0.23,0.256,True,True,True,1.0,1.0,1.0,1.0,1.0,1.0,0.9
Generalization,m102,m102_GenLight_400_2,3,3,56,61,True,True,False,True,2,1,18,0.46,0.141,True,True,False,True,5,0.449,0.182,True,True,True,1.0,1.0,1.0,1.0,1.0,1.0,0.917
Generalization,m102,m102_GenLight_400_2,3,3,57,61,True,True,False,True,1,1,14,0.438,0.165,True,True,False,True,2,0.46,0.141,True,True,True,1.0,1.0,1.0,1.0,1.0,1.0,0.933
Generalization,m102,m102_GenLight_400_2,3,3,58,61,True,True,False,False,0,1,10,1.733,0.291,True,True,False,True,1,0.438,0.165,True,True,True,1.0,1.0,1.0,1.0,1.0,1.0,0.95
Generalization,m102,m102_GenLight_400_2,3,3,59,61,True,True,False,True,1,1,18,2.194,0.145,True,True,False,False,0,1.733,0.291,True,True,True,1.0,1.0,0.667,1.0,1.0,0.8,0.967
Generalization,m102,m102_GenLight_400_2,3,3,60,61,True,True,False,True,3,1,18,0.937,0.164,True,True,False,True,1,2.194,0.145,True,True,False,1.0,1.0,0.667,1.0,1.0,0.8,0.983
Generalization,m102,m102_GenLight_400_2,3,3,61,61,False,False,False,False,0,0,0,NaN,NaN,True,True,False,True,3,0.937,0.164,True,True,True,1.0,1.0,0.667,1.0,1.0,0.8,1.0
Generalization,m102,m102_GenLight_400_2,4,4,1,61,True,True,False,True,4,1,16,1.907,0.209,,,,,,NaN,NaN,,,,NaN,NaN,NaN,NaN,NaN,NaN,0.0
Generalization,m102,m102_GenLight_400_2,4,4,2,61,True,True,False,True,2,1,22,3.074,0.103,True,True,False,True,4,1.907,0.209,,,,1.0,1.0,1.0,1.0,1.0,1.0,0.017
Generalization,m102,m102_GenLight_400_2,4,4,3,61,True,True,False,True,1,1,16,1.112,0.111,True,True,False,True,2,3.074,0.103,True,True,True,1.0,1.0,1.0,1.0,1.0,1.0,0.033
Generalization,m102,m102_GenLight_400_2,4,4,4,61,True,True,False,True,4,1,10,4.103,0.194,True,True,False,True,1,1.112,0.111,True,True,True,1.0,1.0,1.0,1.0,1.0,1.0,0.05
Generalization,m102,m102_GenLight_400_2,4,4,5,61,True,True,False,True,2,1,10,1.044,0.067,True,True,False,True,4,4.103,0.194,True,True,True,1.0,1.0,1.0,1.0,1.0,1.0,0.067
Generalization,m102,m102_GenLight_400_2,4,4,6,61,True,True,False,True,3,1,8,1.507,0.102,True,True,False,True,2,1.044,0.067,True,True,True,1.0,1.0,1.0,1.0,1.0,1.0,0.083
Generalization,m102,m102_GenLight_400_2,4,4,7,61,True,True,False,True,4,1,12,1.502,0.126,True,True,False,True,3,1.507,0.102,True,True,True,1.0,1.0,1.0,1.0,1.0,1.0,0.1
Generalization,m102,m102_GenLight_400_2,4,4,8,61,True,True,False,True,2,1,6,8.018,0.154,True,True,False,True,4,1.502,0.126,True,True,True,1.0,1.0,1.0,1.0,1.0,1.0,0.117
Generalization,m102,m102_GenLight_400_2,4,4,9,61,True,True,False,True,4,1,6,3.192,0.198,True,True,False,True,2,8.018,0.154,True,True,True,1.0,1.0,1.0,1.0,1.0,1.0,0.133
Generalization,m102,m102_GenLight_400_2,4,4,10,61,True,False,True,True,4,1,16,0.336,0.207,True,True,False,True,4,3.192,0.198,True,True,True,1.0,1.0,1.0,1.0,1.0,1.0,0.15
Generalization,m102,m102_GenLight_400_2,4,4,11,61,True,False,True,True,2,1,4,1.293,0.097,True,False,True,True,4,0.336,0.207,True,True,True,0.667,1.0,1.0,0.8,1.0,1.0,0.167
Generalization,m102,m102_GenLight_400_2,4,4,12,61,True,True,False,False,0,1,20,1.767,0.12,True,False,True,True,2,1.293,0.097,False,True,True,0.333,1.0,1.0,0.6,1.0,1.0,0.183
Generalization,m102,m102_GenLight_400_2,4,4,13,61,True,True,False,False,0,1,12,0.503,0.18,True,True,False,False,0,1.767,0.12,False,True,True,0.333,1.0,0.667,0.6,1.0,0.8,0.2
Generalization,m102,m102_GenLight_400_2,4,4,14,61,True,True,False,True,3,1,16,1.523,0.114,True,True,False,False,0,0.503,0.18,True,True,False,0.667,1.0,0.333,0.6,1.0,0.6,0.217
Generalization,m102,m102_GenLight_400_2,4,4,15,61,True,True,False,True,1,1,8,3.687,0.1,True,True,False,True,3,1.523,0.114,True,True,False,1.0,1.0,0.333,0.6,1.0,0.6,0.233
Generalization,m102,m102_GenLight_400_2,4,4,16,61,True,True,False,True,1,1,14,0.58,0.15,True,True,False,True,1,3.687,0.1,True,True,True,1.0,1.0,0.667,0.8,1.0,0.6,0.25
Generalization,m102,m102_GenLight_400_2,4,4,17,61,True,True,False,True,1,1,8,1.991,0.052,True,True,False,True,1,0.58,0.15,True,True,True,1.0,1.0,1.0,1.0,1.0,0.6,0.267
Generalization,m102,m102_GenLight_400_2,4,4,18,61,True,True,False,True,5,1,20,0.3,0.153,True,True,False,True,1,1.991,0.052,True,True,True,1.0,1.0,1.0,1.0,1.0,0.8,0.283
Generalization,m102,m102_GenLight_400_2,4,4,19,61,True,True,False,True,7,1,10,0.421,0.13,True,True,False,True,5,0.3,0.153,True,True,True,1.0,1.0,1.0,1.0,1.0,1.0,0.3
Generalization,m102,m102_GenLight_400_2,4,4,20,61,True,True,False,True,10,1,16,0.357,0.231,True,True,False,True,7,0.421,0.13,True,True,True,1.0,1.0,1.0,1.0,1.0,1.0,0.317
Generalization,m102,m102_GenLight_400_2,4,4,21,61,True,True,False,True,3,1,8,2.509,0.078,True,True,False,True,10,0.357,0.231,True,True,True,1.0,1.0,1.0,1.0,1.0,1.0,0.333
Generalization,m102,m102_GenLight_400_2,4,4,22,61,True,True,False,True,1,1,10,0.88,0.033,True,True,False,True,3,2.509,0.078,True,True,True,1.0,1.0,1.0,1.0,1.0,1.0,0.35
Generalization,m102,m102_GenLight_400_2,4,4,23,61,True,True,False,True,4,1,14,1.538,0.101,True,True,False,True,1,0.88,0.033,True,True,True,1.0,1.0,1.0,1.0,1.0,1.0,0.367
Generalization,m102,m102_GenLight_400_2,4,4,24,61,True,True,False,True,2,1,10,2.856,0.039,True,True,False,True,4,1.538,0.101,True,True,True,1.0,1.0,1.0,1.0,1.0,1.0,0.383
Generalization,m102,m102_GenLight_400_2,4,4,25,61,True,True,False,True,1,1,8,1.284,0.173,True,True,False,True,2,2.856,0.039,True,True,True,1.0,1.0,1.0,1.0,1.0,1.0,0.4
Generalization,m102,m102_GenLight_400_2,4,4,26,61,False,False,False,False,0,0,0,NaN,NaN,True,True,False,True,1,1.284,0.173,True,True,True,1.0,1.0,1.0,1.0,1.0,1.0,0.417
Generalization,m102,m102_GenLight_400_2,4,4,27,61,True,False,True,True,3,1,14,2.232,0.133,False,False,False,False,0,NaN,NaN,True,True,True,0.667,0.667,0.667,0.8,0.8,0.8,0.433
Generalization,m102,m102_GenLight_400_2,4,4,28,61,True,True,False,True,2,1,10,1.287,0.17,True,False,True,True,3,2.232,0.133,False,False,False,0.333,0.667,0.667,0.6,0.8,0.8,0.45
Generalization,m102,m102_GenLight_400_2,4,4,29,61,True,True,False,True,4,1,6,5.147,0.086,True,True,False,True,2,1.287,0.17,False,True,True,0.333,0.667,0.667,0.6,0.8,0.8,0.467
Generalization,m102,m102_GenLight_400_2,4,4,30,61,True,True,False,False,0,1,10,2.718,0.189,True,True,False,True,4,5.147,0.086,True,True,True,0.667,1.0,1.0,0.6,0.8,0.8,0.483
Generalization,m102,m102_GenLight_400_2,4,4,31,61,True,True,False,True,5,1,6,0.331,0.209,True,True,False,False,0,2.718,0.189,True,True,True,1.0,1.0,0.667,0.6,0.8,0.6,0.5
Generalization,m102,m102_GenLight_400_2,4,4,32,61,True,True,False,True,3,1,8,0.397,0.16,True,True,False,True,5,0.331,0.209,True,True,False,1.0,1.0,0.667,0.8,1.0,0.8,0.517
Generalization,m102,m102_GenLight_400_2,4,4,33,61,True,True,False,True,4,1,12,0.376,0.095,True,True,False,True,3,0.397,0.16,True,True,True,1.0,1.0,0.667,1.0,1.0,0.8,0.533
Generalization,m102,m102_GenLight_400_2,4,4,34,61,True,True,False,True,1,1,4,1.832,0.17,True,True,False,True,4,0.376,0.095,True,True,True,1.0,1.0,1.0,1.0,1.0,0.8,0.55
Generalization,m102,m102_GenLight_400_2,4,4,35,61,True,True,False,True,2,1,8,0.487,0.401,True,True,False,True,1,1.832,0.17,True,True,True,1.0,1.0,1.0,1.0,1.0,0.8,0.567
Generalization,m102,m102_GenLight_400_2,4,4,36,61,True,True,False,False,0,1,10,0.382,0.087,True,True,False,True,2,0.487,0.401,True,True,True,1.0,1.0,1.0,1.0,1.0,1.0,0.583
Generalization,m102,m102_GenLight_400_2,4,4,37,61,True,True,False,True,2,1,10,1.156,0.289,True,True,False,False,0,0.382,0.087,True,True,True,1.0,1.0,0.667,1.0,1.0,0.8,0.6
Generalization,m102,m102_GenLight_400_2,4,4,38,61,True,True,False,True,1,1,8,2.533,0.184,True,True,False,True,2,1.156,0.289,True,True,False,1.0,1.0,0.667,1.0,1.0,0.8,0.617
Generalization,m102,m102_GenLight_400_2,4,4,39,61,True,True,False,True,2,1,12,2.839,0.101,True,True,False,True,1,2.533,0.184,True,True,True,1.0,1.0,0.667,1.0,1.0,0.8,0.633
Generalization,m102,m102_GenLight_400_2,4,4,40,61,True,True,False,True,3,1,12,0.371,0.123,True,True,False,True,2,2.839,0.101,True,True,True,1.0,1.0,1.0,1.0,1.0,0.8,0.65
Generalization,m102,m102_GenLight_400_2,4,4,41,61,True,False,True,True,3,1,6,1.253,0.152,True,True,False,True,3,0.371,0.123,True,True,True,1.0,1.0,1.0,1.0,1.0,0.8,0.667
Generalization,m102,m102_GenLight_400_2,4,4,42,61,True,True,False,True,3,1,8,0.362,0.089,True,False,True,True,3,1.253,0.152,True,True,True,0.667,1.0,1.0,0.8,1.0,1.0,0.683
Generalization,m102,m102_GenLight_400_2,4,4,43,61,True,True,False,True,1,1,10,0.46,0.183,True,True,False,True,3,0.362,0.089,False,True,True,0.667,1.0,1.0,0.8,1.0,1.0,0.7
Generalization,m102,m102_GenLight_400_2,4,4,44,61,True,True,False,False,0,1,6,1.993,0.149,True,True,False,True,1,0.46,0.183,True,True,True,0.667,1.0,1.0,0.8,1.0,1.0,0.717
Generalization,m102,m102_GenLight_400_2,4,4,45,61,True,True,False,False,0,1,8,0.518,0.08,True,True,False,False,0,1.993,0.149,True,True,True,1.0,1.0,0.667,0.8,1.0,0.8,0.733
Generalization,m102,m102_GenLight_400_2,4,4,46,61,True,True,False,True,2,1,18,0.395,0.097,True,True,False,False,0,0.518,0.08,True,True,False,1.0,1.0,0.333,0.8,1.0,0.6,0.75
Generalization,m102,m102_GenLight_400_2,4,4,47,61,True,True,False,True,1,1,8,0.367,0.191,True,True,False,True,2,0.395,0.097,True,True,False,1.0,1.0,0.333,1.0,1.0,0.6,0.767
Generalization,m102,m102_GenLight_400_2,4,4,48,61,True,True,False,True,1,1,6,0.241,0.155,True,True,False,True,1,0.367,0.191,True,True,True,1.0,1.0,0.667,1.0,1.0,0.6,0.783
Generalization,m102,m102_GenLight_400_2,4,4,49,61,True,True,False,True,1,1,16,6.171,0.478,True,True,False,True,1,0.241,0.155,True,True,True,1.0,1.0,1.0,1.0,1.0,0.6,0.8
Generalization,m102,m102_GenLight_400_2,4,4,50,61,True,True,False,True,5,1,14,3.392,0.136,True,True,False,True,1,6.171,0.478,True,True,True,1.0,1.0,1.0,1.0,1.0,0.8,0.817
Generalization,m102,m102_GenLight_400_2,4,4,51,61,True,True,False,True,4,1,12,1.641,0.218,True,True,False,True,5,3.392,0.136,True,True,True,1.0,1.0,1.0,1.0,1.0,1.0,0.833
Generalization,m102,m102_GenLight_400_2,4,4,52,61,True,True,False,False,0,1,4,3.641,0.277,True,True,False,True,4,1.641,0.218,True,True,True,1.0,1.0,1.0,1.0,1.0,1.0,0.85
Generalization,m102,m102_GenLight_400_2,4,4,53,61,True,True,False,True,4,1,14,2.418,0.104,True,True,False,False,0,3.641,0.277,True,True,True,1.0,1.0,0.667,1.0,1.0,0.8,0.867
Generalization,m102,m102_GenLight_400_2,4,4,54,61,True,True,False,True,2,1,16,0.45,0.284,True,True,False,True,4,2.418,0.104,True,True,False,1.0,1.0,0.667,1.0,1.0,0.8,0.883
Generalization,m102,m102_GenLight_400_2,4,4,55,61,True,True,False,True,1,1,6,1.628,0.445,True,True,False,True,2,0.45,0.284,True,True,True,1.0,1.0,0.667,1.0,1.0,0.8,0.9
Generalization,m102,m102_GenLight_400_2,4,4,56,61,True,True,False,False,0,1,16,4.559,0.068,True,True,False,True,1,1.628,0.445,True,True,True,1.0,1.0,1.0,1.0,1.0,0.8,0.917
Generalization,m102,m102_GenLight_400_2,4,4,57,61,True,True,False,False,0,1,6,4.891,0.251,True,True,False,False,0,4.559,0.068,True,True,True,1.0,1.0,0.667,1.0,1.0,0.6,0.933
Generalization,m102,m102_GenLight_400_2,4,4,58,61,True,True,False,True,2,1,12,1.139,0.22,True,True,False,False,0,4.891,0.251,True,True,False,1.0,1.0,0.333,1.0,1.0,0.6,0.95
Generalization,m102,m102_GenLight_400_2,4,4,59,61,True,True,False,False,0,1,8,2.88,0.381,True,True,False,True,2,1.139,0.22,True,True,False,1.0,1.0,0.333,1.0,1.0,0.6,0.967
Generalization,m102,m102_GenLight_400_2,4,4,60,61,True,True,False,False,0,1,6,1.057,0.361,True,True,False,False,0,2.88,0.381,True,True,True,1.0,1.0,0.333,1.0,1.0,0.4,0.983
Generalization,m102,m102_GenLight_400_2,4,4,61,61,False,False,False,False,0,0,0,NaN,NaN,True,True,False,False,0,1.057,0.361,True,True,False,1.0,1.0,0.333,1.0,1.0,0.2,1.0
Generalization,m103,m103_GenLight_400,1,1,1,61,True,True,False,True,4,1,34,1.742,0.07,,,,,,NaN,NaN,,,,NaN,NaN,NaN,NaN,NaN,NaN,0.0
Generalization,m103,m103_GenLight_400,1,1,2,61,False,False,False,True,1,0,6,NaN,NaN,True,True,False,True,4,1.742,0.07,,,,1.0,1.0,1.0,1.0,1.0,1.0,0.017
Generalization,m103,m103_GenLight_400,1,1,3,61,False,False,False,True,3,0,6,NaN,NaN,False,False,False,True,1,NaN,NaN,True,True,True,0.5,0.5,1.0,0.5,0.5,1.0,0.033
Generalization,m103,m103_GenLight_400,1,1,4,61,False,False,False,True,6,0,24,NaN,NaN,False,False,False,True,3,NaN,NaN,False,False,True,0.333,0.333,1.0,0.333,0.333,1.0,0.05
Generalization,m103,m103_GenLight_400,1,1,5,61,True,True,False,True,7,1,54,2.337,0.346,False,False,False,True,6,NaN,NaN,False,False,True,0.0,0.0,1.0,0.25,0.25,1.0,0.067
Generalization,m103,m103_GenLight_400,1,1,6,61,True,True,False,True,3,1,28,0.171,0.153,True,True,False,True,7,2.337,0.346,False,False,True,0.333,0.333,1.0,0.4,0.4,1.0,0.083
Generalization,m103,m103_GenLight_400,1,1,7,61,True,True,False,True,2,1,30,2.443,0.271,True,True,False,True,3,0.171,0.153,True,True,True,0.667,0.667,1.0,0.4,0.4,1.0,0.1
Generalization,m103,m103_GenLight_400,1,1,8,61,False,False,False,True,5,0,32,NaN,NaN,True,True,False,True,2,2.443,0.271,True,True,True,1.0,1.0,1.0,0.6,0.6,1.0,0.117
Generalization,m103,m103_GenLight_400,1,1,9,61,True,True,False,True,2,1,14,1.765,0.135,False,False,False,True,5,NaN,NaN,True,True,True,0.667,0.667,1.0,0.6,0.6,1.0,0.133
Generalization,m103,m103_GenLight_400,1,1,10,61,False,False,False,False,0,0,0,NaN,NaN,True,True,False,True,2,1.765,0.135,False,False,True,0.667,0.667,1.0,0.8,0.8,1.0,0.15
Generalization,m103,m103_GenLight_400,1,1,11,61,True,True,False,True,2,1,24,3.833,0.143,False,False,False,False,0,NaN,NaN,True,True,True,0.333,0.333,0.667,0.6,0.6,0.8,0.167
Generalization,m103,m103_GenLight_400,1,1,12,61,True,True,False,True,10,1,54,3.495,0.172,True,True,False,True,2,3.833,0.143,False,False,False,0.667,0.667,0.667,0.6,0.6,0.8,0.183
Generalization,m103,m103_GenLight_400,1,1,13,61,True,True,False,True,6,1,34,1.821,0.121,True,True,False,True,10,3.495,0.172,True,True,True,0.667,0.667,0.667,0.6,0.6,0.8,0.2
Generalization,m103,m103_GenLight_400,1,1,14,61,True,True,False,True,8,1,72,1.631,0.076,True,True,False,True,6,1.821,0.121,True,True,True,1.0,1.0,1.0,0.8,0.8,0.8,0.217
Generalization,m103,m103_GenLight_400,1,1,15,61,True,True,False,True,8,1,50,0.125,0.109,True,True,False,True,8,1.631,0.076,True,True,True,1.0,1.0,1.0,0.8,0.8,0.8,0.233
Generalization,m103,m103_GenLight_400,1,1,16,61,True,True,False,True,4,1,37,1.612,0.138,True,True,False,True,8,0.125,0.109,True,True,True,1.0,1.0,1.0,1.0,1.0,1.0,0.25
Generalization,m103,m103_GenLight_400,1,1,17,61,False,False,False,False,0,0,0,NaN,NaN,True,True,False,True,4,1.612,0.138,True,True,True,1.0,1.0,1.0,1.0,1.0,1.0,0.267
Generalization,m103,m103_GenLight_400,1,1,18,61,False,False,False,True,9,0,44,NaN,NaN,False,False,False,False,0,NaN,NaN,True,True,True,0.667,0.667,0.667,0.8,0.8,0.8,0.283
Generalization,m103,m103_GenLight_400,1,1,19,61,True,True,False,True,4,1,48,3.625,0.074,False,False,False,True,9,NaN,NaN,False,False,False,0.333,0.333,0.667,0.6,0.6,0.8,0.3
Generalization,m103,m103_GenLight_400,1,1,20,61,True,True,False,True,2,1,32,1.245,0.1,True,True,False,True,4,3.625,0.074,False,False,True,0.333,0.333,0.667,0.6,0.6,0.8,0.317
Generalization,m103,m103_GenLight_400,1,1,21,61,False,False,False,True,1,0,10,NaN,NaN,True,True,False,True,2,1.245,0.1,True,True,True,0.667,0.667,1.0,0.6,0.6,0.8,0.333
Generalization,m103,m103_GenLight_400,1,1,22,61,True,True,False,True,3,1,24,1.311,0.13,False,False,False,True,1,NaN,NaN,True,True,True,0.667,0.667,1.0,0.4,0.4,0.8,0.35
Generalization,m103,m103_GenLight_400,1,1,23,61,True,True,False,False,0,1,16,1.282,0.111,True,True,False,True,3,1.311,0.13,False,False,True,0.667,0.667,1.0,0.6,0.6,1.0,0.367
Generalization,m103,m103_GenLight_400,1,1,24,61,False,False,False,False,0,0,0,NaN,NaN,True,True,False,False,0,1.282,0.111,True,True,True,0.667,0.667,0.667,0.8,0.8,0.8,0.383
Generalization,m103,m103_GenLight_400,1,1,25,61,True,True,False,True,9,1,50,0.776,0.143,False,False,False,False,0,NaN,NaN,True,True,False,0.667,0.667,0.333,0.6,0.6,0.6,0.4
Generalization,m103,m103_GenLight_400,1,1,26,61,True,True,False,True,7,1,40,2.921,0.217,True,True,False,True,9,0.776,0.143,False,False,False,0.667,0.667,0.333,0.6,0.6,0.6,0.417
Generalization,m103,m103_GenLight_400,1,1,27,61,True,True,False,True,6,1,38,3.307,0.125,True,True,False,True,7,2.921,0.217,True,True,True,0.667,0.667,0.667,0.8,0.8,0.6,0.433
Generalization,m103,m103_GenLight_400,1,1,28,61,True,True,False,True,9,1,64,7.691,0.155,True,True,False,True,6,3.307,0.125,True,True,True,1.0,1.0,1.0,0.8,0.8,0.6,0.45
Generalization,m103,m103_GenLight_400,1,1,29,61,True,True,False,True,2,1,18,1.874,0.145,True,True,False,True,9,7.691,0.155,True,True,True,1.0,1.0,1.0,0.8,0.8,0.8,0.467
Generalization,m103,m103_GenLight_400,1,1,30,61,False,False,False,True,4,0,24,NaN,NaN,True,True,False,True,2,1.874,0.145,True,True,True,1.0,1.0,1.0,1.0,1.0,1.0,0.483
Generalization,m103,m103_GenLight_400,1,1,31,61,True,True,False,True,1,1,22,0.849,0.091,False,False,False,True,4,NaN,NaN,True,True,True,0.667,0.667,1.0,0.8,0.8,1.0,0.5
Generalization,m103,m103_GenLight_400,1,1,32,61,True,True,False,True,1,1,16,1.624,0.188,True,True,False,True,1,0.849,0.091,False,False,True,0.667,0.667,1.0,0.8,0.8,1.0,0.517
Generalization,m103,m103_GenLight_400,1,1,33,61,False,False,False,False,0,0,0,NaN,NaN,True,True,False,True,1,1.624,0.188,True,True,True,0.667,0.667,1.0,0.8,0.8,1.0,0.533
Generalization,m103,m103_GenLight_400,1,1,34,61,False,False,False,True,3,0,28,NaN,NaN,False,False,False,False,0,NaN,NaN,True,True,True,0.667,0.667,0.667,0.6,0.6,0.8,0.55
Generalization,m103,m103_GenLight_400,1,1,35,61,True,False,True,True,9,1,56,4.043,0.169,False,False,False,True,3,NaN,NaN,False,False,False,0.333,0.333,0.667,0.4,0.4,0.8,0.567
Generalization,m103,m103_GenLight_400,1,1,36,61,True,True,False,True,12,1,77,0.302,0.5,True,False,True,True,9,4.043,0.169,False,False,True,0.0,0.333,0.667,0.4,0.6,0.8,0.583
Generalization,m103,m103_GenLight_400,1,1,37,61,True,True,False,True,1,1,26,0.381,0.148,True,True,False,True,12,0.302,0.5,False,True,True,0.333,0.667,1.0,0.4,0.6,0.8,0.6
Generalization,m103,m103_GenLight_400,1,1,38,61,False,False,False,True,3,0,16,NaN,NaN,True,True,False,True,1,0.381,0.148,True,True,True,0.667,1.0,1.0,0.4,0.6,0.8,0.617
Generalization,m103,m103_GenLight_400,1,1,39,61,True,True,False,True,10,1,76,0.096,0.144,False,False,False,True,3,NaN,NaN,True,True,True,0.667,0.667,1.0,0.4,0.6,1.0,0.633
Generalization,m103,m103_GenLight_400,1,1,40,61,True,True,False,True,1,1,18,2.129,0.113,True,True,False,True,10,0.096,0.144,False,False,True,0.667,0.667,1.0,0.6,0.8,1.0,0.65
Generalization,m103,m103_GenLight_400,1,1,41,61,True,True,False,True,4,2,36,0.115,0.099,True,True,False,True,1,2.129,0.113,True,True,True,0.667,0.667,1.0,0.8,0.8,1.0,0.667
Generalization,m103,m103_GenLight_400,1,1,42,61,True,True,False,True,4,1,34,0.441,0.207,True,True,False,True,4,0.115,0.099,True,True,True,1.0,1.0,1.0,0.8,0.8,1.0,0.683
Generalization,m103,m103_GenLight_400,1,1,43,61,True,True,False,True,9,1,54,0.955,0.133,True,True,False,True,4,0.441,0.207,True,True,True,1.0,1.0,1.0,0.8,0.8,1.0,0.7
Generalization,m103,m103_GenLight_400,1,1,44,61,True,True,False,True,27,1,120,0.824,0.155,True,True,False,True,9,0.955,0.133,True,True,True,1.0,1.0,1.0,1.0,1.0,1.0,0.717
Generalization,m103,m103_GenLight_400,1,1,45,61,False,False,False,True,4,0,16,NaN,NaN,True,True,False,True,27,0.824,0.155,True,True,True,1.0,1.0,1.0,1.0,1.0,1.0,0.733
Generalization,m103,m103_GenLight_400,1,1,46,61,True,True,False,True,5,1,34,2.07,0.071,False,False,False,True,4,NaN,NaN,True,True,True,0.667,0.667,1.0,0.8,0.8,1.0,0.75
Generalization,m103,m103_GenLight_400,1,1,47,61,True,True,False,True,10,1,52,0.803,0.097,True,True,False,True,5,2.07,0.071,False,False,True,0.667,0.667,1.0,0.8,0.8,1.0,0.767
Generalization,m103,m103_GenLight_400,1,1,48,61,True,True,False,False,0,1,16,1.197,0.095,True,True,False,True,10,0.803,0.097,True,True,True,0.667,0.667,1.0,0.8,0.8,1.0,0.783
Generalization,m103,m103_GenLight_400,1,1,49,61,False,False,False,True,4,0,24,NaN,NaN,True,True,False,False,0,1.197,0.095,True,True,True,1.0,1.0,0.667,0.8,0.8,0.8,0.8
Generalization,m103,m103_GenLight_400,1,1,50,61,True,True,False,True,4,1,32,1.362,0.258,False,False,False,True,4,NaN,NaN,True,True,False,0.667,0.667,0.667,0.6,0.6,0.8,0.817
Generalization,m103,m103_GenLight_400,1,1,51,61,True,True,False,True,16,1,82,3.057,0.116,True,True,False,True,4,1.362,0.258,False,False,True,0.667,0.667,0.667,0.8,0.8,0.8,0.833
Generalization,m103,m103_GenLight_400,1,1,52,61,False,False,False,True,5,0,22,NaN,NaN,True,True,False,True,16,3.057,0.116,True,True,True,0.667,0.667,1.0,0.8,0.8,0.8,0.85
Generalization,m103,m103_GenLight_400,1,1,53,61,True,True,False,True,2,1,24,4.823,0.351,False,False,False,True,5,NaN,NaN,True,True,True,0.667,0.667,1.0,0.6,0.6,0.8,0.867
Generalization,m103,m103_GenLight_400,1,1,54,61,True,True,False,True,8,1,40,4.239,0.179,True,True,False,True,2,4.823,0.351,False,False,True,0.667,0.667,1.0,0.6,0.6,1.0,0.883
Generalization,m103,m103_GenLight_400,1,1,55,61,True,True,False,True,2,1,24,7.451,0.159,True,True,False,True,8,4.239,0.179,True,True,True,0.667,0.667,1.0,0.8,0.8,1.0,0.9
Generalization,m103,m103_GenLight_400,1,1,56,61,False,False,False,False,0,0,0,NaN,NaN,True,True,False,True,2,7.451,0.159,True,True,True,1.0,1.0,1.0,0.8,0.8,1.0,0.917
Generalization,m103,m103_GenLight_400,1,1,57,61,False,False,False,True,3,0,24,NaN,NaN,False,False,False,False,0,NaN,NaN,True,True,True,0.667,0.667,0.667,0.6,0.6,0.8,0.933
Generalization,m103,m103_GenLight_400,1,1,58,61,False,False,False,True,2,0,8,NaN,NaN,False,False,False,True,3,NaN,NaN,False,False,False,0.333,0.333,0.667,0.6,0.6,0.8,0.95
Generalization,m103,m103_GenLight_400,1,1,59,61,True,False,True,True,2,1,8,1.59,0.225,False,False,False,True,2,NaN,NaN,False,False,True,0.0,0.0,0.667,0.4,0.4,0.8,0.967
Generalization,m103,m103_GenLight_400,1,1,60,61,False,False,False,False,0,0,0,NaN,NaN,True,False,True,True,2,1.59,0.225,False,False,True,0.0,0.333,1.0,0.2,0.4,0.8,0.983
Generalization,m103,m103_GenLight_400,1,1,61,61,False,False,False,False,0,0,0,NaN,NaN,False,False,False,False,0,NaN,NaN,False,True,True,0.0,0.333,0.667,0.0,0.2,0.6,1.0
Generalization,m103,m103_GenLight_400_2,2,2,1,61,True,True,False,True,5,1,42,4.115,0.087,,,,,,NaN,NaN,,,,NaN,NaN,NaN,NaN,NaN,NaN,0.0
Generalization,m103,m103_GenLight_400_2,2,2,2,61,True,True,False,False,0,1,26,0.732,0.261,True,True,False,True,5,4.115,0.087,,,,1.0,1.0,1.0,1.0,1.0,1.0,0.017
Generalization,m103,m103_GenLight_400_2,2,2,3,61,False,False,False,True,8,0,30,NaN,NaN,True,True,False,False,0,0.732,0.261,True,True,True,1.0,1.0,0.5,1.0,1.0,0.5,0.033
Generalization,m103,m103_GenLight_400_2,2,2,4,61,True,True,False,True,14,1,52,1.771,0.066,False,False,False,True,8,NaN,NaN,True,True,False,0.667,0.667,0.667,0.667,0.667,0.667,0.05
Generalization,m103,m103_GenLight_400_2,2,2,5,61,True,True,False,True,12,1,52,6.528,0.16,True,True,False,True,14,1.771,0.066,False,False,True,0.667,0.667,0.667,0.75,0.75,0.75,0.067
Generalization,m103,m103_GenLight_400_2,2,2,6,61,True,True,False,True,2,1,30,2.401,0.198,True,True,False,True,12,6.528,0.16,True,True,True,0.667,0.667,1.0,0.8,0.8,0.8,0.083
Generalization,m103,m103_GenLight_400_2,2,2,7,61,False,False,False,True,1,0,4,NaN,NaN,True,True,False,True,2,2.401,0.198,True,True,True,1.0,1.0,1.0,0.8,0.8,0.8,0.1
Generalization,m103,m103_GenLight_400_2,2,2,8,61,False,False,False,True,1,0,8,NaN,NaN,False,False,False,True,1,NaN,NaN,True,True,True,0.667,0.667,1.0,0.6,0.6,1.0,0.117
Generalization,m103,m103_GenLight_400_2,2,2,9,61,False,False,False,False,0,0,0,NaN,NaN,False,False,False,True,1,NaN,NaN,False,False,True,0.333,0.333,1.0,0.6,0.6,1.0,0.133
Generalization,m103,m103_GenLight_400_2,2,2,10,61,True,True,False,True,1,1,18,5.164,0.073,False,False,False,False,0,NaN,NaN,False,False,True,0.0,0.0,0.667,0.4,0.4,0.8,0.15
Generalization,m103,m103_GenLight_400_2,2,2,11,61,True,True,False,True,3,1,22,3.413,0.161,True,True,False,True,1,5.164,0.073,False,False,False,0.333,0.333,0.667,0.4,0.4,0.8,0.167
Generalization,m103,m103_GenLight_400_2,2,2,12,61,True,True,False,False,0,1,12,3.969,0.136,True,True,False,True,3,3.413,0.161,True,True,True,0.667,0.667,0.667,0.4,0.4,0.8,0.183
Generalization,m103,m103_GenLight_400_2,2,2,13,61,True,True,False,True,7,1,46,2.202,0.135,True,True,False,False,0,3.969,0.136,True,True,True,1.0,1.0,0.667,0.6,0.6,0.6,0.2
Generalization,m103,m103_GenLight_400_2,2,2,14,61,True,True,False,True,4,1,22,3.501,0.128,True,True,False,True,7,2.202,0.135,True,True,False,1.0,1.0,0.667,0.8,0.8,0.6,0.217
Generalization,m103,m103_GenLight_400_2,2,2,15,61,True,True,False,True,4,1,38,7.32,0.142,True,True,False,True,4,3.501,0.128,True,True,True,1.0,1.0,0.667,1.0,1.0,0.8,0.233
Generalization,m103,m103_GenLight_400_2,2,2,16,61,True,False,True,True,6,1,18,1.771,0.12,True,True,False,True,4,7.32,0.142,True,True,True,1.0,1.0,1.0,1.0,1.0,0.8,0.25
Generalization,m103,m103_GenLight_400_2,2,2,17,61,True,False,True,True,1,1,8,2.248,0.172,True,False,True,True,6,1.771,0.12,True,True,True,0.667,1.0,1.0,0.8,1.0,0.8,0.267
Generalization,m103,m103_GenLight_400_2,2,2,18,61,True,True,False,True,4,1,22,2.983,0.159,True,False,True,True,1,2.248,0.172,False,True,True,0.333,1.0,1.0,0.6,1.0,1.0,0.283
Generalization,m103,m103_GenLight_400_2,2,2,19,61,True,True,False,True,3,1,18,3.108,0.074,True,True,False,True,4,2.983,0.159,False,True,True,0.333,1.0,1.0,0.6,1.0,1.0,0.3
Generalization,m103,m103_GenLight_400_2,2,2,20,61,True,True,False,False,0,1,10,1.37,0.112,True,True,False,True,3,3.108,0.074,True,True,True,0.667,1.0,1.0,0.6,1.0,1.0,0.317
Generalization,m103,m103_GenLight_400_2,2,2,21,61,True,True,False,True,4,1,24,1.327,0.09,True,True,False,False,0,1.37,0.112,True,True,True,1.0,1.0,0.667,0.6,1.0,0.8,0.333
Generalization,m103,m103_GenLight_400_2,2,2,22,61,True,True,False,True,6,1,50,3.75,0.075,True,True,False,True,4,1.327,0.09,True,True,False,1.0,1.0,0.667,0.8,1.0,0.8,0.35
Generalization,m103,m103_GenLight_400_2,2,2,23,61,True,True,False,True,2,1,24,0.643,0.191,True,True,False,True,6,3.75,0.075,True,True,True,1.0,1.0,0.667,1.0,1.0,0.8,0.367
Generalization,m103,m103_GenLight_400_2,2,2,24,61,True,True,False,True,2,1,14,2.411,0.17,True,True,False,True,2,0.643,0.191,True,True,True,1.0,1.0,1.0,1.0,1.0,0.8,0.383
Generalization,m103,m103_GenLight_400_2,2,2,25,61,True,True,False,True,4,1,26,3.205,0.205,True,True,False,True,2,2.411,0.17,True,True,True,1.0,1.0,1.0,1.0,1.0,0.8,0.4
Generalization,m103,m103_GenLight_400_2,2,2,26,61,True,True,False,True,1,1,16,2.335,0.094,True,True,False,True,4,3.205,0.205,True,True,True,1.0,1.0,1.0,1.0,1.0,1.0,0.417
Generalization,m103,m103_GenLight_400_2,2,2,27,61,False,False,False,True,9,0,26,NaN,NaN,True,True,False,True,1,2.335,0.094,True,True,True,1.0,1.0,1.0,1.0,1.0,1.0,0.433
Generalization,m103,m103_GenLight_400_2,2,2,28,61,True,True,False,True,2,1,12,2.711,0.143,False,False,False,True,9,NaN,NaN,True,True,True,0.667,0.667,1.0,0.8,0.8,1.0,0.45
Generalization,m103,m103_GenLight_400_2,2,2,29,61,False,False,False,False,0,0,0,NaN,NaN,True,True,False,True,2,2.711,0.143,False,False,True,0.667,0.667,1.0,0.8,0.8,1.0,0.467
Generalization,m103,m103_GenLight_400_2,2,2,30,61,True,True,False,True,1,1,16,5.486,0.139,False,False,False,False,0,NaN,NaN,True,True,True,0.333,0.333,0.667,0.6,0.6,0.8,0.483
Generalization,m103,m103_GenLight_400_2,2,2,31,61,True,True,False,True,2,1,18,2.466,0.234,True,True,False,True,1,5.486,0.139,False,False,False,0.667,0.667,0.667,0.6,0.6,0.8,0.5
Generalization,m103,m103_GenLight_400_2,2,2,32,61,True,False,True,True,7,1,32,0.058,0.127,True,True,False,True,2,2.466,0.234,True,True,True,0.667,0.667,0.667,0.6,0.6,0.8,0.517
Generalization,m103,m103_GenLight_400_2,2,2,33,61,True,True,False,True,8,1,22,4.978,0.186,True,False,True,True,7,0.058,0.127,True,True,True,0.667,1.0,1.0,0.6,0.8,0.8,0.533
Generalization,m103,m103_GenLight_400_2,2,2,34,61,True,True,False,True,2,1,20,1.694,0.171,True,True,False,True,8,4.978,0.186,False,True,True,0.667,1.0,1.0,0.6,0.8,0.8,0.55
Generalization,m103,m103_GenLight_400_2,2,2,35,61,True,True,False,True,15,1,52,0.188,0.183,True,True,False,True,2,1.694,0.171,True,True,True,0.667,1.0,1.0,0.8,1.0,1.0,0.567
Generalization,m103,m103_GenLight_400_2,2,2,36,61,True,False,True,True,3,1,8,3.391,0.202,True,True,False,True,15,0.188,0.183,True,True,True,1.0,1.0,1.0,0.8,1.0,1.0,0.583
Generalization,m103,m103_GenLight_400_2,2,2,37,61,True,True,False,True,4,1,30,1.218,0.03,True,False,True,True,3,3.391,0.202,True,True,True,0.667,1.0,1.0,0.6,1.0,1.0,0.6
Generalization,m103,m103_GenLight_400_2,2,2,38,61,True,True,False,True,10,1,34,2.665,0.057,True,True,False,True,4,1.218,0.03,False,True,True,0.667,1.0,1.0,0.8,1.0,1.0,0.617
Generalization,m103,m103_GenLight_400_2,2,2,39,61,True,True,False,True,2,1,16,6.737,0.073,True,True,False,True,10,2.665,0.057,True,True,True,0.667,1.0,1.0,0.8,1.0,1.0,0.633
Generalization,m103,m103_GenLight_400_2,2,2,40,61,True,True,False,True,6,1,36,4.875,0.189,True,True,False,True,2,6.737,0.073,True,True,True,1.0,1.0,1.0,0.8,1.0,1.0,0.65
Generalization,m103,m103_GenLight_400_2,2,2,41,61,True,True,False,True,1,1,16,3.152,0.111,True,True,False,True,6,4.875,0.189,True,True,True,1.0,1.0,1.0,0.8,1.0,1.0,0.667
Generalization,m103,m103_GenLight_400_2,2,2,42,61,False,False,False,True,8,0,26,NaN,NaN,True,True,False,True,1,3.152,0.111,True,True,True,1.0,1.0,1.0,1.0,1.0,1.0,0.683
Generalization,m103,m103_GenLight_400_2,2,2,43,61,True,False,True,True,3,1,18,0.608,0.24,False,False,False,True,8,NaN,NaN,True,True,True,0.667,0.667,1.0,0.8,0.8,1.0,0.7
Generalization,m103,m103_GenLight_400_2,2,2,44,61,True,True,False,True,4,1,22,4.331,0.253,True,False,True,True,3,0.608,0.24,False,False,True,0.333,0.667,1.0,0.6,0.8,1.0,0.717
Generalization,m103,m103_GenLight_400_2,2,2,45,61,True,True,False,True,1,1,16,3.018,0.225,True,True,False,True,4,4.331,0.253,False,True,True,0.333,0.667,1.0,0.6,0.8,1.0,0.733
Generalization,m103,m103_GenLight_400_2,2,2,46,61,True,True,False,True,3,1,10,2.579,0.162,True,True,False,True,1,3.018,0.225,True,True,True,0.667,1.0,1.0,0.6,0.8,1.0,0.75
Generalization,m103,m103_GenLight_400_2,2,2,47,61,True,True,False,True,6,1,26,0.726,0.089,True,True,False,True,3,2.579,0.162,True,True,True,1.0,1.0,1.0,0.6,0.8,1.0,0.767
Generalization,m103,m103_GenLight_400_2,2,2,48,61,False,False,False,True,2,0,8,NaN,NaN,True,True,False,True,6,0.726,0.089,True,True,True,1.0,1.0,1.0,0.8,1.0,1.0,0.783
Generalization,m103,m103_GenLight_400_2,2,2,49,61,True,True,False,True,6,1,42,0.566,0.186,False,False,False,True,2,NaN,NaN,True,True,True,0.667,0.667,1.0,0.8,0.8,1.0,0.8
Generalization,m103,m103_GenLight_400_2,2,2,50,61,True,False,True,True,5,1,10,0.942,0.081,True,True,False,True,6,0.566,0.186,False,False,True,0.667,0.667,1.0,0.8,0.8,1.0,0.817
Generalization,m103,m103_GenLight_400_2,2,2,51,61,True,True,False,True,4,1,24,2.615,0.105,True,False,True,True,5,0.942,0.081,True,True,True,0.333,0.667,1.0,0.6,0.8,1.0,0.833
Generalization,m103,m103_GenLight_400_2,2,2,52,61,False,False,False,True,4,0,16,NaN,NaN,True,True,False,True,4,2.615,0.105,False,True,True,0.667,1.0,1.0,0.6,0.8,1.0,0.85
Generalization,m103,m103_GenLight_400_2,2,2,53,61,True,True,False,True,4,1,22,2.914,0.054,False,False,False,True,4,NaN,NaN,True,True,True,0.333,0.667,1.0,0.4,0.6,1.0,0.867
Generalization,m103,m103_GenLight_400_2,2,2,54,61,True,True,False,True,6,1,28,2.444,0.051,True,True,False,True,4,2.914,0.054,False,False,True,0.667,0.667,1.0,0.6,0.8,1.0,0.883
Generalization,m103,m103_GenLight_400_2,2,2,55,61,False,False,False,True,7,0,20,NaN,NaN,True,True,False,True,6,2.444,0.051,True,True,True,0.667,0.667,1.0,0.6,0.8,1.0,0.9
Generalization,m103,m103_GenLight_400_2,2,2,56,61,True,True,False,True,1,1,20,1.099,0.191,False,False,False,True,7,NaN,NaN,True,True,True,0.667,0.667,1.0,0.6,0.6,1.0,0.917
Generalization,m103,m103_GenLight_400_2,2,2,57,61,False,False,False,True,1,0,4,NaN,NaN,True,True,False,True,1,1.099,0.191,False,False,True,0.667,0.667,1.0,0.6,0.6,1.0,0.933
Generalization,m103,m103_GenLight_400_2,2,2,58,61,True,True,False,True,2,1,14,6.923,0.03,False,False,False,True,1,NaN,NaN,True,True,True,0.333,0.333,1.0,0.6,0.6,1.0,0.95
Generalization,m103,m103_GenLight_400_2,2,2,59,61,True,False,True,True,6,1,26,4.362,0.063,True,True,False,True,2,6.923,0.03,False,False,True,0.667,0.667,1.0,0.6,0.6,1.0,0.967
Generalization,m103,m103_GenLight_400_2,2,2,60,61,True,True,False,False,0,1,14,1.339,0.15,True,False,True,True,6,4.362,0.063,True,True,True,0.333,0.667,1.0,0.4,0.6,1.0,0.983
Generalization,m103,m103_GenLight_400_2,2,2,61,61,False,False,False,False,0,0,0,NaN,NaN,True,True,False,False,0,1.339,0.15,False,True,True,0.667,1.0,0.667,0.6,0.8,0.8,1.0
Generalization,m103,m103_GenLight_400_2,3,3,1,61,True,True,False,True,2,1,28,3.403,0.147,,,,,,NaN,NaN,,,,NaN,NaN,NaN,NaN,NaN,NaN,0.0
Generalization,m103,m103_GenLight_400_2,3,3,2,61,False,False,False,False,0,0,0,NaN,NaN,True,True,False,True,2,3.403,0.147,,,,1.0,1.0,1.0,1.0,1.0,1.0,0.017
Generalization,m103,m103_GenLight_400_2,3,3,3,61,True,True,False,True,10,1,36,4.565,0.177,False,False,False,False,0,NaN,NaN,True,True,True,0.5,0.5,0.5,0.5,0.5,0.5,0.033
Generalization,m103,m103_GenLight_400_2,3,3,4,61,True,True,False,True,4,1,30,1.01,0.149,True,True,False,True,10,4.565,0.177,False,False,False,0.667,0.667,0.667,0.667,0.667,0.667,0.05
Generalization,m103,m103_GenLight_400_2,3,3,5,61,True,True,False,True,3,1,30,0.401,0.229,True,True,False,True,4,1.01,0.149,True,True,True,0.667,0.667,0.667,0.75,0.75,0.75,0.067
Generalization,m103,m103_GenLight_400_2,3,3,6,61,True,True,False,True,5,1,30,2.629,0.232,True,True,False,True,3,0.401,0.229,True,True,True,1.0,1.0,1.0,0.8,0.8,0.8,0.083
Generalization,m103,m103_GenLight_400_2,3,3,7,61,True,True,False,True,2,1,18,0.758,0.146,True,True,False,True,5,2.629,0.232,True,True,True,1.0,1.0,1.0,0.8,0.8,0.8,0.1
Generalization,m103,m103_GenLight_400_2,3,3,8,61,True,True,False,True,4,1,32,1.074,0.14,True,True,False,True,2,0.758,0.146,True,True,True,1.0,1.0,1.0,1.0,1.0,1.0,0.117
Generalization,m103,m103_GenLight_400_2,3,3,9,61,True,True,False,True,1,1,24,0.486,0.197,True,True,False,True,4,1.074,0.14,True,True,True,1.0,1.0,1.0,1.0,1.0,1.0,0.133
Generalization,m103,m103_GenLight_400_2,3,3,10,61,True,True,False,False,0,1,16,1.047,0.187,True,True,False,True,1,0.486,0.197,True,True,True,1.0,1.0,1.0,1.0,1.0,1.0,0.15
Generalization,m103,m103_GenLight_400_2,3,3,11,61,False,False,False,True,2,0,8,NaN,NaN,True,True,False,False,0,1.047,0.187,True,True,True,1.0,1.0,0.667,1.0,1.0,0.8,0.167
Generalization,m103,m103_GenLight_400_2,3,3,12,61,False,False,False,True,2,0,6,NaN,NaN,False,False,False,True,2,NaN,NaN,True,True,False,0.667,0.667,0.667,0.8,0.8,0.8,0.183
Generalization,m103,m103_GenLight_400_2,3,3,13,61,True,True,False,False,0,1,16,5.335,0.084,False,False,False,True,2,NaN,NaN,False,False,True,0.333,0.333,0.667,0.6,0.6,0.8,0.2
Generalization,m103,m103_GenLight_400_2,3,3,14,61,False,False,False,True,4,0,28,NaN,NaN,True,True,False,False,0,5.335,0.084,False,False,True,0.333,0.333,0.667,0.6,0.6,0.6,0.217
Generalization,m103,m103_GenLight_400_2,3,3,15,61,True,True,False,False,0,1,14,3.614,0.084,False,False,False,True,4,NaN,NaN,True,True,False,0.333,0.333,0.667,0.4,0.4,0.6,0.233
Generalization,m103,m103_GenLight_400_2,3,3,16,61,False,False,False,False,0,0,0,NaN,NaN,True,True,False,False,0,3.614,0.084,False,False,True,0.667,0.667,0.333,0.4,0.4,0.6,0.25
Generalization,m103,m103_GenLight_400_2,3,3,17,61,False,False,False,True,3,0,16,NaN,NaN,False,False,False,False,0,NaN,NaN,True,True,False,0.333,0.333,0.333,0.4,0.4,0.4,0.267
Generalization,m103,m103_GenLight_400_2,3,3,18,61,True,True,False,True,2,1,20,2.401,0.089,False,False,False,True,3,NaN,NaN,False,False,False,0.333,0.333,0.333,0.4,0.4,0.4,0.283
Generalization,m103,m103_GenLight_400_2,3,3,19,61,True,True,False,True,1,1,16,2.271,0.111,True,True,False,True,2,2.401,0.089,False,False,True,0.333,0.333,0.667,0.4,0.4,0.6,0.3
Generalization,m103,m103_GenLight_400_2,3,3,20,61,True,True,False,True,1,1,14,1.671,0.084,True,True,False,True,1,2.271,0.111,True,True,True,0.667,0.667,1.0,0.6,0.6,0.6,0.317
Generalization,m103,m103_GenLight_400_2,3,3,21,61,True,True,False,True,1,1,16,7.749,0.233,True,True,False,True,1,1.671,0.084,True,True,True,1.0,1.0,1.0,0.6,0.6,0.8,0.333
Generalization,m103,m103_GenLight_400_2,3,3,22,61,True,True,False,False,0,1,14,2.91,0.227,True,True,False,True,1,7.749,0.233,True,True,True,1.0,1.0,1.0,0.8,0.8,1.0,0.35
Generalization,m103,m103_GenLight_400_2,3,3,23,61,False,False,False,False,0,0,0,NaN,NaN,True,True,False,False,0,2.91,0.227,True,True,True,1.0,1.0,0.667,1.0,1.0,0.8,0.367
Generalization,m103,m103_GenLight_400_2,3,3,24,61,True,True,False,False,0,1,10,5.2,0.201,False,False,False,False,0,NaN,NaN,True,True,False,0.667,0.667,0.333,0.8,0.8,0.6,0.383
Generalization,m103,m103_GenLight_400_2,3,3,25,61,True,True,False,True,9,1,30,0.894,0.11,True,True,False,False,0,5.2,0.201,False,False,False,0.667,0.667,0.0,0.8,0.8,0.4,0.4
Generalization,m103,m103_GenLight_400_2,3,3,26,61,True,True,False,True,1,1,16,2.477,0.095,True,True,False,True,9,0.894,0.11,True,True,False,0.667,0.667,0.333,0.8,0.8,0.4,0.417
Generalization,m103,m103_GenLight_400_2,3,3,27,61,True,True,False,True,1,1,12,7.308,0.102,True,True,False,True,1,2.477,0.095,True,True,True,1.0,1.0,0.667,0.8,0.8,0.4,0.433
Generalization,m103,m103_GenLight_400_2,3,3,28,61,True,False,True,True,3,1,8,4.246,0.207,True,True,False,True,1,7.308,0.102,True,True,True,1.0,1.0,1.0,0.8,0.8,0.6,0.45
Generalization,m103,m103_GenLight_400_2,3,3,29,61,True,True,False,False,0,1,10,4.905,0.12,True,False,True,True,3,4.246,0.207,True,True,True,0.667,1.0,1.0,0.8,1.0,0.8,0.467
Generalization,m103,m103_GenLight_400_2,3,3,30,61,True,True,False,False,0,1,16,6.826,0.161,True,True,False,False,0,4.905,0.12,False,True,True,0.667,1.0,0.667,0.8,1.0,0.8,0.483
Generalization,m103,m103_GenLight_400_2,3,3,31,61,False,False,False,False,0,0,0,NaN,NaN,True,True,False,False,0,6.826,0.161,True,True,False,0.667,1.0,0.333,0.8,1.0,0.6,0.5
Generalization,m103,m103_GenLight_400_2,3,3,32,61,True,True,False,False,0,1,10,6.122,0.069,False,False,False,False,0,NaN,NaN,True,True,False,0.667,0.667,0.0,0.6,0.8,0.4,0.517
Generalization,m103,m103_GenLight_400_2,3,3,33,61,True,True,False,True,7,1,18,2.606,0.203,True,True,False,False,0,6.122,0.069,False,False,False,0.667,0.667,0.0,0.6,0.8,0.2,0.533
Generalization,m103,m103_GenLight_400_2,3,3,34,61,False,False,False,True,1,0,6,NaN,NaN,True,True,False,True,7,2.606,0.203,True,True,False,0.667,0.667,0.333,0.8,0.8,0.2,0.55
Generalization,m103,m103_GenLight_400_2,3,3,35,61,True,True,False,True,1,1,10,3.773,0.301,False,False,False,True,1,NaN,NaN,True,True,True,0.667,0.667,0.667,0.6,0.6,0.4,0.567
Generalization,m103,m103_GenLight_400_2,3,3,36,61,False,False,False,False,0,0,0,NaN,NaN,True,True,False,True,1,3.773,0.301,False,False,True,0.667,0.667,1.0,0.6,0.6,0.6,0.583
Generalization,m103,m103_GenLight_400_2,3,3,37,61,True,False,True,False,0,1,4,3.794,0.212,False,False,False,False,0,NaN,NaN,True,True,True,0.333,0.333,0.667,0.6,0.6,0.6,0.6
Generalization,m103,m103_GenLight_400_2,3,3,38,61,True,True,False,False,0,1,14,0.299,0.219,True,False,True,False,0,3.794,0.212,False,False,False,0.333,0.667,0.333,0.4,0.6,0.6,0.617
Generalization,m103,m103_GenLight_400_2,3,3,39,61,False,False,False,False,0,0,0,NaN,NaN,True,True,False,False,0,0.299,0.219,False,True,False,0.333,0.667,0.0,0.4,0.6,0.4,0.633
Generalization,m103,m103_GenLight_400_2,3,3,40,61,True,True,False,True,3,1,6,3.574,0.178,False,False,False,False,0,NaN,NaN,True,True,False,0.333,0.667,0.0,0.4,0.6,0.2,0.65
Generalization,m103,m103_GenLight_400_2,3,3,41,61,False,False,False,True,1,0,6,NaN,NaN,True,True,False,True,3,3.574,0.178,False,False,False,0.667,0.667,0.333,0.4,0.6,0.2,0.667
Generalization,m103,m103_GenLight_400_2,3,3,42,61,False,False,False,True,1,0,6,NaN,NaN,False,False,False,True,1,NaN,NaN,True,True,True,0.333,0.333,0.667,0.4,0.6,0.4,0.683
Generalization,m103,m103_GenLight_400_2,3,3,43,61,False,False,False,True,1,0,2,NaN,NaN,False,False,False,True,1,NaN,NaN,False,False,True,0.333,0.333,1.0,0.4,0.4,0.6,0.7
Generalization,m103,m103_GenLight_400_2,3,3,44,61,True,True,False,False,0,1,12,7.5,0.218,False,False,False,True,1,NaN,NaN,False,False,True,0.0,0.0,1.0,0.2,0.2,0.8,0.717
Generalization,m103,m103_GenLight_400_2,3,3,45,61,True,False,True,False,0,1,6,4.246,0.153,True,True,False,False,0,7.5,0.218,False,False,True,0.333,0.333,0.667,0.4,0.4,0.8,0.733
Generalization,m103,m103_GenLight_400_2,3,3,46,61,False,False,False,True,1,0,0,NaN,NaN,True,False,True,False,0,4.246,0.153,True,True,False,0.333,0.667,0.333,0.2,0.4,0.6,0.75
Generalization,m103,m103_GenLight_400_2,3,3,47,61,False,False,False,True,2,0,0,NaN,NaN,False,False,False,True,1,NaN,NaN,False,True,False,0.333,0.667,0.333,0.2,0.4,0.6,0.767
Generalization,m103,m103_GenLight_400_2,3,3,48,61,True,False,True,True,2,1,0,0.808,NaN,False,False,False,True,2,NaN,NaN,False,False,True,0.0,0.333,0.667,0.2,0.4,0.6,0.783
Generalization,m103,m103_GenLight_400_2,3,3,49,61,True,True,False,True,5,1,6,4.559,0.078,True,False,True,True,2,0.808,NaN,False,False,True,0.0,0.333,1.0,0.2,0.6,0.6,0.8
Generalization,m103,m103_GenLight_400_2,3,3,50,61,True,False,True,True,2,1,2,2.736,0.33,True,True,False,True,5,4.559,0.078,False,True,True,0.333,0.667,1.0,0.2,0.6,0.8,0.817
Generalization,m103,m103_GenLight_400_2,3,3,51,61,True,True,False,True,1,1,18,6.148,0.05,True,False,True,True,2,2.736,0.33,True,True,True,0.333,1.0,1.0,0.2,0.6,1.0,0.833
Generalization,m103,m103_GenLight_400_2,3,3,52,61,True,True,False,False,0,1,10,3.291,0.096,True,True,False,True,1,6.148,0.05,False,True,True,0.667,1.0,1.0,0.4,0.8,1.0,0.85
Generalization,m103,m103_GenLight_400_2,3,3,53,61,False,False,False,True,1,0,8,NaN,NaN,True,True,False,False,0,3.291,0.096,True,True,True,0.667,1.0,0.667,0.6,1.0,0.8,0.867
Generalization,m103,m103_GenLight_400_2,3,3,54,61,True,True,False,True,1,1,14,4.767,0.165,False,False,False,True,1,NaN,NaN,True,True,False,0.667,0.667,0.667,0.6,0.8,0.8,0.883
Generalization,m103,m103_GenLight_400_2,3,3,55,61,True,True,False,False,0,1,8,3.244,0.149,True,True,False,True,1,4.767,0.165,False,False,True,0.667,0.667,0.667,0.6,0.8,0.8,0.9
Generalization,m103,m103_GenLight_400_2,3,3,56,61,False,False,False,True,2,0,8,NaN,NaN,True,True,False,False,0,3.244,0.149,True,True,True,0.667,0.667,0.667,0.8,0.8,0.6,0.917
Generalization,m103,m103_GenLight_400_2,3,3,57,61,True,True,False,False,0,1,10,7.591,0.252,False,False,False,True,2,NaN,NaN,True,True,False,0.667,0.667,0.667,0.6,0.6,0.6,0.933
Generalization,m103,m103_GenLight_400_2,3,3,58,61,True,True,False,False,0,1,8,3.322,0.124,True,True,False,False,0,7.591,0.252,False,False,True,0.667,0.667,0.333,0.6,0.6,0.6,0.95
Generalization,m103,m103_GenLight_400_2,3,3,59,61,True,False,True,True,1,1,12,0.274,0.049,True,True,False,False,0,3.322,0.124,True,True,False,0.667,0.667,0.333,0.8,0.8,0.4,0.967
Generalization,m103,m103_GenLight_400_2,3,3,60,61,True,True,False,False,0,1,8,3.356,0.249,True,False,True,True,1,0.274,0.049,True,True,False,0.667,1.0,0.333,0.6,0.8,0.4,0.983
Generalization,m103,m103_GenLight_400_2,3,3,61,61,False,False,False,False,0,0,0,NaN,NaN,True,True,False,False,0,3.356,0.249,False,True,True,0.667,1.0,0.333,0.6,0.8,0.4,1.0
Generalization,m103,m103_GenLight_400_2,4,4,1,61,False,False,False,False,0,0,0,NaN,NaN,,,,,,NaN,NaN,,,,NaN,NaN,NaN,NaN,NaN,NaN,0.0
Generalization,m103,m103_GenLight_400_2,4,4,2,61,False,False,False,True,1,0,4,NaN,NaN,False,False,False,False,0,NaN,NaN,,,,0.0,0.0,0.0,0.0,0.0,0.0,0.017
Generalization,m103,m103_GenLight_400_2,4,4,3,61,True,True,False,True,10,1,16,3.837,0.054,False,False,False,True,1,NaN,NaN,False,False,False,0.0,0.0,0.5,0.0,0.0,0.5,0.033
Generalization,m103,m103_GenLight_400_2,4,4,4,61,True,True,False,True,1,1,22,2.241,0.125,True,True,False,True,10,3.837,0.054,False,False,True,0.333,0.333,0.667,0.333,0.333,0.667,0.05
Generalization,m103,m103_GenLight_400_2,4,4,5,61,True,True,False,True,2,1,20,2.248,0.249,True,True,False,True,1,2.241,0.125,True,True,True,0.667,0.667,1.0,0.5,0.5,0.75,0.067
Generalization,m103,m103_GenLight_400_2,4,4,6,61,True,True,False,True,2,1,12,6.294,0.096,True,True,False,True,2,2.248,0.249,True,True,True,1.0,1.0,1.0,0.6,0.6,0.8,0.083
Generalization,m103,m103_GenLight_400_2,4,4,7,61,True,True,False,True,5,1,24,4.087,0.137,True,True,False,True,2,6.294,0.096,True,True,True,1.0,1.0,1.0,0.8,0.8,1.0,0.1
Generalization,m103,m103_GenLight_400_2,4,4,8,61,True,True,False,True,3,1,24,1.294,0.02,True,True,False,True,5,4.087,0.137,True,True,True,1.0,1.0,1.0,1.0,1.0,1.0,0.117
Generalization,m103,m103_GenLight_400_2,4,4,9,61,False,False,False,True,1,0,4,NaN,NaN,True,True,False,True,3,1.294,0.02,True,True,True,1.0,1.0,1.0,1.0,1.0,1.0,0.133
Generalization,m103,m103_GenLight_400_2,4,4,10,61,False,False,False,True,1,0,6,NaN,NaN,False,False,False,True,1,NaN,NaN,True,True,True,0.667,0.667,1.0,0.8,0.8,1.0,0.15
Generalization,m103,m103_GenLight_400_2,4,4,11,61,True,True,False,True,1,1,16,2.291,0.149,False,False,False,True,1,NaN,NaN,False,False,True,0.333,0.333,1.0,0.6,0.6,1.0,0.167
Generalization,m103,m103_GenLight_400_2,4,4,12,61,True,True,False,True,3,1,14,5.204,0.001,True,True,False,True,1,2.291,0.149,False,False,True,0.333,0.333,1.0,0.6,0.6,1.0,0.183
Generalization,m103,m103_GenLight_400_2,4,4,13,61,True,True,False,True,3,1,22,2.952,0.001,True,True,False,True,3,5.204,0.001,True,True,True,0.667,0.667,1.0,0.6,0.6,1.0,0.2
Generalization,m103,m103_GenLight_400_2,4,4,14,61,False,False,False,True,2,0,6,NaN,NaN,True,True,False,True,3,2.952,0.001,True,True,True,1.0,1.0,1.0,0.6,0.6,1.0,0.217
Generalization,m103,m103_GenLight_400_2,4,4,15,61,False,False,False,True,3,0,6,NaN,NaN,False,False,False,True,2,NaN,NaN,True,True,True,0.667,0.667,1.0,0.6,0.6,1.0,0.233
Generalization,m103,m103_GenLight_400_2,4,4,16,61,True,True,False,False,0,1,10,4.31,0.194,False,False,False,True,3,NaN,NaN,False,False,True,0.333,0.333,1.0,0.6,0.6,1.0,0.25
Generalization,m103,m103_GenLight_400_2,4,4,17,61,True,True,False,True,5,1,18,0.535,0.08,True,True,False,False,0,4.31,0.194,False,False,True,0.333,0.333,0.667,0.6,0.6,0.8,0.267
Generalization,m103,m103_GenLight_400_2,4,4,18,61,False,False,False,True,3,0,8,NaN,NaN,True,True,False,True,5,0.535,0.08,True,True,False,0.667,0.667,0.667,0.6,0.6,0.8,0.283
Generalization,m103,m103_GenLight_400_2,4,4,19,61,False,False,False,False,0,0,0,NaN,NaN,False,False,False,True,3,NaN,NaN,True,True,True,0.667,0.667,0.667,0.4,0.4,0.8,0.3
Generalization,m103,m103_GenLight_400_2,4,4,20,61,False,False,False,False,0,0,0,NaN,NaN,False,False,False,False,0,NaN,NaN,False,False,True,0.333,0.333,0.667,0.4,0.4,0.6,0.317
Generalization,m103,m103_GenLight_400_2,4,4,21,61,True,True,False,True,1,1,18,3.779,0.083,False,False,False,False,0,NaN,NaN,False,False,False,0.0,0.0,0.333,0.4,0.4,0.4,0.333
Generalization,m103,m103_GenLight_400_2,4,4,22,61,True,True,False,True,4,1,28,4.719,0.05,True,True,False,True,1,3.779,0.083,False,False,False,0.333,0.333,0.333,0.4,0.4,0.6,0.35
Generalization,m103,m103_GenLight_400_2,4,4,23,61,True,True,False,True,5,1,26,2.187,0.018,True,True,False,True,4,4.719,0.05,True,True,True,0.667,0.667,0.667,0.4,0.4,0.6,0.367
Generalization,m103,m103_GenLight_400_2,4,4,24,61,True,True,False,False,0,1,14,6.792,0.115,True,True,False,True,5,2.187,0.018,True,True,True,1.0,1.0,1.0,0.6,0.6,0.6,0.383
Generalization,m103,m103_GenLight_400_2,4,4,25,61,True,True,False,True,2,1,24,3.965,0.141,True,True,False,False,0,6.792,0.115,True,True,True,1.0,1.0,0.667,0.8,0.8,0.6,0.4
Generalization,m103,m103_GenLight_400_2,4,4,26,61,True,False,True,True,1,1,6,5.782,25.103,True,True,False,True,2,3.965,0.141,True,True,False,1.0,1.0,0.667,1.0,1.0,0.8,0.417
Generalization,m103,m103_GenLight_400_2,4,4,27,61,False,False,False,True,1,0,6,NaN,NaN,True,False,True,True,1,5.782,25.103,True,True,True,0.667,1.0,0.667,0.8,1.0,0.8,0.433
Generalization,m103,m103_GenLight_400_2,4,4,28,61,True,True,False,False,0,1,16,0.46,0.363,False,False,False,True,1,NaN,NaN,False,True,True,0.333,0.667,1.0,0.6,0.8,0.8,0.45
Generalization,m103,m103_GenLight_400_2,4,4,29,61,True,True,False,False,0,1,10,1.292,0.116,True,True,False,False,0,0.46,0.363,False,False,True,0.333,0.667,0.667,0.6,0.8,0.6,0.467
Generalization,m103,m103_GenLight_400_2,4,4,30,61,False,False,False,True,5,0,6,NaN,NaN,True,True,False,False,0,1.292,0.116,True,True,False,0.667,0.667,0.333,0.6,0.8,0.6,0.483
Generalization,m103,m103_GenLight_400_2,4,4,31,61,True,True,False,False,0,1,20,3.844,0.036,False,False,False,True,5,NaN,NaN,True,True,False,0.667,0.667,0.333,0.4,0.6,0.6,0.5
Generalization,m103,m103_GenLight_400_2,4,4,32,61,False,False,False,False,0,0,6,NaN,NaN,True,True,False,False,0,3.844,0.036,False,False,True,0.667,0.667,0.333,0.6,0.6,0.4,0.517
Generalization,m103,m103_GenLight_400_2,4,4,33,61,False,False,False,False,0,0,0,NaN,NaN,False,False,False,False,0,NaN,NaN,True,True,False,0.333,0.333,0.333,0.6,0.6,0.2,0.533
Generalization,m103,m103_GenLight_400_2,4,4,34,61,False,False,False,True,2,0,8,NaN,NaN,False,False,False,False,0,NaN,NaN,False,False,False,0.333,0.333,0.0,0.4,0.4,0.2,0.55
Generalization,m103,m103_GenLight_400_2,4,4,35,61,False,False,False,False,0,0,2,NaN,NaN,False,False,False,True,2,NaN,NaN,False,False,False,0.0,0.0,0.333,0.2,0.2,0.4,0.567
Generalization,m103,m103_GenLight_400_2,4,4,36,61,True,True,False,True,1,1,10,2.852,0.104,False,False,False,False,0,NaN,NaN,False,False,True,0.0,0.0,0.333,0.2,0.2,0.2,0.583
Generalization,m103,m103_GenLight_400_2,4,4,37,61,True,False,True,False,0,4,0,5.29,NaN,True,True,False,True,1,2.852,0.104,False,False,False,0.333,0.333,0.667,0.2,0.2,0.4,0.6
Generalization,m103,m103_GenLight_400_2,4,4,38,61,True,True,False,True,1,1,10,3.389,0.076,True,False,True,False,0,5.29,NaN,True,True,True,0.333,0.667,0.333,0.2,0.4,0.4,0.617
Generalization,m103,m103_GenLight_400_2,4,4,39,61,True,True,False,True,5,1,14,3.824,0.171,True,True,False,True,1,3.389,0.076,False,True,False,0.667,1.0,0.667,0.4,0.6,0.6,0.633
Generalization,m103,m103_GenLight_400_2,4,4,40,61,True,True,False,True,7,1,28,0.532,0.221,True,True,False,True,5,3.824,0.171,True,True,True,0.667,1.0,0.667,0.6,0.8,0.6,0.65
Generalization,m103,m103_GenLight_400_2,4,4,41,61,True,True,False,True,5,1,32,3.959,0.231,True,True,False,True,7,0.532,0.221,True,True,True,1.0,1.0,1.0,0.8,1.0,0.8,0.667
Generalization,m103,m103_GenLight_400_2,4,4,42,61,True,True,False,True,3,1,10,6.196,0.148,True,True,False,True,5,3.959,0.231,True,True,True,1.0,1.0,1.0,0.8,1.0,0.8,0.683
Generalization,m103,m103_GenLight_400_2,4,4,43,61,False,False,False,True,2,0,10,NaN,NaN,True,True,False,True,3,6.196,0.148,True,True,True,1.0,1.0,1.0,1.0,1.0,1.0,0.7
Generalization,m103,m103_GenLight_400_2,4,4,44,61,True,True,False,True,5,2,26,6.781,0.173,False,False,False,True,2,NaN,NaN,True,True,True,0.667,0.667,1.0,0.8,0.8,1.0,0.717
Generalization,m103,m103_GenLight_400_2,4,4,45,61,False,False,False,False,0,0,0,NaN,NaN,True,True,False,True,5,6.781,0.173,False,False,True,0.667,0.667,1.0,0.8,0.8,1.0,0.733
Generalization,m103,m103_GenLight_400_2,4,4,46,61,False,False,False,True,3,0,16,NaN,NaN,False,False,False,False,0,NaN,NaN,True,True,True,0.333,0.333,0.667,0.6,0.6,0.8,0.75
Generalization,m103,m103_GenLight_400_2,4,4,47,61,True,True,False,True,2,2,28,3.88,0.141,False,False,False,True,3,NaN,NaN,False,False,False,0.333,0.333,0.667,0.4,0.4,0.8,0.767
Generalization,m103,m103_GenLight_400_2,4,4,48,61,True,True,False,False,0,1,12,2.601,0.069,True,True,False,True,2,3.88,0.141,False,False,True,0.333,0.333,0.667,0.4,0.4,0.8,0.783
Generalization,m103,m103_GenLight_400_2,4,4,49,61,True,True,False,True,9,1,28,6.337,0.167,True,True,False,False,0,2.601,0.069,True,True,True,0.667,0.667,0.667,0.6,0.6,0.6,0.8
Generalization,m103,m103_GenLight_400_2,4,4,50,61,True,False,True,True,2,1,16,4.264,0.072,True,True,False,True,9,6.337,0.167,True,True,False,1.0,1.0,0.667,0.6,0.6,0.6,0.817
Generalization,m103,m103_GenLight_400_2,4,4,51,61,True,True,False,False,0,1,10,0.321,0.172,True,False,True,True,2,4.264,0.072,True,True,True,0.667,1.0,0.667,0.6,0.8,0.8,0.833
Generalization,m103,m103_GenLight_400_2,4,4,52,61,False,False,False,True,13,0,22,NaN,NaN,True,True,False,False,0,0.321,0.172,False,True,True,0.667,1.0,0.667,0.8,1.0,0.6,0.85
Generalization,m103,m103_GenLight_400_2,4,4,53,61,False,False,False,True,3,0,14,NaN,NaN,False,False,False,True,13,NaN,NaN,True,True,False,0.333,0.667,0.667,0.6,0.8,0.6,0.867
Generalization,m103,m103_GenLight_400_2,4,4,54,61,True,True,False,True,2,1,16,3.023,0.155,False,False,False,True,3,NaN,NaN,False,False,True,0.333,0.333,0.667,0.4,0.6,0.8,0.883
Generalization,m103,m103_GenLight_400_2,4,4,55,61,False,False,False,True,4,0,6,NaN,NaN,True,True,False,True,2,3.023,0.155,False,False,True,0.333,0.333,1.0,0.4,0.6,0.8,0.9
Generalization,m103,m103_GenLight_400_2,4,4,56,61,True,False,True,True,1,1,4,0.589,0.189,False,False,False,True,4,NaN,NaN,True,True,True,0.333,0.333,1.0,0.4,0.4,0.8,0.917
Generalization,m103,m103_GenLight_400_2,4,4,57,61,False,False,False,False,0,0,0,NaN,NaN,True,False,True,True,1,0.589,0.189,False,False,True,0.333,0.667,1.0,0.2,0.4,1.0,0.933
Generalization,m103,m103_GenLight_400_2,4,4,58,61,False,False,False,True,1,0,2,NaN,NaN,False,False,False,False,0,NaN,NaN,False,True,True,0.0,0.333,0.667,0.2,0.4,0.8,0.95
Generalization,m103,m103_GenLight_400_2,4,4,59,61,True,True,False,True,1,2,12,7.208,0.154,False,False,False,True,1,NaN,NaN,False,False,False,0.0,0.333,0.667,0.2,0.4,0.8,0.967
Generalization,m103,m103_GenLight_400_2,4,4,60,61,False,False,False,True,2,0,0,NaN,NaN,True,True,False,True,1,7.208,0.154,False,False,True,0.333,0.333,0.667,0.2,0.4,0.8,0.983
Generalization,m103,m103_GenLight_400_2,4,4,61,61,False,False,False,False,0,0,0,NaN,NaN,False,False,False,True,2,NaN,NaN,True,True,True,0.333,0.333,1.0,0.2,0.4,0.8,1.0
Generalization,m104,m104_GenLight_400,1,1,1,61,True,True,False,True,2,1,20,3.957,0.298,,,,,,NaN,NaN,,,,NaN,NaN,NaN,NaN,NaN,NaN,0.0
Generalization,m104,m104_GenLight_400,1,1,2,61,False,False,False,True,7,0,34,NaN,NaN,True,True,False,True,2,3.957,0.298,,,,1.0,1.0,1.0,1.0,1.0,1.0,0.017
Generalization,m104,m104_GenLight_400,1,1,3,61,True,True,False,True,7,1,32,1.443,0.157,False,False,False,True,7,NaN,NaN,True,True,True,0.5,0.5,1.0,0.5,0.5,1.0,0.033
Generalization,m104,m104_GenLight_400,1,1,4,61,True,True,False,True,20,1,90,2.843,0.373,True,True,False,True,7,1.443,0.157,False,False,True,0.667,0.667,1.0,0.667,0.667,1.0,0.05
Generalization,m104,m104_GenLight_400,1,1,5,61,True,True,False,True,5,1,30,1.784,0.126,True,True,False,True,20,2.843,0.373,True,True,True,0.667,0.667,1.0,0.75,0.75,1.0,0.067
Generalization,m104,m104_GenLight_400,1,1,6,61,True,True,False,True,11,1,44,2.265,0.218,True,True,False,True,5,1.784,0.126,True,True,True,1.0,1.0,1.0,0.8,0.8,1.0,0.083
Generalization,m104,m104_GenLight_400,1,1,7,61,True,True,False,True,5,1,30,0.117,0.211,True,True,False,True,11,2.265,0.218,True,True,True,1.0,1.0,1.0,0.8,0.8,1.0,0.1
Generalization,m104,m104_GenLight_400,1,1,8,61,True,True,False,True,5,1,26,7.738,0.214,True,True,False,True,5,0.117,0.211,True,True,True,1.0,1.0,1.0,1.0,1.0,1.0,0.117
Generalization,m104,m104_GenLight_400,1,1,9,61,False,False,False,False,0,0,0,NaN,NaN,True,True,False,True,5,7.738,0.214,True,True,True,1.0,1.0,1.0,1.0,1.0,1.0,0.133
Generalization,m104,m104_GenLight_400,1,1,10,61,True,True,False,True,6,1,54,7.876,0.413,False,False,False,False,0,NaN,NaN,True,True,True,0.667,0.667,0.667,0.8,0.8,0.8,0.15
Generalization,m104,m104_GenLight_400,1,1,11,61,True,True,False,True,11,1,58,3.266,0.185,True,True,False,True,6,7.876,0.413,False,False,False,0.667,0.667,0.667,0.8,0.8,0.8,0.167
Generalization,m104,m104_GenLight_400,1,1,12,61,True,True,False,True,5,1,28,1.517,0.205,True,True,False,True,11,3.266,0.185,True,True,True,0.667,0.667,0.667,0.8,0.8,0.8,0.183
Generalization,m104,m104_GenLight_400,1,1,13,61,True,True,False,True,2,1,24,5.898,0.151,True,True,False,True,5,1.517,0.205,True,True,True,1.0,1.0,1.0,0.8,0.8,0.8,0.2
Generalization,m104,m104_GenLight_400,1,1,14,61,True,True,False,True,5,1,40,0.995,0.169,True,True,False,True,2,5.898,0.151,True,True,True,1.0,1.0,1.0,0.8,0.8,0.8,0.217
Generalization,m104,m104_GenLight_400,1,1,15,61,False,False,False,True,9,0,28,NaN,NaN,True,True,False,True,5,0.995,0.169,True,True,True,1.0,1.0,1.0,1.0,1.0,1.0,0.233
Generalization,m104,m104_GenLight_400,1,1,16,61,True,True,False,True,3,1,26,0.616,0.169,False,False,False,True,9,NaN,NaN,True,True,True,0.667,0.667,1.0,0.8,0.8,1.0,0.25
Generalization,m104,m104_GenLight_400,1,1,17,61,True,True,False,True,5,1,28,0.564,0.171,True,True,False,True,3,0.616,0.169,False,False,True,0.667,0.667,1.0,0.8,0.8,1.0,0.267
Generalization,m104,m104_GenLight_400,1,1,18,61,False,False,False,True,3,0,10,NaN,NaN,True,True,False,True,5,0.564,0.171,True,True,True,0.667,0.667,1.0,0.8,0.8,1.0,0.283
Generalization,m104,m104_GenLight_400,1,1,19,61,True,True,False,True,1,1,10,0.283,0.169,False,False,False,True,3,NaN,NaN,True,True,True,0.667,0.667,1.0,0.6,0.6,1.0,0.3
Generalization,m104,m104_GenLight_400,1,1,20,61,False,False,False,True,1,0,8,NaN,NaN,True,True,False,True,1,0.283,0.169,False,False,True,0.667,0.667,1.0,0.6,0.6,1.0,0.317
Generalization,m104,m104_GenLight_400,1,1,21,61,True,True,False,True,8,1,46,0.932,0.152,False,False,False,True,1,NaN,NaN,True,True,True,0.333,0.333,1.0,0.6,0.6,1.0,0.333
Generalization,m104,m104_GenLight_400,1,1,22,61,True,True,False,True,5,1,28,7.096,0.17,True,True,False,True,8,0.932,0.152,False,False,True,0.667,0.667,1.0,0.6,0.6,1.0,0.35
Generalization,m104,m104_GenLight_400,1,1,23,61,True,True,False,True,3,1,30,0.741,0.185,True,True,False,True,5,7.096,0.17,True,True,True,0.667,0.667,1.0,0.6,0.6,1.0,0.367
Generalization,m104,m104_GenLight_400,1,1,24,61,True,True,False,True,5,1,28,0.81,0.209,True,True,False,True,3,0.741,0.185,True,True,True,1.0,1.0,1.0,0.8,0.8,1.0,0.383
Generalization,m104,m104_GenLight_400,1,1,25,61,True,True,False,True,3,1,26,2.614,0.209,True,True,False,True,5,0.81,0.209,True,True,True,1.0,1.0,1.0,0.8,0.8,1.0,0.4
Generalization,m104,m104_GenLight_400,1,1,26,61,False,False,False,False,0,0,0,NaN,NaN,True,True,False,True,3,2.614,0.209,True,True,True,1.0,1.0,1.0,1.0,1.0,1.0,0.417
Generalization,m104,m104_GenLight_400,1,1,27,61,False,False,False,True,1,0,4,NaN,NaN,False,False,False,False,0,NaN,NaN,True,True,True,0.667,0.667,0.667,0.8,0.8,0.8,0.433
Generalization,m104,m104_GenLight_400,1,1,28,61,True,True,False,True,5,1,26,2.281,0.166,False,False,False,True,1,NaN,NaN,False,False,False,0.333,0.333,0.667,0.6,0.6,0.8,0.45
Generalization,m104,m104_GenLight_400,1,1,29,61,True,False,True,True,3,1,6,2.781,0.135,True,True,False,True,5,2.281,0.166,False,False,True,0.333,0.333,0.667,0.6,0.6,0.8,0.467
Generalization,m104,m104_GenLight_400,1,1,30,61,True,True,False,True,3,1,24,1.639,0.19,True,False,True,True,3,2.781,0.135,True,True,True,0.333,0.667,1.0,0.4,0.6,0.8,0.483
Generalization,m104,m104_GenLight_400,1,1,31,61,True,True,False,True,2,1,18,1.735,0.174,True,True,False,True,3,1.639,0.19,False,True,True,0.667,1.0,1.0,0.4,0.6,0.8,0.5
Generalization,m104,m104_GenLight_400,1,1,32,61,True,True,False,True,2,1,24,2.006,0.155,True,True,False,True,2,1.735,0.174,True,True,True,0.667,1.0,1.0,0.6,0.8,1.0,0.517
Generalization,m104,m104_GenLight_400,1,1,33,61,True,True,False,True,6,1,34,1.065,0.201,True,True,False,True,2,2.006,0.155,True,True,True,1.0,1.0,1.0,0.8,1.0,1.0,0.533
Generalization,m104,m104_GenLight_400,1,1,34,61,False,False,False,True,1,0,6,NaN,NaN,True,True,False,True,6,1.065,0.201,True,True,True,1.0,1.0,1.0,0.8,1.0,1.0,0.55
Generalization,m104,m104_GenLight_400,1,1,35,61,True,True,False,True,1,1,18,5.41,0.232,False,False,False,True,1,NaN,NaN,True,True,True,0.667,0.667,1.0,0.8,0.8,1.0,0.567
Generalization,m104,m104_GenLight_400,1,1,36,61,True,True,False,True,2,1,16,0.604,0.177,True,True,False,True,1,5.41,0.232,False,False,True,0.667,0.667,1.0,0.8,0.8,1.0,0.583
Generalization,m104,m104_GenLight_400,1,1,37,61,False,False,False,True,3,0,12,NaN,NaN,True,True,False,True,2,0.604,0.177,True,True,True,0.667,0.667,1.0,0.8,0.8,1.0,0.6
Generalization,m104,m104_GenLight_400,1,1,38,61,False,False,False,True,3,0,16,NaN,NaN,False,False,False,True,3,NaN,NaN,True,True,True,0.667,0.667,1.0,0.6,0.6,1.0,0.617
Generalization,m104,m104_GenLight_400,1,1,39,61,True,True,False,True,3,1,20,0.747,0.207,False,False,False,True,3,NaN,NaN,False,False,True,0.333,0.333,1.0,0.4,0.4,1.0,0.633
Generalization,m104,m104_GenLight_400,1,1,40,61,True,True,False,True,2,1,24,0.584,0.165,True,True,False,True,3,0.747,0.207,False,False,True,0.333,0.333,1.0,0.6,0.6,1.0,0.65
Generalization,m104,m104_GenLight_400,1,1,41,61,True,True,False,False,0,1,18,1.905,0.2,True,True,False,True,2,0.584,0.165,True,True,True,0.667,0.667,1.0,0.6,0.6,1.0,0.667
Generalization,m104,m104_GenLight_400,1,1,42,61,False,False,False,False,0,0,0,NaN,NaN,True,True,False,False,0,1.905,0.2,True,True,True,1.0,1.0,0.667,0.6,0.6,0.8,0.683
Generalization,m104,m104_GenLight_400,1,1,43,61,False,False,False,True,1,0,6,NaN,NaN,False,False,False,False,0,NaN,NaN,True,True,False,0.667,0.667,0.333,0.6,0.6,0.6,0.7
Generalization,m104,m104_GenLight_400,1,1,44,61,True,True,False,False,0,1,8,2.469,0.114,False,False,False,True,1,NaN,NaN,False,False,False,0.333,0.333,0.333,0.6,0.6,0.6,0.717
Generalization,m104,m104_GenLight_400,1,1,45,61,True,True,False,True,1,1,16,3.353,0.27,True,True,False,False,0,2.469,0.114,False,False,True,0.333,0.333,0.333,0.6,0.6,0.4,0.733
Generalization,m104,m104_GenLight_400,1,1,46,61,True,True,False,True,6,1,18,0.729,0.177,True,True,False,True,1,3.353,0.27,True,True,False,0.667,0.667,0.667,0.6,0.6,0.4,0.75
Generalization,m104,m104_GenLight_400,1,1,47,61,True,True,False,True,3,1,18,1.996,0.14,True,True,False,True,6,0.729,0.177,True,True,True,1.0,1.0,0.667,0.6,0.6,0.6,0.767
Generalization,m104,m104_GenLight_400,1,1,48,61,True,True,False,True,3,1,10,2.575,0.144,True,True,False,True,3,1.996,0.14,True,True,True,1.0,1.0,1.0,0.8,0.8,0.8,0.783
Generalization,m104,m104_GenLight_400,1,1,49,61,False,False,False,False,0,0,0,NaN,NaN,True,True,False,True,3,2.575,0.144,True,True,True,1.0,1.0,1.0,1.0,1.0,0.8,0.8
Generalization,m104,m104_GenLight_400,1,1,50,61,False,False,False,False,0,0,0,NaN,NaN,False,False,False,False,0,NaN,NaN,True,True,True,0.667,0.667,0.667,0.8,0.8,0.8,0.817
Generalization,m104,m104_GenLight_400,1,1,51,61,False,False,False,False,0,0,0,NaN,NaN,False,False,False,False,0,NaN,NaN,False,False,False,0.333,0.333,0.333,0.6,0.6,0.6,0.833
Generalization,m104,m104_GenLight_400,1,1,52,61,True,True,False,False,0,1,20,2.444,0.19,False,False,False,False,0,NaN,NaN,False,False,False,0.0,0.0,0.0,0.4,0.4,0.4,0.85
Generalization,m104,m104_GenLight_400,1,1,53,61,True,True,False,True,1,1,16,1.881,0.179,True,True,False,False,0,2.444,0.19,False,False,False,0.333,0.333,0.0,0.4,0.4,0.2,0.867
Generalization,m104,m104_GenLight_400,1,1,54,61,False,False,False,True,1,0,6,NaN,NaN,True,True,False,True,1,1.881,0.179,True,True,False,0.667,0.667,0.333,0.4,0.4,0.2,0.883
Generalization,m104,m104_GenLight_400,1,1,55,61,True,True,False,True,1,1,12,0.605,0.181,False,False,False,True,1,NaN,NaN,True,True,True,0.667,0.667,0.667,0.4,0.4,0.4,0.9
Generalization,m104,m104_GenLight_400,1,1,56,61,True,True,False,True,1,1,12,4.248,0.145,True,True,False,True,1,0.605,0.181,False,False,True,0.667,0.667,1.0,0.6,0.6,0.6,0.917
Generalization,m104,m104_GenLight_400,1,1,57,61,False,False,False,True,1,0,4,NaN,NaN,True,True,False,True,1,4.248,0.145,True,True,True,0.667,0.667,1.0,0.8,0.8,0.8,0.933
Generalization,m104,m104_GenLight_400,1,1,58,61,False,False,False,False,0,0,0,NaN,NaN,False,False,False,True,1,NaN,NaN,True,True,True,0.667,0.667,1.0,0.6,0.6,1.0,0.95
Generalization,m104,m104_GenLight_400,1,1,59,61,True,False,True,False,0,1,6,6.057,0.217,False,False,False,False,0,NaN,NaN,False,False,True,0.333,0.333,0.667,0.4,0.4,0.8,0.967
Generalization,m104,m104_GenLight_400,1,1,60,61,False,False,False,False,0,0,0,NaN,NaN,True,False,True,False,0,6.057,0.217,False,False,False,0.0,0.333,0.333,0.4,0.6,0.6,0.983
Generalization,m104,m104_GenLight_400,1,1,61,61,False,False,False,False,0,0,0,NaN,NaN,False,False,False,False,0,NaN,NaN,False,True,False,0.0,0.333,0.0,0.2,0.4,0.4,1.0
Generalization,m104,m104_GenLight_400_2,2,2,1,61,True,True,False,True,3,1,18,0.772,0.327,,,,,,NaN,NaN,,,,NaN,NaN,NaN,NaN,NaN,NaN,0.0
Generalization,m104,m104_GenLight_400_2,2,2,2,61,True,True,False,True,5,1,30,6.45,0.148,True,True,False,True,3,0.772,0.327,,,,1.0,1.0,1.0,1.0,1.0,1.0,0.017
Generalization,m104,m104_GenLight_400_2,2,2,3,61,True,True,False,True,2,1,26,2.868,0.206,True,True,False,True,5,6.45,0.148,True,True,True,1.0,1.0,1.0,1.0,1.0,1.0,0.033
Generalization,m104,m104_GenLight_400_2,2,2,4,61,True,True,False,True,3,1,35,2.747,0.18,True,True,False,True,2,2.868,0.206,True,True,True,1.0,1.0,1.0,1.0,1.0,1.0,0.05
Generalization,m104,m104_GenLight_400_2,2,2,5,61,True,True,False,True,5,1,48,5.394,0.189,True,True,False,True,3,2.747,0.18,True,True,True,1.0,1.0,1.0,1.0,1.0,1.0,0.067
Generalization,m104,m104_GenLight_400_2,2,2,6,61,True,True,False,True,13,1,38,3.468,0.243,True,True,False,True,5,5.394,0.189,True,True,True,1.0,1.0,1.0,1.0,1.0,1.0,0.083
Generalization,m104,m104_GenLight_400_2,2,2,7,61,True,True,False,True,4,1,26,0.901,0.158,True,True,False,True,13,3.468,0.243,True,True,True,1.0,1.0,1.0,1.0,1.0,1.0,0.1
Generalization,m104,m104_GenLight_400_2,2,2,8,61,False,False,False,True,2,0,12,NaN,NaN,True,True,False,True,4,0.901,0.158,True,True,True,1.0,1.0,1.0,1.0,1.0,1.0,0.117
Generalization,m104,m104_GenLight_400_2,2,2,9,61,True,True,False,True,13,1,68,0.469,0.199,False,False,False,True,2,NaN,NaN,True,True,True,0.667,0.667,1.0,0.8,0.8,1.0,0.133
Generalization,m104,m104_GenLight_400_2,2,2,10,61,True,True,False,True,2,1,20,1.464,0.156,True,True,False,True,13,0.469,0.199,False,False,True,0.667,0.667,1.0,0.8,0.8,1.0,0.15
Generalization,m104,m104_GenLight_400_2,2,2,11,61,False,False,False,False,0,0,0,NaN,NaN,True,True,False,True,2,1.464,0.156,True,True,True,0.667,0.667,1.0,0.8,0.8,1.0,0.167
Generalization,m104,m104_GenLight_400_2,2,2,12,61,False,False,False,True,5,0,32,NaN,NaN,False,False,False,False,0,NaN,NaN,True,True,True,0.667,0.667,0.667,0.6,0.6,0.8,0.183
Generalization,m104,m104_GenLight_400_2,2,2,13,61,True,True,False,True,11,1,52,0.562,0.216,False,False,False,True,5,NaN,NaN,False,False,False,0.333,0.333,0.667,0.4,0.4,0.8,0.2
Generalization,m104,m104_GenLight_400_2,2,2,14,61,True,False,True,True,5,1,16,2.055,0.171,True,True,False,True,11,0.562,0.216,False,False,True,0.333,0.333,0.667,0.6,0.6,0.8,0.217
Generalization,m104,m104_GenLight_400_2,2,2,15,61,True,True,False,True,6,1,34,0.272,0.238,True,False,True,True,5,2.055,0.171,True,True,True,0.333,0.667,1.0,0.4,0.6,0.8,0.233
Generalization,m104,m104_GenLight_400_2,2,2,16,61,False,False,False,True,9,0,22,NaN,NaN,True,True,False,True,6,0.272,0.238,False,True,True,0.667,1.0,1.0,0.4,0.6,0.8,0.25
Generalization,m104,m104_GenLight_400_2,2,2,17,61,True,True,False,True,7,1,38,0.778,0.137,False,False,False,True,9,NaN,NaN,True,True,True,0.333,0.667,1.0,0.4,0.6,1.0,0.267
Generalization,m104,m104_GenLight_400_2,2,2,18,61,True,True,False,True,8,1,52,1.113,0.239,True,True,False,True,7,0.778,0.137,False,False,True,0.667,0.667,1.0,0.6,0.8,1.0,0.283
Generalization,m104,m104_GenLight_400_2,2,2,19,61,True,True,False,True,1,1,12,5.877,0.2,True,True,False,True,8,1.113,0.239,True,True,True,0.667,0.667,1.0,0.6,0.8,1.0,0.3
Generalization,m104,m104_GenLight_400_2,2,2,20,61,True,True,False,True,4,1,26,6.409,0.171,True,True,False,True,1,5.877,0.2,True,True,True,1.0,1.0,1.0,0.8,0.8,1.0,0.317
Generalization,m104,m104_GenLight_400_2,2,2,21,61,True,True,False,True,5,1,30,0.782,0.197,True,True,False,True,4,6.409,0.171,True,True,True,1.0,1.0,1.0,0.8,0.8,1.0,0.333
Generalization,m104,m104_GenLight_400_2,2,2,22,61,True,False,True,True,5,1,22,1.47,0.166,True,True,False,True,5,0.782,0.197,True,True,True,1.0,1.0,1.0,1.0,1.0,1.0,0.35
Generalization,m104,m104_GenLight_400_2,2,2,23,61,True,True,False,True,10,1,51,2.904,0.198,True,False,True,True,5,1.47,0.166,True,True,True,0.667,1.0,1.0,0.8,1.0,1.0,0.367
Generalization,m104,m104_GenLight_400_2,2,2,24,61,True,True,False,True,8,1,46,1.126,0.175,True,True,False,True,10,2.904,0.198,False,True,True,0.667,1.0,1.0,0.8,1.0,1.0,0.383
Generalization,m104,m104_GenLight_400_2,2,2,25,61,True,True,False,True,2,1,26,1.478,0.16,True,True,False,True,8,1.126,0.175,True,True,True,0.667,1.0,1.0,0.8,1.0,1.0,0.4
Generalization,m104,m104_GenLight_400_2,2,2,26,61,True,True,False,True,6,1,36,1.57,0.266,True,True,False,True,2,1.478,0.16,True,True,True,1.0,1.0,1.0,0.8,1.0,1.0,0.417
Generalization,m104,m104_GenLight_400_2,2,2,27,61,True,True,False,True,7,1,34,1.017,0.16,True,True,False,True,6,1.57,0.266,True,True,True,1.0,1.0,1.0,0.8,1.0,1.0,0.433
Generalization,m104,m104_GenLight_400_2,2,2,28,61,True,True,False,False,0,1,18,0.86,0.26,True,True,False,True,7,1.017,0.16,True,True,True,1.0,1.0,1.0,1.0,1.0,1.0,0.45
Generalization,m104,m104_GenLight_400_2,2,2,29,61,False,False,False,True,1,0,10,NaN,NaN,True,True,False,False,0,0.86,0.26,True,True,True,1.0,1.0,0.667,1.0,1.0,0.8,0.467
Generalization,m104,m104_GenLight_400_2,2,2,30,61,False,False,False,True,3,0,14,NaN,NaN,False,False,False,True,1,NaN,NaN,True,True,False,0.667,0.667,0.667,0.8,0.8,0.8,0.483
Generalization,m104,m104_GenLight_400_2,2,2,31,61,True,True,False,True,1,1,14,8.049,0.168,False,False,False,True,3,NaN,NaN,False,False,True,0.333,0.333,0.667,0.6,0.6,0.8,0.5
Generalization,m104,m104_GenLight_400_2,2,2,32,61,True,True,False,True,3,1,22,1.6,0.232,True,True,False,True,1,8.049,0.168,False,False,True,0.333,0.333,1.0,0.6,0.6,0.8,0.517
Generalization,m104,m104_GenLight_400_2,2,2,33,61,True,True,False,True,4,1,32,1.335,0.159,True,True,False,True,3,1.6,0.232,True,True,True,0.667,0.667,1.0,0.6,0.6,0.8,0.533
Generalization,m104,m104_GenLight_400_2,2,2,34,61,True,True,False,True,3,1,18,0.9,0.181,True,True,False,True,4,1.335,0.159,True,True,True,1.0,1.0,1.0,0.6,0.6,1.0,0.55
Generalization,m104,m104_GenLight_400_2,2,2,35,61,True,True,False,True,1,1,18,4.888,0.157,True,True,False,True,3,0.9,0.181,True,True,True,1.0,1.0,1.0,0.8,0.8,1.0,0.567
Generalization,m104,m104_GenLight_400_2,2,2,36,61,False,False,False,True,1,0,6,NaN,NaN,True,True,False,True,1,4.888,0.157,True,True,True,1.0,1.0,1.0,1.0,1.0,1.0,0.583
Generalization,m104,m104_GenLight_400_2,2,2,37,61,True,True,False,True,1,1,10,0.768,0.226,False,False,False,True,1,NaN,NaN,True,True,True,0.667,0.667,1.0,0.8,0.8,1.0,0.6
Generalization,m104,m104_GenLight_400_2,2,2,38,61,False,False,False,True,3,0,6,NaN,NaN,True,True,False,True,1,0.768,0.226,False,False,True,0.667,0.667,1.0,0.8,0.8,1.0,0.617
Generalization,m104,m104_GenLight_400_2,2,2,39,61,True,True,False,True,4,1,24,2.612,0.234,False,False,False,True,3,NaN,NaN,True,True,True,0.333,0.333,1.0,0.6,0.6,1.0,0.633
Generalization,m104,m104_GenLight_400_2,2,2,40,61,False,False,False,True,10,0,14,NaN,NaN,True,True,False,True,4,2.612,0.234,False,False,True,0.667,0.667,1.0,0.6,0.6,1.0,0.65
Generalization,m104,m104_GenLight_400_2,2,2,41,61,True,True,False,True,2,1,26,3.591,0.202,False,False,False,True,10,NaN,NaN,True,True,True,0.333,0.333,1.0,0.4,0.4,1.0,0.667
Generalization,m104,m104_GenLight_400_2,2,2,42,61,True,True,False,True,3,1,28,1.271,0.182,True,True,False,True,2,3.591,0.202,False,False,True,0.667,0.667,1.0,0.6,0.6,1.0,0.683
Generalization,m104,m104_GenLight_400_2,2,2,43,61,True,True,False,False,0,1,14,3.538,0.242,True,True,False,True,3,1.271,0.182,True,True,True,0.667,0.667,1.0,0.6,0.6,1.0,0.7
Generalization,m104,m104_GenLight_400_2,2,2,44,61,False,False,False,True,4,0,14,NaN,NaN,True,True,False,False,0,3.538,0.242,True,True,True,1.0,1.0,0.667,0.8,0.8,0.8,0.717
Generalization,m104,m104_GenLight_400_2,2,2,45,61,True,True,False,False,0,1,16,0.367,0.144,False,False,False,True,4,NaN,NaN,True,True,False,0.667,0.667,0.667,0.6,0.6,0.8,0.733
Generalization,m104,m104_GenLight_400_2,2,2,46,61,True,True,False,True,2,1,14,1.88,0.179,True,True,False,False,0,0.367,0.144,False,False,True,0.667,0.667,0.333,0.8,0.8,0.6,0.75
Generalization,m104,m104_GenLight_400_2,2,2,47,61,True,True,False,True,2,1,18,2.471,0.228,True,True,False,True,2,1.88,0.179,True,True,False,0.667,0.667,0.667,0.8,0.8,0.6,0.767
Generalization,m104,m104_GenLight_400_2,2,2,48,61,False,False,False,True,1,0,4,NaN,NaN,True,True,False,True,2,2.471,0.228,True,True,True,1.0,1.0,0.667,0.8,0.8,0.6,0.783
Generalization,m104,m104_GenLight_400_2,2,2,49,61,True,True,False,True,1,1,14,5.9,0.201,False,False,False,True,1,NaN,NaN,True,True,True,0.667,0.667,1.0,0.6,0.6,0.8,0.8
Generalization,m104,m104_GenLight_400_2,2,2,50,61,True,True,False,True,3,1,22,0.911,0.173,True,True,False,True,1,5.9,0.201,False,False,True,0.667,0.667,1.0,0.8,0.8,0.8,0.817
Generalization,m104,m104_GenLight_400_2,2,2,51,61,True,True,False,True,6,1,24,3.798,0.138,True,True,False,True,3,0.911,0.173,True,True,True,0.667,0.667,1.0,0.8,0.8,1.0,0.833
Generalization,m104,m104_GenLight_400_2,2,2,52,61,True,True,False,True,1,1,22,0.613,0.058,True,True,False,True,6,3.798,0.138,True,True,True,1.0,1.0,1.0,0.8,0.8,1.0,0.85
Generalization,m104,m104_GenLight_400_2,2,2,53,61,False,False,False,True,6,0,10,NaN,NaN,True,True,False,True,1,0.613,0.058,True,True,True,1.0,1.0,1.0,0.8,0.8,1.0,0.867
Generalization,m104,m104_GenLight_400_2,2,2,54,61,True,True,False,True,7,1,28,0.449,0.457,False,False,False,True,6,NaN,NaN,True,True,True,0.667,0.667,1.0,0.8,0.8,1.0,0.883
Generalization,m104,m104_GenLight_400_2,2,2,55,61,False,False,False,True,2,0,0,NaN,NaN,True,True,False,True,7,0.449,0.457,False,False,True,0.667,0.667,1.0,0.8,0.8,1.0,0.9
Generalization,m104,m104_GenLight_400_2,2,2,56,61,True,False,True,True,3,1,8,2.017,0.283,False,False,False,True,2,NaN,NaN,True,True,True,0.333,0.333,1.0,0.6,0.6,1.0,0.917
Generalization,m104,m104_GenLight_400_2,2,2,57,61,False,False,False,True,1,0,4,NaN,NaN,True,False,True,True,3,2.017,0.283,False,False,True,0.333,0.667,1.0,0.4,0.6,1.0,0.933
Generalization,m104,m104_GenLight_400_2,2,2,58,61,True,False,True,True,1,1,4,7.021,14.834,False,False,False,True,1,NaN,NaN,False,True,True,0.0,0.333,1.0,0.2,0.4,1.0,0.95
Generalization,m104,m104_GenLight_400_2,2,2,59,61,False,False,False,True,1,0,4,NaN,NaN,True,False,True,True,1,7.021,14.834,False,False,True,0.0,0.667,1.0,0.2,0.6,1.0,0.967
Generalization,m104,m104_GenLight_400_2,2,2,60,61,True,False,True,False,0,1,0,2.369,NaN,False,False,False,True,1,NaN,NaN,False,True,True,0.0,0.333,1.0,0.0,0.4,1.0,0.983
Generalization,m104,m104_GenLight_400_2,2,2,61,61,False,False,False,False,0,0,0,NaN,NaN,True,False,True,False,0,2.369,NaN,False,False,True,0.0,0.667,0.667,0.0,0.6,0.8,1.0
Generalization,m104,m104_GenLight_400_2,3,3,1,61,False,False,False,True,1,0,6,NaN,NaN,,,,,,NaN,NaN,,,,NaN,NaN,NaN,NaN,NaN,NaN,0.0
Generalization,m104,m104_GenLight_400_2,3,3,2,61,False,False,False,True,2,0,0,NaN,NaN,False,False,False,True,1,NaN,NaN,,,,0.0,0.0,1.0,0.0,0.0,1.0,0.017
Generalization,m104,m104_GenLight_400_2,3,3,3,61,False,False,False,True,1,0,6,NaN,NaN,False,False,False,True,2,NaN,NaN,False,False,True,0.0,0.0,1.0,0.0,0.0,1.0,0.033
Generalization,m104,m104_GenLight_400_2,3,3,4,61,False,False,False,True,1,0,6,NaN,NaN,False,False,False,True,1,NaN,NaN,False,False,True,0.0,0.0,1.0,0.0,0.0,1.0,0.05
Generalization,m104,m104_GenLight_400_2,3,3,5,61,False,False,False,True,3,0,6,NaN,NaN,False,False,False,True,1,NaN,NaN,False,False,True,0.0,0.0,1.0,0.0,0.0,1.0,0.067
Generalization,m104,m104_GenLight_400_2,3,3,6,61,True,True,False,True,8,1,54,2.308,0.237,False,False,False,True,3,NaN,NaN,False,False,True,0.0,0.0,1.0,0.0,0.0,1.0,0.083
Generalization,m104,m104_GenLight_400_2,3,3,7,61,True,True,False,True,1,1,18,3.504,0.179,True,True,False,True,8,2.308,0.237,False,False,True,0.333,0.333,1.0,0.2,0.2,1.0,0.1
Generalization,m104,m104_GenLight_400_2,3,3,8,61,False,False,False,True,2,0,4,NaN,NaN,True,True,False,True,1,3.504,0.179,True,True,True,0.667,0.667,1.0,0.4,0.4,1.0,0.117
Generalization,m104,m104_GenLight_400_2,3,3,9,61,True,True,False,True,4,1,48,0.827,0.211,False,False,False,True,2,NaN,NaN,True,True,True,0.667,0.667,1.0,0.4,0.4,1.0,0.133
Generalization,m104,m104_GenLight_400_2,3,3,10,61,True,True,False,True,1,1,28,5.462,0.284,True,True,False,True,4,0.827,0.211,False,False,True,0.667,0.667,1.0,0.6,0.6,1.0,0.15
Generalization,m104,m104_GenLight_400_2,3,3,11,61,True,True,False,True,2,1,8,5.817,0.168,True,True,False,True,1,5.462,0.284,True,True,True,0.667,0.667,1.0,0.8,0.8,1.0,0.167
Generalization,m104,m104_GenLight_400_2,3,3,12,61,False,False,False,True,2,0,12,NaN,NaN,True,True,False,True,2,5.817,0.168,True,True,True,1.0,1.0,1.0,0.8,0.8,1.0,0.183
Generalization,m104,m104_GenLight_400_2,3,3,13,61,True,True,False,True,8,1,38,0.936,0.121,False,False,False,True,2,NaN,NaN,True,True,True,0.667,0.667,1.0,0.6,0.6,1.0,0.2
Generalization,m104,m104_GenLight_400_2,3,3,14,61,True,True,False,False,0,1,10,0.907,0.157,True,True,False,True,8,0.936,0.121,False,False,True,0.667,0.667,1.0,0.8,0.8,1.0,0.217
Generalization,m104,m104_GenLight_400_2,3,3,15,61,True,True,False,True,6,1,28,2.45,0.327,True,True,False,False,0,0.907,0.157,True,True,True,0.667,0.667,0.667,0.8,0.8,0.8,0.233
Generalization,m104,m104_GenLight_400_2,3,3,16,61,True,True,False,False,0,1,20,1.178,0.197,True,True,False,True,6,2.45,0.327,True,True,False,1.0,1.0,0.667,0.8,0.8,0.8,0.25
Generalization,m104,m104_GenLight_400_2,3,3,17,61,False,False,False,False,0,0,0,NaN,NaN,True,True,False,False,0,1.178,0.197,True,True,True,1.0,1.0,0.333,0.8,0.8,0.6,0.267
Generalization,m104,m104_GenLight_400_2,3,3,18,61,False,False,False,True,1,0,0,NaN,NaN,False,False,False,False,0,NaN,NaN,True,True,False,0.667,0.667,0.333,0.8,0.8,0.4,0.283
Generalization,m104,m104_GenLight_400_2,3,3,19,61,False,False,False,True,3,0,6,NaN,NaN,False,False,False,True,1,NaN,NaN,False,False,False,0.333,0.333,0.333,0.6,0.6,0.4,0.3
Generalization,m104,m104_GenLight_400_2,3,3,20,61,False,False,False,False,0,0,0,NaN,NaN,False,False,False,True,3,NaN,NaN,False,False,True,0.0,0.0,0.667,0.4,0.4,0.6,0.317
Generalization,m104,m104_GenLight_400_2,3,3,21,61,False,False,False,True,1,0,2,NaN,NaN,False,False,False,False,0,NaN,NaN,False,False,True,0.0,0.0,0.667,0.2,0.2,0.4,0.333
Generalization,m104,m104_GenLight_400_2,3,3,22,61,True,True,False,False,0,1,6,4.193,0.31,False,False,False,True,1,NaN,NaN,False,False,False,0.0,0.0,0.667,0.0,0.0,0.6,0.35
Generalization,m104,m104_GenLight_400_2,3,3,23,61,True,True,False,False,0,1,14,7.472,0.214,True,True,False,False,0,4.193,0.31,False,False,True,0.333,0.333,0.333,0.2,0.2,0.6,0.367
Generalization,m104,m104_GenLight_400_2,3,3,24,61,False,False,False,False,0,0,0,NaN,NaN,True,True,False,False,0,7.472,0.214,True,True,False,0.667,0.667,0.333,0.4,0.4,0.4,0.383
Generalization,m104,m104_GenLight_400_2,3,3,25,61,False,False,False,True,1,0,4,NaN,NaN,False,False,False,False,0,NaN,NaN,True,True,False,0.667,0.667,0.0,0.4,0.4,0.2,0.4
Generalization,m104,m104_GenLight_400_2,3,3,26,61,True,True,False,True,3,1,4,6.614,0.222,False,False,False,True,1,NaN,NaN,False,False,False,0.333,0.333,0.333,0.4,0.4,0.4,0.417
Generalization,m104,m104_GenLight_400_2,3,3,27,61,True,True,False,True,1,1,16,0.586,0.126,True,True,False,True,3,6.614,0.222,False,False,True,0.333,0.333,0.667,0.6,0.6,0.4,0.433
Generalization,m104,m104_GenLight_400_2,3,3,28,61,True,True,False,True,2,1,18,2.114,0.347,True,True,False,True,1,0.586,0.126,True,True,True,0.667,0.667,1.0,0.6,0.6,0.6,0.45
Generalization,m104,m104_GenLight_400_2,3,3,29,61,True,True,False,True,2,1,14,6.417,0.255,True,True,False,True,2,2.114,0.347,True,True,True,1.0,1.0,1.0,0.6,0.6,0.8,0.467
Generalization,m104,m104_GenLight_400_2,3,3,30,61,True,True,False,True,4,1,12,6.987,0.112,True,True,False,True,2,6.417,0.255,True,True,True,1.0,1.0,1.0,0.8,0.8,1.0,0.483
Generalization,m104,m104_GenLight_400_2,3,3,31,61,False,False,False,True,1,0,4,NaN,NaN,True,True,False,True,4,6.987,0.112,True,True,True,1.0,1.0,1.0,1.0,1.0,1.0,0.5
Generalization,m104,m104_GenLight_400_2,3,3,32,61,False,False,False,False,0,0,0,NaN,NaN,False,False,False,True,1,NaN,NaN,True,True,True,0.667,0.667,1.0,0.8,0.8,1.0,0.517
Generalization,m104,m104_GenLight_400_2,3,3,33,61,True,True,False,True,1,1,10,0.437,0.27,False,False,False,False,0,NaN,NaN,False,False,True,0.333,0.333,0.667,0.6,0.6,0.8,0.533
Generalization,m104,m104_GenLight_400_2,3,3,34,61,True,True,False,True,1,1,4,3.32,0.483,True,True,False,True,1,0.437,0.27,False,False,False,0.333,0.333,0.667,0.6,0.6,0.8,0.55
Generalization,m104,m104_GenLight_400_2,3,3,35,61,False,False,False,True,3,0,2,NaN,NaN,True,True,False,True,1,3.32,0.483,True,True,True,0.667,0.667,0.667,0.6,0.6,0.8,0.567
Generalization,m104,m104_GenLight_400_2,3,3,36,61,True,True,False,True,1,1,6,1.558,0.254,False,False,False,True,3,NaN,NaN,True,True,True,0.667,0.667,1.0,0.4,0.4,0.8,0.583
Generalization,m104,m104_GenLight_400_2,3,3,37,61,True,True,False,True,1,1,14,0.575,0.267,True,True,False,True,1,1.558,0.254,False,False,True,0.667,0.667,1.0,0.6,0.6,0.8,0.6
Generalization,m104,m104_GenLight_400_2,3,3,38,61,True,True,False,True,1,1,16,0.713,0.191,True,True,False,True,1,0.575,0.267,True,True,True,0.667,0.667,1.0,0.8,0.8,1.0,0.617
Generalization,m104,m104_GenLight_400_2,3,3,39,61,True,True,False,True,1,1,14,0.454,0.215,True,True,False,True,1,0.713,0.191,True,True,True,1.0,1.0,1.0,0.8,0.8,1.0,0.633
Generalization,m104,m104_GenLight_400_2,3,3,40,61,True,True,False,False,0,1,6,3.319,0.217,True,True,False,True,1,0.454,0.215,True,True,True,1.0,1.0,1.0,0.8,0.8,1.0,0.65
Generalization,m104,m104_GenLight_400_2,3,3,41,61,True,True,False,True,1,1,12,2.367,0.256,True,True,False,False,0,3.319,0.217,True,True,True,1.0,1.0,0.667,1.0,1.0,0.8,0.667
Generalization,m104,m104_GenLight_400_2,3,3,42,61,False,False,False,False,0,0,0,NaN,NaN,True,True,False,True,1,2.367,0.256,True,True,False,1.0,1.0,0.667,1.0,1.0,0.8,0.683
Generalization,m104,m104_GenLight_400_2,3,3,43,61,True,False,True,False,0,1,0,5.013,NaN,False,False,False,False,0,NaN,NaN,True,True,True,0.667,0.667,0.333,0.8,0.8,0.6,0.7
Generalization,m104,m104_GenLight_400_2,3,3,44,61,False,False,False,False,0,0,0,NaN,NaN,True,False,True,False,0,5.013,NaN,False,False,False,0.333,0.667,0.333,0.6,0.8,0.4,0.717
Generalization,m104,m104_GenLight_400_2,3,3,45,61,True,True,False,True,1,1,16,0.092,0.688,False,False,False,False,0,NaN,NaN,False,True,False,0.0,0.333,0.0,0.4,0.6,0.2,0.733
Generalization,m104,m104_GenLight_400_2,3,3,46,61,False,False,False,False,0,0,0,NaN,NaN,True,True,False,True,1,0.092,0.688,False,False,False,0.333,0.667,0.333,0.4,0.6,0.4,0.75
Generalization,m104,m104_GenLight_400_2,3,3,47,61,True,True,False,False,0,1,12,5.026,0.229,False,False,False,False,0,NaN,NaN,True,True,True,0.333,0.333,0.333,0.2,0.4,0.2,0.767
Generalization,m104,m104_GenLight_400_2,3,3,48,61,False,False,False,False,0,0,0,NaN,NaN,True,True,False,False,0,5.026,0.229,False,False,False,0.667,0.667,0.333,0.4,0.6,0.2,0.783
Generalization,m104,m104_GenLight_400_2,3,3,49,61,False,False,False,True,1,0,4,NaN,NaN,False,False,False,False,0,NaN,NaN,True,True,False,0.333,0.333,0.0,0.4,0.4,0.2,0.8
Generalization,m104,m104_GenLight_400_2,3,3,50,61,True,True,False,False,0,1,4,1.596,0.364,False,False,False,True,1,NaN,NaN,False,False,False,0.333,0.333,0.333,0.4,0.4,0.4,0.817
Generalization,m104,m104_GenLight_400_2,3,3,51,61,False,False,False,False,0,0,0,NaN,NaN,True,True,False,False,0,1.596,0.364,False,False,True,0.333,0.333,0.333,0.4,0.4,0.2,0.833
Generalization,m104,m104_GenLight_400_2,3,3,52,61,True,True,False,False,0,1,8,0.664,0.257,False,False,False,False,0,NaN,NaN,True,True,False,0.333,0.333,0.333,0.4,0.4,0.2,0.85
Generalization,m104,m104_GenLight_400_2,3,3,53,61,False,False,False,True,1,0,2,NaN,NaN,True,True,False,False,0,0.664,0.257,False,False,False,0.667,0.667,0.0,0.4,0.4,0.2,0.867
Generalization,m104,m104_GenLight_400_2,3,3,54,61,False,False,False,False,0,0,0,NaN,NaN,False,False,False,True,1,NaN,NaN,True,True,False,0.333,0.333,0.333,0.4,0.4,0.4,0.883
Generalization,m104,m104_GenLight_400_2,3,3,55,61,False,False,False,True,1,0,0,NaN,NaN,False,False,False,False,0,NaN,NaN,False,False,True,0.333,0.333,0.333,0.4,0.4,0.2,0.9
Generalization,m104,m104_GenLight_400_2,3,3,56,61,False,False,False,False,0,0,0,NaN,NaN,False,False,False,True,1,NaN,NaN,False,False,False,0.0,0.0,0.667,0.2,0.2,0.4,0.917
Generalization,m104,m104_GenLight_400_2,3,3,57,61,False,False,False,False,0,0,0,NaN,NaN,False,False,False,False,0,NaN,NaN,False,False,True,0.0,0.0,0.333,0.2,0.2,0.4,0.933
Generalization,m104,m104_GenLight_400_2,3,3,58,61,True,False,True,True,1,1,6,6.577,0.29,False,False,False,False,0,NaN,NaN,False,False,False,0.0,0.0,0.333,0.0,0.0,0.4,0.95
Generalization,m104,m104_GenLight_400_2,3,3,59,61,False,False,False,False,0,0,0,NaN,NaN,True,False,True,True,1,6.577,0.29,False,False,False,0.0,0.333,0.333,0.0,0.2,0.4,0.967
Generalization,m104,m104_GenLight_400_2,3,3,60,61,False,False,False,True,1,0,0,NaN,NaN,False,False,False,False,0,NaN,NaN,False,True,True,0.0,0.333,0.333,0.0,0.2,0.4,0.983
Generalization,m104,m104_GenLight_400_2,3,3,61,61,False,False,False,False,0,0,0,NaN,NaN,False,False,False,True,1,NaN,NaN,False,False,False,0.0,0.333,0.667,0.0,0.2,0.4,1.0
Generalization,m104,m104_GenLight_400_2,4,4,1,61,True,True,False,True,14,1,32,1.003,0.002,,,,,,NaN,NaN,,,,NaN,NaN,NaN,NaN,NaN,NaN,0.0
Generalization,m104,m104_GenLight_400_2,4,4,2,61,True,True,False,True,2,1,28,3.686,0.175,True,True,False,True,14,1.003,0.002,,,,1.0,1.0,1.0,1.0,1.0,1.0,0.017
Generalization,m104,m104_GenLight_400_2,4,4,3,61,True,True,False,True,7,1,28,1.12,0.062,True,True,False,True,2,3.686,0.175,True,True,True,1.0,1.0,1.0,1.0,1.0,1.0,0.033
Generalization,m104,m104_GenLight_400_2,4,4,4,61,True,True,False,True,8,1,38,4.11,0.082,True,True,False,True,7,1.12,0.062,True,True,True,1.0,1.0,1.0,1.0,1.0,1.0,0.05
Generalization,m104,m104_GenLight_400_2,4,4,5,61,False,False,False,True,8,0,30,NaN,NaN,True,True,False,True,8,4.11,0.082,True,True,True,1.0,1.0,1.0,1.0,1.0,1.0,0.067
Generalization,m104,m104_GenLight_400_2,4,4,6,61,True,True,False,True,3,1,16,0.911,0.353,False,False,False,True,8,NaN,NaN,True,True,True,0.667,0.667,1.0,0.8,0.8,1.0,0.083
Generalization,m104,m104_GenLight_400_2,4,4,7,61,True,True,False,True,5,1,28,3.283,0.129,True,True,False,True,3,0.911,0.353,False,False,True,0.667,0.667,1.0,0.8,0.8,1.0,0.1
Generalization,m104,m104_GenLight_400_2,4,4,8,61,True,True,False,True,6,1,36,6.559,2.075,True,True,False,True,5,3.283,0.129,True,True,True,0.667,0.667,1.0,0.8,0.8,1.0,0.117
Generalization,m104,m104_GenLight_400_2,4,4,9,61,True,True,False,False,0,1,12,0.678,0.144,True,True,False,True,6,6.559,2.075,True,True,True,1.0,1.0,1.0,0.8,0.8,1.0,0.133
Generalization,m104,m104_GenLight_400_2,4,4,10,61,False,False,False,True,1,0,8,NaN,NaN,True,True,False,False,0,0.678,0.144,True,True,True,1.0,1.0,0.667,0.8,0.8,0.8,0.15
Generalization,m104,m104_GenLight_400_2,4,4,11,61,True,True,False,False,0,1,16,1.846,0.077,False,False,False,True,1,NaN,NaN,True,True,False,0.667,0.667,0.667,0.8,0.8,0.8,0.167
Generalization,m104,m104_GenLight_400_2,4,4,12,61,True,True,False,False,0,1,8,4.376,0.118,True,True,False,False,0,1.846,0.077,False,False,True,0.667,0.667,0.333,0.8,0.8,0.6,0.183
Generalization,m104,m104_GenLight_400_2,4,4,13,61,True,False,True,True,9,1,32,2.696,0.15,True,True,False,False,0,4.376,0.118,True,True,False,0.667,0.667,0.333,0.8,0.8,0.4,0.2
Generalization,m104,m104_GenLight_400_2,4,4,14,61,True,True,False,True,3,1,14,0.625,0.148,True,False,True,True,9,2.696,0.15,True,True,False,0.667,1.0,0.333,0.6,0.8,0.4,0.217
Generalization,m104,m104_GenLight_400_2,4,4,15,61,True,True,False,False,0,1,12,0.876,0.137,True,True,False,True,3,0.625,0.148,False,True,True,0.667,1.0,0.667,0.6,0.8,0.6,0.233
Generalization,m104,m104_GenLight_400_2,4,4,16,61,False,False,False,True,2,0,10,NaN,NaN,True,True,False,False,0,0.876,0.137,True,True,True,0.667,1.0,0.667,0.8,1.0,0.4,0.25
Generalization,m104,m104_GenLight_400_2,4,4,17,61,True,True,False,True,8,1,22,1.58,0.182,False,False,False,True,2,NaN,NaN,True,True,False,0.667,0.667,0.667,0.6,0.8,0.6,0.267
Generalization,m104,m104_GenLight_400_2,4,4,18,61,True,True,False,True,4,1,16,2.899,0.006,True,True,False,True,8,1.58,0.182,False,False,True,0.667,0.667,0.667,0.6,0.8,0.8,0.283
Generalization,m104,m104_GenLight_400_2,4,4,19,61,True,True,False,False,0,1,12,5.53,0.172,True,True,False,True,4,2.899,0.006,True,True,True,0.667,0.667,1.0,0.8,0.8,0.8,0.3
Generalization,m104,m104_GenLight_400_2,4,4,20,61,False,False,False,True,1,0,4,NaN,NaN,True,True,False,False,0,5.53,0.172,True,True,True,1.0,1.0,0.667,0.8,0.8,0.6,0.317
Generalization,m104,m104_GenLight_400_2,4,4,21,61,False,False,False,False,0,0,0,NaN,NaN,False,False,False,True,1,NaN,NaN,True,True,False,0.667,0.667,0.667,0.6,0.6,0.8,0.333
Generalization,m104,m104_GenLight_400_2,4,4,22,61,True,True,False,True,5,1,26,3.827,0.143,False,False,False,False,0,NaN,NaN,False,False,True,0.333,0.333,0.333,0.6,0.6,0.6,0.35
Generalization,m104,m104_GenLight_400_2,4,4,23,61,False,False,False,True,3,0,6,NaN,NaN,True,True,False,True,5,3.827,0.143,False,False,False,0.333,0.333,0.667,0.6,0.6,0.6,0.367
Generalization,m104,m104_GenLight_400_2,4,4,24,61,True,True,False,True,4,2,24,3.8,0.189,False,False,False,True,3,NaN,NaN,True,True,True,0.333,0.333,0.667,0.4,0.4,0.6,0.383
Generalization,m104,m104_GenLight_400_2,4,4,25,61,True,True,False,True,4,1,24,6.997,0.049,True,True,False,True,4,3.8,0.189,False,False,True,0.667,0.667,1.0,0.4,0.4,0.8,0.4
Generalization,m104,m104_GenLight_400_2,4,4,26,61,True,True,False,True,1,3,8,4.69,0.19,True,True,False,True,4,6.997,0.049,True,True,True,0.667,0.667,1.0,0.6,0.6,0.8,0.417
Generalization,m104,m104_GenLight_400_2,4,4,27,61,True,True,False,True,3,2,18,6.511,0.097,True,True,False,True,1,4.69,0.19,True,True,True,1.0,1.0,1.0,0.8,0.8,1.0,0.433
Generalization,m104,m104_GenLight_400_2,4,4,28,61,True,True,False,True,5,1,22,5.392,0.041,True,True,False,True,3,6.511,0.097,True,True,True,1.0,1.0,1.0,0.8,0.8,1.0,0.45
Generalization,m104,m104_GenLight_400_2,4,4,29,61,True,True,False,True,5,1,16,1.34,0.009,True,True,False,True,5,5.392,0.041,True,True,True,1.0,1.0,1.0,1.0,1.0,1.0,0.467
Generalization,m104,m104_GenLight_400_2,4,4,30,61,False,False,False,True,4,0,6,NaN,NaN,True,True,False,True,5,1.34,0.009,True,True,True,1.0,1.0,1.0,1.0,1.0,1.0,0.483
Generalization,m104,m104_GenLight_400_2,4,4,31,61,False,False,False,True,1,0,6,NaN,NaN,False,False,False,True,4,NaN,NaN,True,True,True,0.667,0.667,1.0,0.8,0.8,1.0,0.5
Generalization,m104,m104_GenLight_400_2,4,4,32,61,False,False,False,True,17,0,18,NaN,NaN,False,False,False,True,1,NaN,NaN,False,False,True,0.333,0.333,1.0,0.6,0.6,1.0,0.517
Generalization,m104,m104_GenLight_400_2,4,4,33,61,False,False,False,True,2,0,6,NaN,NaN,False,False,False,True,17,NaN,NaN,False,False,True,0.0,0.0,1.0,0.4,0.4,1.0,0.533
Generalization,m104,m104_GenLight_400_2,4,4,34,61,True,True,False,True,5,1,24,0.624,0.039,False,False,False,True,2,NaN,NaN,False,False,True,0.0,0.0,1.0,0.2,0.2,1.0,0.55
Generalization,m104,m104_GenLight_400_2,4,4,35,61,True,True,False,True,3,1,14,7.041,0.151,True,True,False,True,5,0.624,0.039,False,False,True,0.333,0.333,1.0,0.2,0.2,1.0,0.567
Generalization,m104,m104_GenLight_400_2,4,4,36,61,True,False,True,True,3,1,8,1.084,0.189,True,True,False,True,3,7.041,0.151,True,True,True,0.667,0.667,1.0,0.4,0.4,1.0,0.583
Generalization,m104,m104_GenLight_400_2,4,4,37,61,False,False,False,True,2,0,4,NaN,NaN,True,False,True,True,3,1.084,0.189,True,True,True,0.667,1.0,1.0,0.4,0.6,1.0,0.6
Generalization,m104,m104_GenLight_400_2,4,4,38,61,True,True,False,False,0,1,10,1.949,0.13,False,False,False,True,2,NaN,NaN,False,True,True,0.333,0.667,1.0,0.4,0.6,1.0,0.617
Generalization,m104,m104_GenLight_400_2,4,4,39,61,False,False,False,True,1,0,4,NaN,NaN,True,True,False,False,0,1.949,0.13,False,False,True,0.333,0.667,0.667,0.6,0.8,0.8,0.633
Generalization,m104,m104_GenLight_400_2,4,4,40,61,True,True,False,True,10,1,26,2.617,0.106,False,False,False,True,1,NaN,NaN,True,True,False,0.333,0.333,0.667,0.4,0.6,0.8,0.65
Generalization,m104,m104_GenLight_400_2,4,4,41,61,True,True,False,True,8,1,18,0.839,0.403,True,True,False,True,10,2.617,0.106,False,False,True,0.667,0.667,0.667,0.4,0.6,0.8,0.667
Generalization,m104,m104_GenLight_400_2,4,4,42,61,False,False,False,True,3,0,2,NaN,NaN,True,True,False,True,8,0.839,0.403,True,True,True,0.667,0.667,1.0,0.6,0.6,0.8,0.683
Generalization,m104,m104_GenLight_400_2,4,4,43,61,False,False,False,True,4,0,10,NaN,NaN,False,False,False,True,3,NaN,NaN,True,True,True,0.667,0.667,1.0,0.6,0.6,0.8,0.7
Generalization,m104,m104_GenLight_400_2,4,4,44,61,False,False,False,True,3,0,2,NaN,NaN,False,False,False,True,4,NaN,NaN,False,False,True,0.333,0.333,1.0,0.4,0.4,1.0,0.717
Generalization,m104,m104_GenLight_400_2,4,4,45,61,True,True,False,False,0,1,8,2.4,0.133,False,False,False,True,3,NaN,NaN,False,False,True,0.0,0.0,1.0,0.4,0.4,1.0,0.733
Generalization,m104,m104_GenLight_400_2,4,4,46,61,True,False,True,True,1,2,6,3.551,26.209,True,True,False,False,0,2.4,0.133,False,False,True,0.333,0.333,0.667,0.4,0.4,0.8,0.75
Generalization,m104,m104_GenLight_400_2,4,4,47,61,True,True,False,False,0,1,8,1.055,0.144,True,False,True,True,1,3.551,26.209,True,True,False,0.333,0.667,0.667,0.2,0.4,0.8,0.767
Generalization,m104,m104_GenLight_400_2,4,4,48,61,False,False,False,True,1,0,6,NaN,NaN,True,True,False,False,0,1.055,0.144,False,True,True,0.667,1.0,0.333,0.4,0.6,0.6,0.783
Generalization,m104,m104_GenLight_400_2,4,4,49,61,True,True,False,True,2,1,4,0.945,0.195,False,False,False,True,1,NaN,NaN,True,True,False,0.333,0.667,0.667,0.4,0.6,0.6,0.8
Generalization,m104,m104_GenLight_400_2,4,4,50,61,False,False,False,True,1,0,0,NaN,NaN,True,True,False,True,2,0.945,0.195,False,False,True,0.667,0.667,0.667,0.6,0.8,0.6,0.817
Generalization,m104,m104_GenLight_400_2,4,4,51,61,True,True,False,True,2,1,10,1.206,0.197,False,False,False,True,1,NaN,NaN,True,True,True,0.333,0.333,1.0,0.4,0.6,0.8,0.833
Generalization,m104,m104_GenLight_400_2,4,4,52,61,True,False,True,True,1,1,4,2.041,0.224,True,True,False,True,2,1.206,0.197,False,False,True,0.667,0.667,1.0,0.6,0.6,0.8,0.85
Generalization,m104,m104_GenLight_400_2,4,4,53,61,True,True,False,False,0,1,6,2.821,0.147,True,False,True,True,1,2.041,0.224,True,True,True,0.333,0.667,1.0,0.4,0.6,1.0,0.867
Generalization,m104,m104_GenLight_400_2,4,4,54,61,True,True,False,True,3,1,6,2.33,0.137,True,True,False,False,0,2.821,0.147,False,True,True,0.667,1.0,0.667,0.6,0.8,0.8,0.883
Generalization,m104,m104_GenLight_400_2,4,4,55,61,True,False,True,False,0,1,8,5.42,0.111,True,True,False,True,3,2.33,0.137,True,True,False,0.667,1.0,0.667,0.6,0.8,0.8,0.9
Generalization,m104,m104_GenLight_400_2,4,4,56,61,True,True,False,True,5,1,4,6.567,0.176,True,False,True,False,0,5.42,0.111,True,True,True,0.667,1.0,0.333,0.6,1.0,0.6,0.917
Generalization,m104,m104_GenLight_400_2,4,4,57,61,True,True,False,True,2,1,14,0.425,0.147,True,True,False,True,5,6.567,0.176,False,True,False,0.667,1.0,0.667,0.6,1.0,0.6,0.933
Generalization,m104,m104_GenLight_400_2,4,4,58,61,True,True,False,True,1,1,14,1.979,0.21,True,True,False,True,2,0.425,0.147,True,True,True,0.667,1.0,0.667,0.8,1.0,0.6,0.95
Generalization,m104,m104_GenLight_400_2,4,4,59,61,True,True,False,True,2,1,8,0.503,0.15,True,True,False,True,1,1.979,0.21,True,True,True,1.0,1.0,1.0,0.8,1.0,0.8,0.967
Generalization,m104,m104_GenLight_400_2,4,4,60,61,False,False,False,False,0,0,0,NaN,NaN,True,True,False,True,2,0.503,0.15,True,True,True,1.0,1.0,1.0,0.8,1.0,0.8,0.983
Generalization,m104,m104_GenLight_400_2,4,4,61,61,False,False,False,False,0,0,0,NaN,NaN,False,False,False,False,0,NaN,NaN,True,True,True,0.667,0.667,0.667,0.8,0.8,0.8,1.0
